image_id,filename,source,is_synthetic,group_id,split,num_boxes,classes_present,relative_image_path,relative_label_path,image_sha256,label_sha256,phash
syn_syn_000000,syn_syn_000000.jpg,mendeley_synthetic,True,syn_grp_0086,train,6,"[0, 1, 4, 5, 6, 9]",images/synthetic/syn_syn_000000.jpg,labels/synthetic/syn_syn_000000.txt,e3b82d71cdf9322fe76e37456fa550cfd21321987628d3f91dd8dec4ddca2c2c,dd3eda390eed9c6509cb38604a80be1eb40db80c2e90e9ec7aa2863561d9570e,1767630b03070d00
syn_syn_000002,syn_syn_000002.jpg,mendeley_synthetic,True,syn_grp_0087,train,1,[4],images/synthetic/syn_syn_000002.jpg,labels/synthetic/syn_syn_000002.txt,82428c6205b050df92f4014a28b85ad4649c8d0d154a35ceea54cdf849b72086,4052bfa5e7a89f9ac42fdc8286ecaf4111c048a868f2e4b820b00f4a24a91988,c3c763331309fd64
syn_syn_000003,syn_syn_000003.jpg,mendeley_synthetic,True,syn_grp_0088,train,3,"[1, 2, 6]",images/synthetic/syn_syn_000003.jpg,labels/synthetic/syn_syn_000003.txt,e3be3bb319aa63b909479946d555749ba94d3eafd5b2380d8151943fd9899371,f1398695c2036721a0a8b0e77cbd2f844d42e7a0c5cb1c069664a26099726a81,7fff3f27000e66a0
syn_syn_000004,syn_syn_000004.jpg,mendeley_synthetic,True,syn_grp_0089,train,4,"[0, 1, 3, 9]",images/synthetic/syn_syn_000004.jpg,labels/synthetic/syn_syn_000004.txt,8a14bd209fc78725485448705eb483a63c9261a872502b5ac1bb78bc0c3a6708,2181a7fd9c3b3ad903da5d292a4efa0f517b6ab6951da314998059d34e797fda,07030121114f7fff
syn_syn_000005,syn_syn_000005.jpg,mendeley_synthetic,True,syn_grp_0090,train,2,[3],images/synthetic/syn_syn_000005.jpg,labels/synthetic/syn_syn_000005.txt,ad307792dfd03eeb6985ad8e5bc23ce988164068c13c9a29edee437c73c13023,3fbd21b23d377d3edb668e5ce8f2e53d60bb337f503e7f6410e9429dfef9ca75,070313230291c3c7
syn_syn_000006,syn_syn_000006.jpg,mendeley_synthetic,True,syn_grp_0091,train,1,[0],images/synthetic/syn_syn_000006.jpg,labels/synthetic/syn_syn_000006.txt,863afe01f01be07446d28ed4d6b8d6a0fc425a649fe710cf1710b8e4f72df475,84bd1c632b50a9679c9754d732868fcf3b2173c9ca8e773277448983d88921fb,0383f71f0d0f0f0e
syn_syn_000007,syn_syn_000007.jpg,mendeley_synthetic,True,syn_grp_0092,train,6,"[1, 2, 7, 9]",images/synthetic/syn_syn_000007.jpg,labels/synthetic/syn_syn_000007.txt,4a81d55e094715b109a366a580211ab996be8ff4d744d5adcbac3680d847b8c2,2daef69f3480f91e9c1bcd301809ee38966f61e73e7f06d1fa07408ab22b1d06,7f3b02323c1c5867
syn_syn_000008,syn_syn_000008.jpg,mendeley_synthetic,True,syn_grp_0093,train,3,"[1, 4, 6]",images/synthetic/syn_syn_000008.jpg,labels/synthetic/syn_syn_000008.txt,e884983a545dc7c784b98f9cf47077661613a3043b455d160b8df675fdf53c69,b5b6a2a39955932aee953b7eb08a3a1afd251647eba9f7b549631499058af028,0f0f0f0f47071f1f
syn_syn_000011,syn_syn_000011.jpg,mendeley_synthetic,True,syn_grp_0094,train,5,"[3, 5, 9]",images/synthetic/syn_syn_000011.jpg,labels/synthetic/syn_syn_000011.txt,b86bf4c117ec3cd59d0f4d84d551529ac54491f880e3624e1314839d950b703e,23b1d008155986f8cf565e77ed835ac8db003f4ec8c0773f0879b2dacf224eae,2f7f301838303000
syn_syn_000012,syn_syn_000012.jpg,mendeley_synthetic,True,syn_grp_0095,train,2,"[3, 4]",images/synthetic/syn_syn_000012.jpg,labels/synthetic/syn_syn_000012.txt,6d15903c8e0d639e0e0d6b06b4ca1546fc985e80043994b6c4dd244534bf1e5e,f8daa802702773b837b17f1441dc07b506611884b952b0bb8698d17094ad32ca,ffef8785c1200000
syn_syn_000014,syn_syn_000014.jpg,mendeley_synthetic,True,syn_grp_0096,train,1,[9],images/synthetic/syn_syn_000014.jpg,labels/synthetic/syn_syn_000014.txt,c1c26091436821372264df15673d051b2b540ed3f9bf332ff1c804e388756b90,259e0a8bfeb6205cec6e8085da1c16cc6e137f7cc132cf569a145d35f6e873c2,7fff7171f9e7a706
syn_syn_000016,syn_syn_000016.jpg,mendeley_synthetic,True,syn_grp_0097,train,6,"[0, 2, 4, 5, 9]",images/synthetic/syn_syn_000016.jpg,labels/synthetic/syn_syn_000016.txt,3a3ca32b674ccf011bcb6f6d2540595f3c57aee00a45024a6305826f8e2e9f2f,2257c9a226a9da0f5663cc841f16c1816b11a27d5a9a831e72457fef787b4313,c3c38bc981c1c1e1
syn_syn_000019,syn_syn_000019.jpg,mendeley_synthetic,True,syn_grp_0098,train,1,[5],images/synthetic/syn_syn_000019.jpg,labels/synthetic/syn_syn_000019.txt,5fad29809ee47877d646d7a003cc20d9c33ea57e5df430e6ed1d4e1f58a06a6d,410fcb14bae27532bec152b371575b9ce1934618040fe4b08e6b0e0eefe8b571,f080b0f8f0e0dcfc
syn_syn_000020,syn_syn_000020.jpg,mendeley_synthetic,True,syn_grp_0099,train,2,[4],images/synthetic/syn_syn_000020.jpg,labels/synthetic/syn_syn_000020.txt,c67562bee1b189757a42a66e2f08d661e2d75b4a7054820746aa72f7d3ed6fb7,31cbe319bc929eb19962fde2fcd8aeb36cd0baaa2f75878a42f0e8a6d9d3e707,fcf80221e4fcfcfc
syn_syn_000027,syn_syn_000027.jpg,mendeley_synthetic,True,syn_grp_0100,train,5,"[1, 2, 3, 5, 9]",images/synthetic/syn_syn_000027.jpg,labels/synthetic/syn_syn_000027.txt,9c5b34dc67b502a5b8748a0a1dee1cfa0d0693dca22c0e5cbb2501f26926e202,ea4d0350935050ac17c4aa0597733333a7db0b24fd62265a283554f708d57c39,b0e8a0b099f3e2f6
syn_syn_000028,syn_syn_000028.jpg,mendeley_synthetic,True,syn_grp_0101,train,1,[7],images/synthetic/syn_syn_000028.jpg,labels/synthetic/syn_syn_000028.txt,5995f1ca593ecacb941d2c65690299dd0a4a54d03b23b9d812a50aa53df82b38,cd4626b4946e7269a01c43ea37bd0a2fa1af6445a4dc221aec78cd19e73748b6,8018c9f0ff8fe1e8
syn_syn_000029,syn_syn_000029.jpg,mendeley_synthetic,True,syn_grp_0102,train,3,"[1, 3, 7]",images/synthetic/syn_syn_000029.jpg,labels/synthetic/syn_syn_000029.txt,670c10cbc89e0e85f3bc347f2890c33bec4de5e46e747594103855f3f9509dfa,8a000e6ceaa8b8f4cde634081805b742a27908bf90ba3db2d5157c2a1247a871,c0f0f0f8fcfe9800
syn_syn_000032,syn_syn_000032.jpg,mendeley_synthetic,True,syn_grp_0103,train,4,"[0, 2, 4]",images/synthetic/syn_syn_000032.jpg,labels/synthetic/syn_syn_000032.txt,ad553ec5986783e8d06467dc0c1ac5f1046ab781526d5e5923c500549e5118b5,65efeddbcc8d269be67b0937ba3beb97a2cf030e289103153970e4278dac8a5c,fff5e46c00000004
syn_syn_000033,syn_syn_000033.jpg,mendeley_synthetic,True,syn_grp_0104,train,2,"[0, 7]",images/synthetic/syn_syn_000033.jpg,labels/synthetic/syn_syn_000033.txt,5e18e62293841e5141a96b599338a09f2e9d2395ac939c263fe96abadbc75cd2,a6e8265d918e7b9964a4931a81b2e7923573e57bd9bed02cbf09ca8f16f24b65,e0e2c4f4f4e4e4a0
syn_syn_000038,syn_syn_000038.jpg,mendeley_synthetic,True,syn_grp_0105,train,5,"[1, 2, 4, 9]",images/synthetic/syn_syn_000038.jpg,labels/synthetic/syn_syn_000038.txt,8abdc3c87a972a0190993a26f8b7184b6cd8eb7822a76d8b8e609255234ebaad,0b7de477c4e7c164bb406a5fb242156b006305410683a987caccc5f64ca13b00,10c0e0fc7e1e3f22
syn_syn_000039,syn_syn_000039.jpg,mendeley_synthetic,True,syn_grp_0106,train,5,"[2, 6, 7]",images/synthetic/syn_syn_000039.jpg,labels/synthetic/syn_syn_000039.txt,97c032597b801ee79502c61c8b51adbd45dac6fe960541665ec0a7c2f2e9fc2d,7b4a087b55b903844f2fcbd07f8fed24547520156394812f057831d775ab5d3a,fffc0038bec60000
syn_syn_000041,syn_syn_000041.jpg,mendeley_synthetic,True,syn_grp_0107,train,6,"[1, 2, 4, 6, 7]",images/synthetic/syn_syn_000041.jpg,labels/synthetic/syn_syn_000041.txt,97f4749f8a789674488ec3201debb90249098cc73e55730c74ef16ff3ca335cd,589df3993278c825df2b52d52e6d87bc0cd937ce482ddf8d24286edd13a81d61,7fff1f113320c0f1
syn_syn_000042,syn_syn_000042.jpg,mendeley_synthetic,True,syn_grp_0108,train,1,[6],images/synthetic/syn_syn_000042.jpg,labels/synthetic/syn_syn_000042.txt,aa0fef9d746ae3c172d4acaa0672a779c40b67bc3362c0fe2c5f2d70657f2c3a,73c67bc8207576e99d642fe333d9f24713db30f997407224affe6fe82638fb46,34ba3c381e0fbe3f
syn_syn_000045,syn_syn_000045.jpg,mendeley_synthetic,True,syn_grp_0109,train,5,"[0, 2, 4, 9]",images/synthetic/syn_syn_000045.jpg,labels/synthetic/syn_syn_000045.txt,59e842f76f03b90bf9ab478b0ae79d38eddfe9776a942b72ed0ae001f2463255,ea1637dcf31f5a5d20fbbbfa949dfef5187915b6f5113e79190f3f77ee54148b,23be27660703371f
syn_syn_000046,syn_syn_000046.jpg,mendeley_synthetic,True,syn_grp_0110,train,2,"[1, 4]",images/synthetic/syn_syn_000046.jpg,labels/synthetic/syn_syn_000046.txt,9137e20a48552b84e875755aee27c7fb35b642e9b2007294eb5d4dffdb41a86d,d9c3c24a1eefc500db86e21d34c7abd8eab61f2cc65c6f88b3fd3bc1d037be1d,fffcfcf8ec9496d6
syn_syn_000048,syn_syn_000048.jpg,mendeley_synthetic,True,syn_grp_0111,train,2,[9],images/synthetic/syn_syn_000048.jpg,labels/synthetic/syn_syn_000048.txt,658074f13e25a85cc9c9028a0c1cfe5eaa112db267ac7ad302ee9a04d19885ce,f5483eb45d36351bc2fe8ee825a389ec97c67e6ea8691939b7d18fa66f5a31c3,0f1f071bb9f3f1f3
syn_syn_000049,syn_syn_000049.jpg,mendeley_synthetic,True,syn_grp_0112,train,4,"[5, 7, 9]",images/synthetic/syn_syn_000049.jpg,labels/synthetic/syn_syn_000049.txt,d7645c66cdfb901e48f04e8b3200505c8a3a4acef22f2f5e8dddfea8d3e0b37f,d8371fc37104ab3a89ebc929350fd643ed5535544153861c5f6e37c1da843796,ccf3f040604978f0
syn_syn_000051,syn_syn_000051.jpg,mendeley_synthetic,True,syn_grp_0113,train,3,"[4, 6]",images/synthetic/syn_syn_000051.jpg,labels/synthetic/syn_syn_000051.txt,90f8a06e21469faccfff288657b3160e0734616596960461e7ee6e6cf94a86c2,c32a58e5866ac8897eb4a08a9134826601476e34cbb78580a50a9d48ecbf7da3,e3b191a3e3636363
syn_syn_000055,syn_syn_000055.jpg,mendeley_synthetic,True,syn_grp_0114,train,6,"[0, 3, 4, 5, 7]",images/synthetic/syn_syn_000055.jpg,labels/synthetic/syn_syn_000055.txt,6d9151cfb359e2dd50402ac86d07d8f8d4d81366b6fc510fb6692bcdf73b3729,d06e24e15e510165925d30decaee104282be3a21823df3142dbb7bec8b2017b7,d8f078381b0f2f8f
syn_syn_000056,syn_syn_000056.jpg,mendeley_synthetic,True,syn_grp_0115,train,3,"[1, 2, 7]",images/synthetic/syn_syn_000056.jpg,labels/synthetic/syn_syn_000056.txt,9a601784c8293139df9afbb14bf13d114d1ef45389bdcfcad8468df6e62fa4ab,63cc3d4ec47bc1ee336137e9725740fe183cdc748c3f76448f16b2c3a2cb1e5a,e4c0c0c0c0c0c2c0
syn_syn_000057,syn_syn_000057.jpg,mendeley_synthetic,True,syn_grp_0116,train,2,"[0, 4]",images/synthetic/syn_syn_000057.jpg,labels/synthetic/syn_syn_000057.txt,3433debbf72d2a4bbca0a2181f8316342575d4c75b6460c6d4698cd6a09feaed,df8430454b5d3da3d3c33312af877565dfa49e777dff4d79c8d4fc3164e68868,f0f8f0feeef6ece0
syn_syn_000060,syn_syn_000060.jpg,mendeley_synthetic,True,syn_grp_0117,train,6,"[1, 6, 9]",images/synthetic/syn_syn_000060.jpg,labels/synthetic/syn_syn_000060.txt,5d7e867cb4cb8133409dd967472132219b8f58867db902939097106cbcfe0d57,878c85605886218fc078b56299e44c215363f781b517857e37de09775d75ee51,e0e8f496ee5b0a02
syn_syn_000063,syn_syn_000063.jpg,mendeley_synthetic,True,syn_grp_0118,train,4,"[0, 1, 2, 6]",images/synthetic/syn_syn_000063.jpg,labels/synthetic/syn_syn_000063.txt,12ae6e0fda22dabe98225165e0c2c48bf9e0dbb928743b87c8649a25e1747b85,97526f0b495740b9acb740b86cc4aaf4d30278f6d37b46267d7c6584c0cbf8c8,ffff330720330703
syn_syn_000066,syn_syn_000066.jpg,mendeley_synthetic,True,syn_grp_0119,train,3,"[3, 6, 9]",images/synthetic/syn_syn_000066.jpg,labels/synthetic/syn_syn_000066.txt,cd7113570a69c36a671d8b1f96356325c23c49c6e556c01bdc46d98b898af0f7,43fb0d1713cd8f2a1c08eebf50a2f7b30c7de4b8ff5a8634f435537dd39db2b9,30181a233416ff6f
syn_syn_000069,syn_syn_000069.jpg,mendeley_synthetic,True,syn_grp_0120,train,2,"[5, 7]",images/synthetic/syn_syn_000069.jpg,labels/synthetic/syn_syn_000069.txt,31261b52b4b382a44438b55ff9a799ebb908b6f2daa6ba5b6dff020e33821e80,f3940d9151a9ad26d06c1794a740f16f7b5a01e930e990e50e397beed7746062,f066dedce060e0f9
syn_syn_000070,syn_syn_000070.jpg,mendeley_synthetic,True,syn_grp_0121,train,4,"[0, 1, 4, 7]",images/synthetic/syn_syn_000070.jpg,labels/synthetic/syn_syn_000070.txt,07cef9747513ebd7f618e27c96d693d5268f1ffba6138497947096c60fe9ebb3,c0441c40a1d08375397de3d536052edd2c3ac60ce9281c6d44da7702972120ec,0f07070707efffff
syn_syn_000071,syn_syn_000071.jpg,mendeley_synthetic,True,syn_grp_0122,train,3,"[0, 4, 7]",images/synthetic/syn_syn_000071.jpg,labels/synthetic/syn_syn_000071.txt,f56eb01eb0164fe2c577f5d8452fc8f3720ba225f15fb686b80c049a727ccdc4,d3bd3e14eb64b988631e86879f709d8391843501a36dfcc8e99176529bffd23f,477f7f6d58407f10
syn_syn_000072,syn_syn_000072.jpg,mendeley_synthetic,True,syn_grp_0123,train,2,"[2, 9]",images/synthetic/syn_syn_000072.jpg,labels/synthetic/syn_syn_000072.txt,fbe7020645a210fedf6688a517c0e43746796b82049ff71eb0334e4f9d53e472,859bea97f2c2924c9a13af4274267abb55cb7c7c83f0628b8c49bcc1dab147af,f7f3d0d1c9c9c1f1
syn_syn_000074,syn_syn_000074.jpg,mendeley_synthetic,True,syn_grp_0124,train,1,[7],images/synthetic/syn_syn_000074.jpg,labels/synthetic/syn_syn_000074.txt,0860dae11ee3ec59f70952134aa4cf05ca1ced5fb9e53b87a3cd4e7e9d5330bb,0a6be3c505865f3a32cfd4a55296987471f16c6d46a6bbcc413e4ca65bca78ef,ff8fa37f03b30040
syn_syn_000076,syn_syn_000076.jpg,mendeley_synthetic,True,syn_grp_0125,train,3,"[0, 1, 6]",images/synthetic/syn_syn_000076.jpg,labels/synthetic/syn_syn_000076.txt,8fb0dba5eb7f65b5d085c4fb85c5cb976d24fd873809def0936c35830fa8f8b7,64fef46555c5fc18b9d237b800ff4ccb26dac407cec8a442b2cb65481ba3bbfe,ff1f0f0f0fcf0f1f
syn_syn_000077,syn_syn_000077.jpg,mendeley_synthetic,True,syn_grp_0126,train,3,"[0, 4, 9]",images/synthetic/syn_syn_000077.jpg,labels/synthetic/syn_syn_000077.txt,a8aca17dff5e785658aef6b6ac24e52a41d6d4809783b27503e82eee89da12bd,b9abc49b2579d4afb59c9b9d8f9218fe3546eee5ecff749eb515496e526441e0,cf00c7fffee78425
syn_syn_000080,syn_syn_000080.jpg,mendeley_synthetic,True,syn_grp_0127,train,1,[7],images/synthetic/syn_syn_000080.jpg,labels/synthetic/syn_syn_000080.txt,c7f0981d251a284be2408597cb91e15efa2e3ec0dea7ce775922b6a7700da044,58c633400695e5553db22ab9cfb261a2d420fe3ce8f03494f1c28b6209255476,1d1f000a3f3f3b2f
syn_syn_000081,syn_syn_000081.jpg,mendeley_synthetic,True,syn_grp_0128,train,1,[1],images/synthetic/syn_syn_000081.jpg,labels/synthetic/syn_syn_000081.txt,47a8e5cd1c8f1320fc3d65c28d12765f135238ac6598fd827056979f8033f240,9b69259382e4684ee7a3ba44279ba8d2a40d94f4cec66bb99a32eec87261ed25,00081c181a070707
syn_syn_000083,syn_syn_000083.jpg,mendeley_synthetic,True,syn_grp_0129,train,5,"[0, 2, 5, 7]",images/synthetic/syn_syn_000083.jpg,labels/synthetic/syn_syn_000083.txt,2aaa64ab52c84589dbc703afb41e7676c14fe40f994f4d4393a5781b2af94c20,b5bafda9ec8f42bc381477fbab775eada8c6e550241edc1df14c8ea13a0cd8b1,c8c4e0e0f8f0e0c0
syn_syn_000085,syn_syn_000085.jpg,mendeley_synthetic,True,syn_grp_0130,train,3,"[2, 3, 7]",images/synthetic/syn_syn_000085.jpg,labels/synthetic/syn_syn_000085.txt,954b7f82d5a7d0734c813328c8ff9cd9443bcea14c64db1c7b831b4d0286a6ae,14686119c78c9b025ebe617afe13f027b61b18b744a08e280d389b69c5348efe,1f3fffff031f020a
syn_syn_000086,syn_syn_000086.jpg,mendeley_synthetic,True,syn_grp_0131,train,2,[1],images/synthetic/syn_syn_000086.jpg,labels/synthetic/syn_syn_000086.txt,9da250888fdec1aea4218b553dba7ac28ad7985ac57db48f166e60d757b66f07,4360240e4efefd176e23bb61cbec860eb4631e90c8cf3e7a491b539030409295,f0f0f8f8f09090d0
syn_syn_000088,syn_syn_000088.jpg,mendeley_synthetic,True,syn_grp_0132,train,1,[1],images/synthetic/syn_syn_000088.jpg,labels/synthetic/syn_syn_000088.txt,57b837e9e221a49304bfe3e2222c18abb78fee6486efaa0e202b0fce6220d757,3e55d12a505404ac1232ff8012deee777a514bb5caad98f690ac26630218fe90,0f00c8ff3f0000d8
syn_syn_000089,syn_syn_000089.jpg,mendeley_synthetic,True,syn_grp_0133,train,3,"[0, 1, 6]",images/synthetic/syn_syn_000089.jpg,labels/synthetic/syn_syn_000089.txt,b228a64acab552537de3459c2ed81e76ed083625a41e69c6b340d3be54110354,c263a0f3d011c158e565e0ba170882549bf39424540b2f1bfc1f35292b741c87,3f1080404090fcfe
syn_syn_000090,syn_syn_000090.jpg,mendeley_synthetic,True,syn_grp_0134,train,4,"[0, 4, 6, 9]",images/synthetic/syn_syn_000090.jpg,labels/synthetic/syn_syn_000090.txt,dbd2260ad1579fd8261f68aaececb679847756d9657c7a781f86832bb9d34bc4,b5307c307c7fc31778af153cc24792c566202edca24218c2e361bb73e0051a43,c6ece0f1d1cce0f0
syn_syn_000091,syn_syn_000091.jpg,mendeley_synthetic,True,syn_grp_0135,train,2,"[1, 2]",images/synthetic/syn_syn_000091.jpg,labels/synthetic/syn_syn_000091.txt,54b0cca64cbd7ec2cad60fbaee656ef41420b7b703758ac0bc9b4ff418c8c0ba,83254d859bf25797cc700f8c9e97209eb38a34db90716f57affe58913bb6817f,4197d013c7fffa7e
syn_syn_000095,syn_syn_000095.jpg,mendeley_synthetic,True,syn_grp_0136,train,2,"[1, 2]",images/synthetic/syn_syn_000095.jpg,labels/synthetic/syn_syn_000095.txt,05d1899c55621147916db7c8dce999bf7d40228ed817be39fdeb7575631a84e5,c46d4ecdf635fa706c8548daa522a45b5998b80976b07b091af19bf4a7a2c1a3,7830010b1b131ffe
syn_syn_000096,syn_syn_000096.jpg,mendeley_synthetic,True,syn_grp_0137,train,6,"[1, 3, 4, 5, 6, 7]",images/synthetic/syn_syn_000096.jpg,labels/synthetic/syn_syn_000096.txt,e1fb8a4d49a651c4ef82c9b2579403c833ddc18453928f9b4f8c159537233599,44ed9ec399ea68ee6a9b1daa40bb5329495787c740a61626118fe96d663282f3,f0c0cccfd979bf5f
syn_syn_000099,syn_syn_000099.jpg,mendeley_synthetic,True,syn_grp_0138,train,6,"[3, 6, 7]",images/synthetic/syn_syn_000099.jpg,labels/synthetic/syn_syn_000099.txt,71a023b01b848b2c6c0f1cf30aa103ad4e758d971e24a057c16852068780243a,ca44ab0447d16f95e55a500a4f5a1dd02594f94f5a6e2488c78c2a9425083216,1c3e3f3e39808000
syn_syn_000103,syn_syn_000103.jpg,mendeley_synthetic,True,syn_grp_0139,train,4,"[2, 3, 5, 7]",images/synthetic/syn_syn_000103.jpg,labels/synthetic/syn_syn_000103.txt,5091219df3418ff0e32e84667623be0f5c2a37e835f2f0acf0c358e44c931eed,19b0a809bb9749f76712cee231320d7f2ab715a6ce78c81b60524cdd7e3486bb,0f0f0f0f1f0f090d
syn_syn_000105,syn_syn_000105.jpg,mendeley_synthetic,True,syn_grp_0140,train,6,"[1, 2, 3, 6, 9]",images/synthetic/syn_syn_000105.jpg,labels/synthetic/syn_syn_000105.txt,b8828f5439c314d356e6900ea0903870067554257777d1546e19a9ed4228b65f,e78d6cb05cd564a25a59969202cb25bd42370612759cab6c6f6e7872f09e32b9,f86060474707060c
syn_syn_000108,syn_syn_000108.jpg,mendeley_synthetic,True,syn_grp_0141,train,3,"[4, 5]",images/synthetic/syn_syn_000108.jpg,labels/synthetic/syn_syn_000108.txt,3c0b33915097b7e62af605f4f9a3b7c45a99588d55bae33a10b716886438fea8,d839aa40ab4016c7093a502ac8aea8948047bb87d767c79fcd8c13e3daa3b54f,00c0f280e38b9fff
syn_syn_000110,syn_syn_000110.jpg,mendeley_synthetic,True,syn_grp_0142,train,6,"[1, 5, 6, 9]",images/synthetic/syn_syn_000110.jpg,labels/synthetic/syn_syn_000110.txt,d967912053c1280d0a1512fd4a3c80c199b1594d44bc2c532c688c53cc2675c6,d8875878b9f79bc184ea5addacec13dcfb4948a3bd6d4b4543e529261be19d0e,ffffffe71f01011b
syn_syn_000111,syn_syn_000111.jpg,mendeley_synthetic,True,syn_grp_0143,train,6,"[0, 1, 3, 4, 7]",images/synthetic/syn_syn_000111.jpg,labels/synthetic/syn_syn_000111.txt,6299892e51aa7d89cd3362922e41acd0ef2a5c0958aeca87fb7a7209bc419088,e2a1ba4b42cc26b7bd041fdeecf9d73670f792cb9926bf24c4a0188c078adf18,ffffe7c10121383c
syn_syn_000113,syn_syn_000113.jpg,mendeley_synthetic,True,syn_grp_0144,train,1,[3],images/synthetic/syn_syn_000113.jpg,labels/synthetic/syn_syn_000113.txt,4e4f4d036c06b7e1dadc2f4b8afc18f522a87211871ef9cb13be3ca75f3f76ea,7d6194679426a5045a2b9137911280c92dd0a00d53b2c8a4979eeca0587c816b,ff7f7f7f1f0381c0
syn_syn_000114,syn_syn_000114.jpg,mendeley_synthetic,True,syn_grp_0145,train,3,"[1, 5, 9]",images/synthetic/syn_syn_000114.jpg,labels/synthetic/syn_syn_000114.txt,cc6acfbc700528034d57c37e8acdc96b389c0efd628541d1ec38e4a697d40712,b94fb5dd01c280e814ec6ff4cb4f600eeb0cc2b66d82c30f247f6557c17dac18,070f0f0f070f0707
syn_syn_000118,syn_syn_000118.jpg,mendeley_synthetic,True,syn_grp_0146,train,4,"[1, 3, 7]",images/synthetic/syn_syn_000118.jpg,labels/synthetic/syn_syn_000118.txt,47c59d9e982e18cb4809de4ad50c20a5977903fd1f2a32f22554b3f9c48598ab,1c50fd4e68666879d6dd20bcdf6617598df152d1a8b0dec6be6468d5629c95cc,c0c0c0d0e0e0ffff
syn_syn_000121,syn_syn_000121.jpg,mendeley_synthetic,True,syn_grp_0147,train,3,"[3, 4]",images/synthetic/syn_syn_000121.jpg,labels/synthetic/syn_syn_000121.txt,2fedc2dfbfad5ed3fa5697da6395e9b7725c266bc272fcdb2c385ef2703bc6bc,6cb46571c441cc913b8f89aab08145bf8fbe530d7475cc04aa42800347e1ff7e,e301000505ff0fff
syn_syn_000123,syn_syn_000123.jpg,mendeley_synthetic,True,syn_grp_0148,train,5,"[2, 3]",images/synthetic/syn_syn_000123.jpg,labels/synthetic/syn_syn_000123.txt,944e51592080e68d758bacad79cc085c2c3bdf53a48a60addf3face9015a6be3,ee478119b95f43b1bf26975210bc64ef5b74108bfe263dee956ecdc9c2835b3b,ffffff0004303000
syn_syn_000125,syn_syn_000125.jpg,mendeley_synthetic,True,syn_grp_0149,train,3,"[4, 7]",images/synthetic/syn_syn_000125.jpg,labels/synthetic/syn_syn_000125.txt,5173d28db30bd52d600ecdd3e5bb9580e32b54ab4463c16517962929a2ca3a36,de5f78134e22ce8c44d7dc3c2b26748ab0c5c85870fd08413e0ba5c149b83cba,000002bec8c2e6f8
syn_syn_000126,syn_syn_000126.jpg,mendeley_synthetic,True,syn_grp_0150,train,2,"[4, 7]",images/synthetic/syn_syn_000126.jpg,labels/synthetic/syn_syn_000126.txt,ce59b3274093cede72787abc45351645a246920a745a80dded31dce8c7001632,4254e71ecfef714db538fad705fcf71af7b866ef207116ba510608e54db715d5,a15fcbe9f083c3f3
syn_syn_000127,syn_syn_000127.jpg,mendeley_synthetic,True,syn_grp_0151,train,2,"[0, 9]",images/synthetic/syn_syn_000127.jpg,labels/synthetic/syn_syn_000127.txt,3ce448b8c01e5842af6b6f426b8042bfa3d618eb006ba70cb159eed71c12541b,36fdcb4d1a6418ee54e997ec43aaf95902a17d42a552ca49038c0fd3ee365384,e4c0c8e4ff9f8703
syn_syn_000130,syn_syn_000130.jpg,mendeley_synthetic,True,syn_grp_0152,train,4,"[5, 6, 7, 9]",images/synthetic/syn_syn_000130.jpg,labels/synthetic/syn_syn_000130.txt,d55b90890d6dbd3731adc15f704b903fdcae2cc9549ec2d5504a3f3c7fdf487e,3aa52b67aa703b5c32b6aaf7bdcee25e03e43fd9256e3ec9bc0d5289a88a53e9,083e3fdf6e1e1e00
syn_syn_000131,syn_syn_000131.jpg,mendeley_synthetic,True,syn_grp_0153,train,3,"[3, 5, 7]",images/synthetic/syn_syn_000131.jpg,labels/synthetic/syn_syn_000131.txt,541a4607ca51815da742a4a0758a4bcab9d808df88525a1e8a66c684f5542433,5090cf944aa99bf7c2fdc8a5a402dcf69ca87194c87f40b558fcc6ddb495d350,00003ebef17f4e29
syn_syn_000133,syn_syn_000133.jpg,mendeley_synthetic,True,syn_grp_0154,train,4,"[2, 6, 7, 9]",images/synthetic/syn_syn_000133.jpg,labels/synthetic/syn_syn_000133.txt,de44a73d15aed7bdb61120658bb28e71ad2e30f41e9173c3fe2ba8fb606a9603,f968d34cbc2d50997960cdc0a1e4160da0870f0448c87557f9f498ff8995fb2f,7f6f1f483c3e4e47
syn_syn_000134,syn_syn_000134.jpg,mendeley_synthetic,True,syn_grp_0155,train,3,"[0, 3, 5]",images/synthetic/syn_syn_000134.jpg,labels/synthetic/syn_syn_000134.txt,d823b8079d87c64f097bf05f9edbb653a06e98e203449bde3f15699c6462de89,2966ba1db00f150414cd6941485fb80a21049b280bdbb8758b4705f8d70ba7fa,10008dcf0f0f0f1f
syn_syn_000137,syn_syn_000137.jpg,mendeley_synthetic,True,syn_grp_0156,train,1,[3],images/synthetic/syn_syn_000137.jpg,labels/synthetic/syn_syn_000137.txt,9afc622d85ce514d436f83abddab0e7e5ff6bbe50f3696d7e66862d8610851f7,710c51eb0df125113979a97ae9293efcc300a03f61f2495ce7d2f27f337db538,faf8f2f23006c040
syn_syn_000138,syn_syn_000138.jpg,mendeley_synthetic,True,syn_grp_0157,train,5,"[2, 3, 5]",images/synthetic/syn_syn_000138.jpg,labels/synthetic/syn_syn_000138.txt,af9eb45813de5a064f15878e3de63d32128f5bcc308b2b442556abcd0be32947,f9166aaaeaf1315d6722dd905d8a50f3f8877f38e0e683bc3eb4f5008a479630,81636f7cf0704010
syn_syn_000142,syn_syn_000142.jpg,mendeley_synthetic,True,syn_grp_0158,train,5,"[1, 6, 9]",images/synthetic/syn_syn_000142.jpg,labels/synthetic/syn_syn_000142.txt,bf5ab7db3baf9ae0836bb24c4c4a2b242e642995728b17f17570318b2d67a229,84d816b6c76a42f6ca18c59b169757a3c2b9dfa058338b88168d9842996a4a42,1b1fbefdcdcbfffe
syn_syn_000143,syn_syn_000143.jpg,mendeley_synthetic,True,syn_grp_0129,train,2,"[1, 7]",images/synthetic/syn_syn_000143.jpg,labels/synthetic/syn_syn_000143.txt,3e06bc66804f397059e0250d9577ae68b98e3d42fd76d4b1d77cbf9ef471fa24,cf5bdf48c32ba8ff1d86c13310c50cced03fe5db143a7fecd6e1f5c68b7dd06d,c0d0e0e0f0f0e0c0
syn_syn_000145,syn_syn_000145.jpg,mendeley_synthetic,True,syn_grp_0159,train,3,"[4, 7]",images/synthetic/syn_syn_000145.jpg,labels/synthetic/syn_syn_000145.txt,299186af0a24d311df9f2b3ae265027b5c298a3d7533f40089c8b0d180aa2064,0c4be7b516397f658f6cc7e0ce5319831c72519892af00eacd8e3ffe6651199e,fef6cfd112408800
syn_syn_000147,syn_syn_000147.jpg,mendeley_synthetic,True,syn_grp_0160,train,3,"[1, 2]",images/synthetic/syn_syn_000147.jpg,labels/synthetic/syn_syn_000147.txt,5428d2b9b762651e590c2506715fd692cc37f65d7ac2bc6c13d26cd9797fa823,b43287063fceaca8dd958c96827a0c286b8bb3d3c7065035c08e732d67276c62,c73f3f7fffe70100
syn_syn_000157,syn_syn_000157.jpg,mendeley_synthetic,True,syn_grp_0161,train,1,[9],images/synthetic/syn_syn_000157.jpg,labels/synthetic/syn_syn_000157.txt,2c6ddb1a3c6f899c51b0b5611721c2aab3bf4414f0e4aad3f3104d3d7d2c7289,5b94fc949610df06ffa908ea29104a12d7adeae6d46166174ccf917b69b28b8b,7fff3f271f040407
syn_syn_000158,syn_syn_000158.jpg,mendeley_synthetic,True,syn_grp_0162,train,1,[5],images/synthetic/syn_syn_000158.jpg,labels/synthetic/syn_syn_000158.txt,10238dad2ee8fee4cbc1ad4a8ed6e8c074e3d7fe02b59289674b5141be8d9f9f,eb8eb55fff93c297ffd52145e968d5c3a291f7d3c42bfd87ba78a663f39e8d2b,d9f2fee2828090c0
syn_syn_000162,syn_syn_000162.jpg,mendeley_synthetic,True,syn_grp_0163,train,2,"[2, 9]",images/synthetic/syn_syn_000162.jpg,labels/synthetic/syn_syn_000162.txt,e8b5e9cb5f70f30e992aa9df2a257f8006dab7d4e0d8308c614327309aef03a7,59828f79770f3b1dcc03e919b74ae5a740bde378714b405c182acf2652a60f92,3f1e00142108fefe
syn_syn_000165,syn_syn_000165.jpg,mendeley_synthetic,True,syn_grp_0164,train,2,"[1, 4]",images/synthetic/syn_syn_000165.jpg,labels/synthetic/syn_syn_000165.txt,f329994ee35fca316b0b0755480c455b98a46da4f09a57f971a4b145b20f4953,93b1449daf7b7b21973ad4b7f46a9c7e18fb5a778c7b82053bd9ea5e7e684eb2,fefe7f1d03210d02
syn_syn_000169,syn_syn_000169.jpg,mendeley_synthetic,True,syn_grp_0165,train,3,"[4, 5, 6]",images/synthetic/syn_syn_000169.jpg,labels/synthetic/syn_syn_000169.txt,a667ebb801ffc5b2176e35e0a172e542740aad9a0ed199c11196ae9f7465e615,7996f49c47d097cbbc9bfcfab8ac2ac2bec7c15ba85801e971a16fe098d49873,71ff870307e7ff9f
syn_syn_000170,syn_syn_000170.jpg,mendeley_synthetic,True,syn_grp_0166,train,4,"[2, 5, 9]",images/synthetic/syn_syn_000170.jpg,labels/synthetic/syn_syn_000170.txt,a57ada7bbcc29cc1ca3b409a1c372257144b43a61c9ddcb24dd99e70267435bf,78c3d3d4fc5ea812e082209b45324e83c1a863b1db8d4674ed5a0e4df38b13e3,7bc3170c14c0e03f
syn_syn_000171,syn_syn_000171.jpg,mendeley_synthetic,True,syn_grp_0167,train,3,"[3, 4, 7]",images/synthetic/syn_syn_000171.jpg,labels/synthetic/syn_syn_000171.txt,7120667559d7d44d818a3cc4a7c7a85a1b8cfd8648e33c908d9fb3b7f92f9537,f6bbbe43efe581abd0ffabd2db8953456af03f7c51e8e44625d5d0bfd579b546,2042432beb733f5f
syn_syn_000173,syn_syn_000173.jpg,mendeley_synthetic,True,syn_grp_0168,train,1,[3],images/synthetic/syn_syn_000173.jpg,labels/synthetic/syn_syn_000173.txt,b19706d47260fa328c8b10e40e2655b05090c6f17b031fd99210f56b128a35f4,913fa19b6409b866be75d0764bac0aabc1830e32827417dd2067a073472041db,1e0000cebe22377f
syn_syn_000176,syn_syn_000176.jpg,mendeley_synthetic,True,syn_grp_0169,train,1,[9],images/synthetic/syn_syn_000176.jpg,labels/synthetic/syn_syn_000176.txt,441a7093637a321fdfe39328eaf2718c0fd248c0748dfbc795a07eb1b3fe9129,adc756a318e643622dd13eacdaa72c3e1daba49fce5520d1e7785da4fb46df57,00000c3e7e7c4000
syn_syn_000180,syn_syn_000180.jpg,mendeley_synthetic,True,syn_grp_0170,train,1,[0],images/synthetic/syn_syn_000180.jpg,labels/synthetic/syn_syn_000180.txt,162808d942a30196f72586176c93af739eaa6fd8b52e67fd0d797bcf760feb4f,f327c0e961147c35c5708fe7ee0b2d31a2db0529e724d61a0d5718be2bc40808,c3e7ecf0c0800000
syn_syn_000182,syn_syn_000182.jpg,mendeley_synthetic,True,syn_grp_0171,train,5,"[3, 4]",images/synthetic/syn_syn_000182.jpg,labels/synthetic/syn_syn_000182.txt,06171ce62f720ffa47add10682e255aa8eba327d4929242fd219df124a37a70d,f66c02fb517a3502f91fd72923bc4edb51b4cab6de48c42dbbe2d7a87bf6dd0a,230b0180c0e0f9ff
syn_syn_000184,syn_syn_000184.jpg,mendeley_synthetic,True,syn_grp_0172,train,6,"[0, 1, 2, 5, 6]",images/synthetic/syn_syn_000184.jpg,labels/synthetic/syn_syn_000184.txt,8f4c164edfad6aa8e6157e7ef7b4be3d57ecf5dc21fad3ec62af5c05cbb08254,bafbc4fdc60b1d98bde00f7193a13d8250696f116198d9aaafc6a63200005830,e4dc9883caccf8e7
syn_syn_000185,syn_syn_000185.jpg,mendeley_synthetic,True,syn_grp_0173,train,1,[5],images/synthetic/syn_syn_000185.jpg,labels/synthetic/syn_syn_000185.txt,5a1a5a26f27a299b9181738e3c09558771a52d37a95981994574843c402acb97,2d8020ee5bdaabc7f86b95e583f6d22a38a8dbebb2e71a2a03cf2d8f7b30068b,f2e0e09082c7fffe
syn_syn_000186,syn_syn_000186.jpg,mendeley_synthetic,True,syn_grp_0174,train,3,"[0, 4, 7]",images/synthetic/syn_syn_000186.jpg,labels/synthetic/syn_syn_000186.txt,27db9d2d43b7e162ac110d08fedab05ea05df4850e65398e969b528f43ae2228,b6f304811906537bde63b1e0800f756b0c55c8816772f130507fb5bb8d46b367,fffcf8d00000000c
syn_syn_000190,syn_syn_000190.jpg,mendeley_synthetic,True,syn_grp_0175,train,3,"[4, 9]",images/synthetic/syn_syn_000190.jpg,labels/synthetic/syn_syn_000190.txt,215d994025a8dd8dc4f06b058cc7991332b0b4d2ed7a358ad4873ab26a0c106e,c2901175e27d6b13e6e14a07c8e17812fc42f4d830e2e6a595cc3dd746566f6c,0000801e9f9e9e9f
syn_syn_000193,syn_syn_000193.jpg,mendeley_synthetic,True,syn_grp_0176,train,5,"[0, 3, 4]",images/synthetic/syn_syn_000193.jpg,labels/synthetic/syn_syn_000193.txt,77e2cd9206f0f90f88cc372aaf0d5e4e0eb3c7a99aebdfd83a4af983cd6f2e2d,b4926a63f38482555c41624b694e17cdea6c005289dd077eac64fb1b94c9134e,7ffffb8d1e733000
syn_syn_000196,syn_syn_000196.jpg,mendeley_synthetic,True,syn_grp_0177,train,3,"[0, 4, 5]",images/synthetic/syn_syn_000196.jpg,labels/synthetic/syn_syn_000196.txt,d3e74c37a7f3db874d4f76157418c9cf0447214b8f62a6811497d420db376615,eda202c20eee43d7e3b75ef3b3fc8240a6e4792bc6c772391da26b613ef7cf05,e3c3e3f0f8b98080
syn_syn_000198,syn_syn_000198.jpg,mendeley_synthetic,True,syn_grp_0178,train,4,"[1, 4, 6, 9]",images/synthetic/syn_syn_000198.jpg,labels/synthetic/syn_syn_000198.txt,eb4a84849fe800a16d7381b91cc6be7f193a1963461bf5412d21c8af07b45510,beaa01c02da73e95fbd3df7c884857276b284808992ada9dd5e1078f5f847ca7,d8fef6f1603060e0
syn_syn_000199,syn_syn_000199.jpg,mendeley_synthetic,True,syn_grp_0179,train,1,[5],images/synthetic/syn_syn_000199.jpg,labels/synthetic/syn_syn_000199.txt,d769ddeee58ae16d0028a200107d3396df67d03c9d637447598ab949f932e1ab,ddd1848ce74735103520867fa00fd11f3b9b8d7e6eeea862135b88575037b02d,fc70303c3ebf1f1f
syn_syn_000200,syn_syn_000200.jpg,mendeley_synthetic,True,syn_grp_0180,train,2,"[0, 7]",images/synthetic/syn_syn_000200.jpg,labels/synthetic/syn_syn_000200.txt,92972a0957250062721ff678928a688779b688b7e903df780b80138943d55c33,8ec7ea4b9fd967d11121c07019b2e369aff46145ea9dcb2d8e337b61f0eb6202,3c3c3c3c3c383000
syn_syn_000201,syn_syn_000201.jpg,mendeley_synthetic,True,syn_grp_0181,train,6,"[0, 1, 3, 4]",images/synthetic/syn_syn_000201.jpg,labels/synthetic/syn_syn_000201.txt,e786c895e1a0f1babebffcf746b9d36c65672dc465f17ea6c0357ef3cb850144,eebc973e839aa3b31af41e2bd29cab5f6568ff5e236c2f94f417cf6fa38832a1,200000187a767270
syn_syn_000213,syn_syn_000213.jpg,mendeley_synthetic,True,syn_grp_0182,train,3,"[5, 7]",images/synthetic/syn_syn_000213.jpg,labels/synthetic/syn_syn_000213.txt,9c38cd3852c81eb32352302b0213f0500adef21f08a7d5ec613b507a71e2ff53,4ad037afda5024676218105212cbbbfd80b720c9d8bcf164bae88a3b4cd55605,fae3e7f7d1a000a0
syn_syn_000214,syn_syn_000214.jpg,mendeley_synthetic,True,syn_grp_0183,train,5,"[3, 4, 5, 9]",images/synthetic/syn_syn_000214.jpg,labels/synthetic/syn_syn_000214.txt,f2c82f7bda5fc161da1910fac812c748fe353228537e04f1de6ae1b32465301e,8672378225d361abf7545d180b480714ae8eb620d23728bec28b50c039bac52a,cbc181b0c0e4e4c6
syn_syn_000215,syn_syn_000215.jpg,mendeley_synthetic,True,syn_grp_0184,train,2,"[1, 5]",images/synthetic/syn_syn_000215.jpg,labels/synthetic/syn_syn_000215.txt,38df6b0e693040c81e733f46bd078e296a85ae23d3e344b2e90acf9ce08b2e03,961ea2afb4427aeb10b833b10e68caf82f8b5abeb2163d2c0e2a394485fb32b1,000059fcfcfd0f7f
syn_syn_000217,syn_syn_000217.jpg,mendeley_synthetic,True,syn_grp_0185,train,6,"[0, 3, 7, 9]",images/synthetic/syn_syn_000217.jpg,labels/synthetic/syn_syn_000217.txt,78999437f49b4cd25d6ac1b97742c2a7e7ca43c0d31aaaec2549464bc812862f,c26430630d62a765fb835f5f84a2132e717ed5e73f9867fa674db7dad57b6e84,c1d37b38b8840001
syn_syn_000221,syn_syn_000221.jpg,mendeley_synthetic,True,syn_grp_0186,train,4,"[3, 7, 9]",images/synthetic/syn_syn_000221.jpg,labels/synthetic/syn_syn_000221.txt,bd4f61d96619b5d1dba78f22ab3664acc1f14601b8a235c68bc74f609c18228d,ed908ce18d57d0764a6b701226597e7f1c0c0a18ae92d2ff99905814b6b99fc1,2100363eb838b00c
syn_syn_000223,syn_syn_000223.jpg,mendeley_synthetic,True,syn_grp_0187,train,1,[5],images/synthetic/syn_syn_000223.jpg,labels/synthetic/syn_syn_000223.txt,b348279ca267273c347ad7a026e129847f976c39a42588d60a20a051715054b8,a37e9a27da97e698ce18197260e01c9e9d4d868d2506727b37dc347749ca9070,8fc747c3c1010000
syn_syn_000224,syn_syn_000224.jpg,mendeley_synthetic,True,syn_grp_0188,train,3,"[2, 6, 9]",images/synthetic/syn_syn_000224.jpg,labels/synthetic/syn_syn_000224.txt,5b7a7691302f2213f1bd2bd12685098681675c21656acf5b861dd7cc9908f514,2c94100d4c71b76be2a566df899e62bfa892be16eaa9bcaf54b68b357cc56067,ff002063861ce8fc
syn_syn_000227,syn_syn_000227.jpg,mendeley_synthetic,True,syn_grp_0189,train,3,"[0, 2, 7]",images/synthetic/syn_syn_000227.jpg,labels/synthetic/syn_syn_000227.txt,2c1b397de2e574da057293c0f2baf65f6341ac82705f632deddb6657b67256bb,678166c39879693c98efe5af970980727503b523443a343b824da0c09005efc4,090d000284f2f6f7
syn_syn_000228,syn_syn_000228.jpg,mendeley_synthetic,True,syn_grp_0190,train,4,"[0, 2, 5, 6]",images/synthetic/syn_syn_000228.jpg,labels/synthetic/syn_syn_000228.txt,ea8783e97da1424c46a59d43eb3e35e3924075c3ad2c0d0612b6867cb121bdb0,ed25480a4ffff5e45a21ba1f386e6e60dbc6b2e19beeb5f4a7837a02cb508cc1,c7c7011c7cfc7601
syn_syn_000229,syn_syn_000229.jpg,mendeley_synthetic,True,syn_grp_0191,train,6,"[2, 5, 9]",images/synthetic/syn_syn_000229.jpg,labels/synthetic/syn_syn_000229.txt,e71a669a6c374c67c057cbb32476a85680704a9db6c4cc26776c836015749143,d6fdbd9f7bae40614ef6b54db00e8a568578c4525b09cf4ab10b504525049918,03032727070b0f07
syn_syn_000232,syn_syn_000232.jpg,mendeley_synthetic,True,syn_grp_0192,train,6,"[0, 1, 2, 3, 6]",images/synthetic/syn_syn_000232.jpg,labels/synthetic/syn_syn_000232.txt,bb33715a4738e1bb8e419222c4c326aa7a0347a18ee69be8996d06d5646cd5bc,3c0239598ff5cfd81a2f767989906bd10b47622a79fefc9d527c4dec4b444c67,001c787bfd7cf870
syn_syn_000234,syn_syn_000234.jpg,mendeley_synthetic,True,syn_grp_0193,train,5,"[0, 1, 3, 4]",images/synthetic/syn_syn_000234.jpg,labels/synthetic/syn_syn_000234.txt,9c5b48a9fbea42a201fc97568e78c237a9b9ca024e94b22e0f346e5f5b9f6b5d,351c0295425f9d436bdf8acf912b8e3ce3cd448d91d4f8424be778a7a5e276db,f020c8f8fef6f0f0
syn_syn_000236,syn_syn_000236.jpg,mendeley_synthetic,True,syn_grp_0194,train,2,"[2, 4]",images/synthetic/syn_syn_000236.jpg,labels/synthetic/syn_syn_000236.txt,adf58804a6ed459a933e9e2c11f84c681abda0af33609b64ecd4a33ef2baa86a,ba1ee4fafcece5250bab64fe207e59d0eb2557a6e4becf35bdcaae9c6c19ed69,0f06c6ff3f0000d8
syn_syn_000237,syn_syn_000237.jpg,mendeley_synthetic,True,syn_grp_0195,train,5,"[2, 3, 4, 6, 7]",images/synthetic/syn_syn_000237.jpg,labels/synthetic/syn_syn_000237.txt,9228e4126d57294d555c1e91b4bbb503cb8188e114512b369225f2a7c7d1ce6a,f0cc1095d6168c3ea71a341604454552f2fd5feacc1f67cb19fc3568897ae412,7f7e3e797941490d
syn_syn_000238,syn_syn_000238.jpg,mendeley_synthetic,True,syn_grp_0196,train,6,"[0, 3, 6, 7, 9]",images/synthetic/syn_syn_000238.jpg,labels/synthetic/syn_syn_000238.txt,fda44c296cdd47ae35848c81b0310e937397044e46bfa10974b8960589eee518,7c3ac74acbf414657bbf0515307a3a1a8912aacbed1439baa7e2acdd1ddaf754,0e1e9cddd852f060
syn_syn_000239,syn_syn_000239.jpg,mendeley_synthetic,True,syn_grp_0197,train,2,"[2, 3]",images/synthetic/syn_syn_000239.jpg,labels/synthetic/syn_syn_000239.txt,ff94874470f20fca247feb9d97432b562d6b125ee3ae1fb8ccf579a39c9a34e0,88968271c79c3059e1281549c0a9e4a2aea8a6f8d1198514e5573f2a8f8edf3c,e777370784000c1e
syn_syn_000243,syn_syn_000243.jpg,mendeley_synthetic,True,syn_grp_0198,train,1,[9],images/synthetic/syn_syn_000243.jpg,labels/synthetic/syn_syn_000243.txt,b257b6bec37a91d938de81a68b55506698fe2fac662dcbe255209c0a0d22733b,62493a0c75129f0743e5a7ff3486232f0946c7e6ff98f56a0ff74210785e1924,ffbf9f9f1f3f3303
syn_syn_000245,syn_syn_000245.jpg,mendeley_synthetic,True,syn_grp_0199,train,6,"[3, 4, 5]",images/synthetic/syn_syn_000245.jpg,labels/synthetic/syn_syn_000245.txt,75c7e3c529e91f49e9ac22e7b25f5635ee1bf6fa9765432024d5a8fb4218500a,1aa417300314466f6ba1d1b3916ed65ec7911684e038a6a61f11c61201bec1f9,c666e7ec0f0f7e1f
syn_syn_000247,syn_syn_000247.jpg,mendeley_synthetic,True,syn_grp_0200,train,5,"[3, 4, 5, 6, 7]",images/synthetic/syn_syn_000247.jpg,labels/synthetic/syn_syn_000247.txt,b8f9ea7ad5f073747b4858c66c1ca4985ef2fc7919fb28e7cb331398cb05e0b5,81d9c9b166f3c56826c140a0d5edf543f47b03e3a47ae4e8e8365aae0668acce,fffb393000600000
syn_syn_000249,syn_syn_000249.jpg,mendeley_synthetic,True,syn_grp_0201,train,1,[7],images/synthetic/syn_syn_000249.jpg,labels/synthetic/syn_syn_000249.txt,12ada0e2a8964d6e8c0a815bd06f14a4c9bb1a34809eb397ee02596ec08273a3,3d20b85f59890a79e0f6c71d5f96163eed1dce44868f193c380fa5b87693181c,e1e1e1e0e4e1f1f0
syn_syn_000250,syn_syn_000250.jpg,mendeley_synthetic,True,syn_grp_0202,train,6,"[0, 2, 4]",images/synthetic/syn_syn_000250.jpg,labels/synthetic/syn_syn_000250.txt,6fbcb856f418a4895960b65dbc07d3045e1677f83e91d4e7ccf761a352001ccf,ae93dd34d53c067732751730e35022f0531292661ffd8ec9f209b452b52bdb76,07050101f1f5ffff
syn_syn_000251,syn_syn_000251.jpg,mendeley_synthetic,True,syn_grp_0203,train,6,"[0, 2, 5, 6, 7]",images/synthetic/syn_syn_000251.jpg,labels/synthetic/syn_syn_000251.txt,44ae91bd3139c4ad88627bdb40a3770830890ac7ea222b2e6acdd31f409e610f,518f7349a293c23361395137729559726c32c6494baadcce9afd7485eb98ebb2,0f030f272707031f
syn_syn_000253,syn_syn_000253.jpg,mendeley_synthetic,True,syn_grp_0204,train,4,"[1, 5, 6, 9]",images/synthetic/syn_syn_000253.jpg,labels/synthetic/syn_syn_000253.txt,7d202981674aa7d2df1b330fce5a8dd7e0651ec17ab05dc5f93f9bb0cb52a33c,af5ff2a5417937ccc13d710ccaaac9d714ca9f3129db6e66edd1ca2568075e1a,070f0f07030fafe3
syn_syn_000255,syn_syn_000255.jpg,mendeley_synthetic,True,syn_grp_0205,train,2,"[4, 5]",images/synthetic/syn_syn_000255.jpg,labels/synthetic/syn_syn_000255.txt,79a4322a598370f98a1e0a51720f4a3a4082a0a29ed5016fba95705a46bee094,32e9848ca47e6093088c27df7bfaef575618b47542481df046e8d0fee4ca9cdf,b0e0fc5c1c09c78f
syn_syn_000256,syn_syn_000256.jpg,mendeley_synthetic,True,syn_grp_0206,train,1,[6],images/synthetic/syn_syn_000256.jpg,labels/synthetic/syn_syn_000256.txt,2977a3dec05ceba0363aa6825b4ab51f948cdbb907568e92484c8be465ab144f,1c1f17068abe8df9612bdb759e077fa498f884925f04bab8e30c5677fdb76c55,687cad25c3060332
syn_syn_000258,syn_syn_000258.jpg,mendeley_synthetic,True,syn_grp_0207,train,4,"[1, 2, 7]",images/synthetic/syn_syn_000258.jpg,labels/synthetic/syn_syn_000258.txt,a0a71fc1b26a34924b41acfb3970b9f1041f0790a0cda0a76ce4fc45ce460ef0,814215ec5f3e4416e680a317d9bcfe2436b98b1a6f18da31eccd44e51c9fa219,0f0f06443f3b1e7f
syn_syn_000260,syn_syn_000260.jpg,mendeley_synthetic,True,syn_grp_0208,train,1,[5],images/synthetic/syn_syn_000260.jpg,labels/synthetic/syn_syn_000260.txt,4ebd92e363930c41b4106963b92e596522390211be969957e9702a8ff96c622c,b0fa99809dc0ed3d7e87fdc9d6bac3d8ece251244b345e7b69f6c84431c67fd0,787870747c7e7e7e
syn_syn_000261,syn_syn_000261.jpg,mendeley_synthetic,True,syn_grp_0209,train,1,[4],images/synthetic/syn_syn_000261.jpg,labels/synthetic/syn_syn_000261.txt,47c986b9fe92c9a32e38405c4c9d2e9cdb39ac785ea7d6f3dcb787db655fe439,d7bc14a5fd64ea32ec1e97fc702bc41b3a1b7d7d460550e427f922c99a0976f7,041fe73130be9f8f
syn_syn_000263,syn_syn_000263.jpg,mendeley_synthetic,True,syn_grp_0210,train,5,"[0, 1, 5, 9]",images/synthetic/syn_syn_000263.jpg,labels/synthetic/syn_syn_000263.txt,8322471a2062d617f02c73514179719f5fb7858840cebe180eadc806b7b18fbd,5aef944408f9efeda221717ba188e91faa6745414226e334966440fb1f64cb90,ffffff08183c4000
syn_syn_000266,syn_syn_000266.jpg,mendeley_synthetic,True,syn_grp_0211,train,4,"[1, 2, 6, 7]",images/synthetic/syn_syn_000266.jpg,labels/synthetic/syn_syn_000266.txt,b3f45c4c3fd46f54689d73cb7f1e1bfe8581ec028709c0f07b4a3257184e6213,ead8b5f67d53dd88fa8bacec4d15ad0f2b660fb39290e335bf411efa18767387,031b3b707081f1c1
syn_syn_000268,syn_syn_000268.jpg,mendeley_synthetic,True,syn_grp_0212,train,2,"[0, 9]",images/synthetic/syn_syn_000268.jpg,labels/synthetic/syn_syn_000268.txt,a96080d6e14daef5b3a8cc1bdd67e4c9fb44da6775f026a2f8221d7dabec8ef4,110e5c492157e894eef401d98c1fa7d50c1005ce0d2bc2d05335103dd8286282,0f1f17072f1b093f
syn_syn_000269,syn_syn_000269.jpg,mendeley_synthetic,True,syn_grp_0213,train,1,[5],images/synthetic/syn_syn_000269.jpg,labels/synthetic/syn_syn_000269.txt,b5af9833e961ee8a35f2489472fbdfaab316f42b73583f536655f5ee4563830b,3f2dd90369aa92fcb954a6e2fbf1ecf812537c2e83c61bfb4d47b32c9cae8039,00031c79effff090
syn_syn_000270,syn_syn_000270.jpg,mendeley_synthetic,True,syn_grp_0214,train,3,"[0, 6, 9]",images/synthetic/syn_syn_000270.jpg,labels/synthetic/syn_syn_000270.txt,b3f5347d77198eb10c491a6384d871085497aba4d924334165d4c6ea2ba0d024,a50174db3c5740ffefeef295a8267c624c580df88c9c280239e9f54733fe2e0f,1f3f3f3f1b110000
syn_syn_000272,syn_syn_000272.jpg,mendeley_synthetic,True,syn_grp_0215,train,3,"[2, 6, 7]",images/synthetic/syn_syn_000272.jpg,labels/synthetic/syn_syn_000272.txt,3c8ce500bfbd934d67c730b7ba80104376792d48d365a1161167f2e5b90ab0ae,55f97e083ae18fc634abe788cb04cf0e56439dbe22358081cf433c4a2ea8b0aa,7f6301032f1d3d3f
syn_syn_000275,syn_syn_000275.jpg,mendeley_synthetic,True,syn_grp_0216,train,2,"[1, 5]",images/synthetic/syn_syn_000275.jpg,labels/synthetic/syn_syn_000275.txt,05f2eb4db136d5389efb90c49bd692f72ce6f8a0a95f888c53e58aed7eb75c6f,566e1d5c8fbfbe18e31adcbc1b9cbaba89d45f4423fc8ae313435e029fce976b,00f03f1ffffffcff
syn_syn_000277,syn_syn_000277.jpg,mendeley_synthetic,True,syn_grp_0217,train,6,"[1, 3, 4, 7]",images/synthetic/syn_syn_000277.jpg,labels/synthetic/syn_syn_000277.txt,7e9a97bc0229ff049aea462f51b3e12cfd7f672e6dd8e6880c53125cefab19c4,01742e07f167316b321b8e6f535765ca1f6d54b7bb029e577af4c7653293faf2,ff3fbfff10000000
syn_syn_000279,syn_syn_000279.jpg,mendeley_synthetic,True,syn_grp_0218,train,5,"[1, 3, 7]",images/synthetic/syn_syn_000279.jpg,labels/synthetic/syn_syn_000279.txt,925c1080a40a72a4180db761fd2d39d9c6e5bed177cdb349c41a250d3dbfa79e,4c1eeca86a1cf523e519b4a1706e4757d81d8a014c588bc75ecf1f39596ff8bb,f0c000f8e0893f7f
syn_syn_000281,syn_syn_000281.jpg,mendeley_synthetic,True,syn_grp_0219,train,1,[1],images/synthetic/syn_syn_000281.jpg,labels/synthetic/syn_syn_000281.txt,3b7efbfacc611548c5c390611212aa78bb7f0a4b0ee7d0c7721859082c03bd06,9a188cfbc23b4da2d3ccc6b45afb5ed9ba56d098fb75e71ea31cc9538af04c29,0727070707070f2f
syn_syn_000282,syn_syn_000282.jpg,mendeley_synthetic,True,syn_grp_0220,train,2,"[2, 4]",images/synthetic/syn_syn_000282.jpg,labels/synthetic/syn_syn_000282.txt,c7a255d3611de0ea73009cb53e8edff029f884f80b8df144b117b67dcf249181,82c566005e2663e16c9c34bf8f41ac0e8d70b5051924f529021c72e302b1c5f4,0000703060ecffff
syn_syn_000283,syn_syn_000283.jpg,mendeley_synthetic,True,syn_grp_0221,train,5,"[0, 2, 6, 9]",images/synthetic/syn_syn_000283.jpg,labels/synthetic/syn_syn_000283.txt,f6d3ca0185553142c3f8819e0624efdc9fe0734c90fd0e075766b4da273bdbf3,b64d65bac366075f217d80e6fc0c066a21a7ac85396a4208874c6fe90353f866,407030385c9e074f
syn_syn_000284,syn_syn_000284.jpg,mendeley_synthetic,True,syn_grp_0222,train,5,"[0, 5, 7, 9]",images/synthetic/syn_syn_000284.jpg,labels/synthetic/syn_syn_000284.txt,b2c662941c69c17c285efc17ed85966e7a5da4d80b15b6b353f43020cf4e0521,d4c3d651f0300fbc66685b362d8d5b8acd4596a01d524d03f088448ed02f15f1,8f86878747e7a080
syn_syn_000285,syn_syn_000285.jpg,mendeley_synthetic,True,syn_grp_0223,train,5,"[3, 4, 6, 9]",images/synthetic/syn_syn_000285.jpg,labels/synthetic/syn_syn_000285.txt,4bade093d44126ad3427fcb1d79626376d7179af60d8461a07d739374b3ad838,8d0f212d545b4108a3e3f6f6132cea8f1c1e910ea944b4aebe058940e6ccd8f5,81012707c7c7e767
syn_syn_000289,syn_syn_000289.jpg,mendeley_synthetic,True,syn_grp_0224,train,5,"[1, 4, 5, 9]",images/synthetic/syn_syn_000289.jpg,labels/synthetic/syn_syn_000289.txt,ac84035b1ee08714138819c46338f87c397a16b9b9a4f16e984419ebc9853641,0432f29f4b93c952e52c8c24c4f8be15f730a49c7dfd4585f33e07743d0983b9,3e1f737b07038fff
syn_syn_000292,syn_syn_000292.jpg,mendeley_synthetic,True,syn_grp_0225,train,5,"[0, 1, 2, 7]",images/synthetic/syn_syn_000292.jpg,labels/synthetic/syn_syn_000292.txt,e2b409929cc3158a6535a2f9d0b5dfb21ba5aae355416d9b39292903ea146b3d,25b39e79d2ecd53e2531ac9ce44a49312f950f62bbdc54a5e4db0ec93e0fba9e,7f7f7f4283036f03
syn_syn_000295,syn_syn_000295.jpg,mendeley_synthetic,True,syn_grp_0226,train,2,"[1, 7]",images/synthetic/syn_syn_000295.jpg,labels/synthetic/syn_syn_000295.txt,16737ed228345ca34ce648b95638959e9dc0a1bebc8e6f168751ede5f756407e,4d5e46840f64a9555de9c98a32c612915214c9c79134c6725c621d78f84e234d,040000203e3e3e1c
syn_syn_000296,syn_syn_000296.jpg,mendeley_synthetic,True,syn_grp_0227,train,2,"[5, 6]",images/synthetic/syn_syn_000296.jpg,labels/synthetic/syn_syn_000296.txt,57f3868cf7ddcd0b3ebc38a63e6e987458a0e9414d359eb4248c9f81675ddc08,de41c8da17ba1c7166e70e8e9fc121d21ebfef8f0268bedc21aa57f1b725faf8,60f070e1f1e1e6e1
syn_syn_000298,syn_syn_000298.jpg,mendeley_synthetic,True,syn_grp_0171,train,2,"[0, 6]",images/synthetic/syn_syn_000298.jpg,labels/synthetic/syn_syn_000298.txt,05442c8b399541f4cfd06781375722855f99ad57b366de17fea38f8f0dbd10eb,426e4f4b18c5e00eb8c7a7d82a75ebdd4bfc5a2928edc6a282657f70c4a67908,230b0180c0e0e9ff
syn_syn_000300,syn_syn_000300.jpg,mendeley_synthetic,True,syn_grp_0228,train,6,"[3, 5, 7]",images/synthetic/syn_syn_000300.jpg,labels/synthetic/syn_syn_000300.txt,b1c2ee8f9b2ed72ad902814a1d5d376b98330a39765b5fbcdb90e487ab7b489a,f561a302bd6b02387b534baa31af42525211f2bf4b6000cf790b935e14b3f172,1f07e77f87074b6b
syn_syn_000301,syn_syn_000301.jpg,mendeley_synthetic,True,syn_grp_0229,train,1,[7],images/synthetic/syn_syn_000301.jpg,labels/synthetic/syn_syn_000301.txt,dc6da4eb8d5df950fb4c5a9a135b2f2e773d0b6d4610c052deeee12be5884769,5c8315efdc9ae14d1567c934f9ad91bdf1d7ba8dc5fefe8d05f66b964018591d,0b191e3f1f0b8080
syn_syn_000302,syn_syn_000302.jpg,mendeley_synthetic,True,syn_grp_0230,train,3,"[0, 4]",images/synthetic/syn_syn_000302.jpg,labels/synthetic/syn_syn_000302.txt,8aae4cf533afc1fd9806d1be4b767fcca6c3bdad3107ef733012584ce7a6a849,e8f5ac344e47af46ad9c4ae8783a7ca30fe9bb3224a40dd366df6ed7eaf92067,c1f8dc0112f1f1f0
syn_syn_000304,syn_syn_000304.jpg,mendeley_synthetic,True,syn_grp_0231,train,3,"[3, 5, 6]",images/synthetic/syn_syn_000304.jpg,labels/synthetic/syn_syn_000304.txt,989704244c045cfab60c80f2aae9f0634590e577fc85c342d45c2b09c78b736e,0e51434f6d077a696de2208691eb578a6135ad2a2338c63c318eaf624eaed2f5,0707073f3b393012
syn_syn_000309,syn_syn_000309.jpg,mendeley_synthetic,True,syn_grp_0232,train,2,"[3, 9]",images/synthetic/syn_syn_000309.jpg,labels/synthetic/syn_syn_000309.txt,1cf9f36171c87335c723e4d3a364f4b82768f779fed26a2533db5ed6e2172c74,9f309557c4b33b8124c45dbf45d2e18c025edcd5cf8d7c287b539c67cf8f13f7,fdff9f0300a0e1eb
syn_syn_000310,syn_syn_000310.jpg,mendeley_synthetic,True,syn_grp_0233,train,1,[4],images/synthetic/syn_syn_000310.jpg,labels/synthetic/syn_syn_000310.txt,a8815fb9acf33f90423c79d6d7373c6fde764edb925dcb99ceec98be7bcec7ed,3aa28b1c94bad756a560e2a4a764c2ec20f3288c82b09b67a65306fd5184a3a2,808038b1c1e7f63e
syn_syn_000311,syn_syn_000311.jpg,mendeley_synthetic,True,syn_grp_0234,train,3,"[6, 7]",images/synthetic/syn_syn_000311.jpg,labels/synthetic/syn_syn_000311.txt,1e4fb3bc5fdd2793bd68f698e80b6a81ece2e2d4f38f0577b6efd4b09fa9fd4d,fa6d46fbe04f298578736e362b7e3040321d0e69963c3358ce37d34c709184b3,0f0fcf0f077f1f3f
syn_syn_000312,syn_syn_000312.jpg,mendeley_synthetic,True,syn_grp_0235,train,2,"[3, 7]",images/synthetic/syn_syn_000312.jpg,labels/synthetic/syn_syn_000312.txt,5e9dd80a4eec760276330f922baff51f1c811a547534161aeb552dec688f1fb4,8d0aed902ec53a014abef8824be10cf96ac0b83d85f46c7ad7a799f073cba649,43c70f1f171f3f19
syn_syn_000313,syn_syn_000313.jpg,mendeley_synthetic,True,syn_grp_0236,train,3,"[4, 5, 9]",images/synthetic/syn_syn_000313.jpg,labels/synthetic/syn_syn_000313.txt,1919627373b24a238d0bfc065eed7f160122a406943b2d07d9bc73d584fb7d83,796fd56a86d3c7a5d9ee88ac88c0672dc65400d17b707cb09bfaf9da5617a2cd,8343b3ac78e8c464
syn_syn_000315,syn_syn_000315.jpg,mendeley_synthetic,True,syn_grp_0237,train,5,"[0, 1, 4, 7]",images/synthetic/syn_syn_000315.jpg,labels/synthetic/syn_syn_000315.txt,28f9a2451aafc7a439b4058f9d3c74246b573ee457868d3e7fcc04b2d6c6db5b,11ef75be8eb1e1ae83cd93656e07300b69b4f9efc41b072afe1921b0ae75bb45,1c085c0d9164667e
syn_syn_000319,syn_syn_000319.jpg,mendeley_synthetic,True,syn_grp_0238,train,4,"[3, 5, 6, 7]",images/synthetic/syn_syn_000319.jpg,labels/synthetic/syn_syn_000319.txt,a3d428d3c4a50a7e3f593637cade98a32147fba6e2cb172f4b9498035af1d835,7b431e79389425c4269a2f40a2b79412fc6407e52547955a35b11253b954a353,00000c3e3f3f1f00
syn_syn_000325,syn_syn_000325.jpg,mendeley_synthetic,True,syn_grp_0239,train,3,"[1, 2]",images/synthetic/syn_syn_000325.jpg,labels/synthetic/syn_syn_000325.txt,0a60f33e8e67541dfb274a9077a6cf3671562844d9e8ee438bc4674c90c7ab87,e517e6f2a5337b3dcadf32e0213b7e7993230a5cae5f8ab9cd701f3665133839,1f1707074727b623
syn_syn_000327,syn_syn_000327.jpg,mendeley_synthetic,True,syn_grp_0240,train,5,"[2, 3, 5]",images/synthetic/syn_syn_000327.jpg,labels/synthetic/syn_syn_000327.txt,f548879b309332a8b8eca72ee3e2a63c572c8f55019911e205c365205fa34f3a,f9cdae4752eaf0ae7bbe8c2edc8610dd4caae70cd58174128175749b64541eea,00101af8d8c8efff
syn_syn_000329,syn_syn_000329.jpg,mendeley_synthetic,True,syn_grp_0241,train,1,[5],images/synthetic/syn_syn_000329.jpg,labels/synthetic/syn_syn_000329.txt,f969ba7a0c552788eb6315be8d2e26063b1fe8f1c9da3ebdfdcf9d308e68850f,113fab6f705f4519787e545520051d087db709c0aeed2889b652eb2bef642c99,7c7ff8c0839fbe1f
syn_syn_000330,syn_syn_000330.jpg,mendeley_synthetic,True,syn_grp_0242,train,4,"[0, 2, 4]",images/synthetic/syn_syn_000330.jpg,labels/synthetic/syn_syn_000330.txt,f827d39dc2086c3c7913770c1c287f83398ab12db6447160f105653c6b14330d,facbe6ca06139abd74ea54f1d8e6e40303419ca76d1ad405160a7bf62c478b1a,a0e8848eece1a0ff
syn_syn_000331,syn_syn_000331.jpg,mendeley_synthetic,True,syn_grp_0243,train,2,"[7, 9]",images/synthetic/syn_syn_000331.jpg,labels/synthetic/syn_syn_000331.txt,cf718a1b138fb9b37779e5a275e60493062f5e6bd32df3975b2a1b9cfea0d8ab,01b8ad3df20776d2d8119490de40ab2e8735178a438fd38d6910b556528e4187,00073f3f3f3c3c00
syn_syn_000334,syn_syn_000334.jpg,mendeley_synthetic,True,syn_grp_0244,train,6,"[0, 1, 2, 7, 9]",images/synthetic/syn_syn_000334.jpg,labels/synthetic/syn_syn_000334.txt,fd61ce10092aa79768e74ecc2810f7b970f250a9505dde961aa366d87a52a210,0f4868630aca220a0ad78992ded2cd09a3c92823bb39608d594ad0309e5493e5,80e0f8fcf0fc7cf0
syn_syn_000336,syn_syn_000336.jpg,mendeley_synthetic,True,syn_grp_0245,train,4,"[3, 4, 7, 9]",images/synthetic/syn_syn_000336.jpg,labels/synthetic/syn_syn_000336.txt,f475cc596dfdcaa8a86f9a52a8b522a4db01dacf3a5b910e943435282e36c62b,0dc345bbdb83c083109b1bb9ff59cdba0686eef336c694276326f0aec9baef1c,0fae0f1c387caa34
syn_syn_000337,syn_syn_000337.jpg,mendeley_synthetic,True,syn_grp_0246,train,5,"[2, 4, 5, 6, 7]",images/synthetic/syn_syn_000337.jpg,labels/synthetic/syn_syn_000337.txt,b8f459e3a7e2a0a156c7ca7f05d70ab76a073c387b45e2c131fe9273cf6ba298,8cab3638a05c1d0979010625bf564a520ba0e25788d8b91b6e7465fd13abf8da,e170f0f0c3c7fdff
syn_syn_000340,syn_syn_000340.jpg,mendeley_synthetic,True,syn_grp_0247,train,6,"[2, 3, 4, 6]",images/synthetic/syn_syn_000340.jpg,labels/synthetic/syn_syn_000340.txt,9482acca68d374f9b1091d914da115491c20ea55859fff6f403307acf4433da7,a0bd54c16b504dbdcc2940b13f366b8ff84f87475aea608ef1684935579b4bab,36b893b0f13b3f0f
syn_syn_000341,syn_syn_000341.jpg,mendeley_synthetic,True,syn_grp_0248,train,6,"[2, 3, 4]",images/synthetic/syn_syn_000341.jpg,labels/synthetic/syn_syn_000341.txt,2929eb02f839f5987c759eb49fa3bc516cb9e99efe4311fc72e51277ac25d425,369253234b56aefa16d10d2e7a0bd6b41c4e0ddd809b83e2d9770663329a81ee,fe7988d4e46c96e2
syn_syn_000342,syn_syn_000342.jpg,mendeley_synthetic,True,syn_grp_0244,train,1,[1],images/synthetic/syn_syn_000342.jpg,labels/synthetic/syn_syn_000342.txt,6b469cf1bd3bc168646b206952d2eac34b972b9869d1ab18333a0433f30b5ed9,734e6cc2d0aab18c7c8980dd7df44dcc75da5f023cecaca0721b83951947fe1e,80e0f8fcf0fcfcf0
syn_syn_000343,syn_syn_000343.jpg,mendeley_synthetic,True,syn_grp_0249,train,2,"[0, 3]",images/synthetic/syn_syn_000343.jpg,labels/synthetic/syn_syn_000343.txt,183894cb04892628fc2869da92a1ea0393035b2a95c8fa7636c60b71599dc907,c3c8b19f191d81bf91a4d32721f2ee03ece9c56daa2057693ccb3e475eae1e98,000084bc380b76fc
syn_syn_000345,syn_syn_000345.jpg,mendeley_synthetic,True,syn_grp_0250,train,1,[9],images/synthetic/syn_syn_000345.jpg,labels/synthetic/syn_syn_000345.txt,b41ca82a9620d40fab0a23d0acb04d110e93056579f14eab9831ec422afd0575,00620799e0a728b102d6c60b1f77b8b4ff4c3a5548565af18b5fd96aad592428,088f83a803647b7f
syn_syn_000346,syn_syn_000346.jpg,mendeley_synthetic,True,syn_grp_0251,train,6,"[0, 3, 5, 7, 9]",images/synthetic/syn_syn_000346.jpg,labels/synthetic/syn_syn_000346.txt,28ba7f14876a3cdc9dd6f69b976973ddab706dfa693c095699c02f8936d3db1c,ca4f61a74de0c443ddd5c21b4e29e6c0ab93641ce485b3357bad453727663ca6,6fc380410b0f67ff
syn_syn_000347,syn_syn_000347.jpg,mendeley_synthetic,True,syn_grp_0252,train,2,"[4, 5]",images/synthetic/syn_syn_000347.jpg,labels/synthetic/syn_syn_000347.txt,8495a7f929b45f7a5231f8d9ed9680b342e997a4727ca06c7953b365453af989,73f672df1ecdb607d03d35a641d3da21ccd5002feba26c589f645c5322985d93,001860402fbfffff
syn_syn_000348,syn_syn_000348.jpg,mendeley_synthetic,True,syn_grp_0253,train,2,[1],images/synthetic/syn_syn_000348.jpg,labels/synthetic/syn_syn_000348.txt,0f7fcf86ea321eb5ac858a2d37946a1086366433cf71aa134dc5a2695bec7628,a480ec5c63444cfaee6d3478a572f18c6494270a3acf0eb3cbd87a40ca05f840,00020101237f7fff
syn_syn_000353,syn_syn_000353.jpg,mendeley_synthetic,True,syn_grp_0254,train,4,"[1, 6, 7]",images/synthetic/syn_syn_000353.jpg,labels/synthetic/syn_syn_000353.txt,64938da76ac3dbf24d86ea3357e2fad35647c48472dab2ff1e411b239c7a5229,a81bba9a2f9f921d3c3effa59f1bd1a397141c7490891391590ed6bafc00bc10,fcfcfcb0f4601c10
syn_syn_000356,syn_syn_000356.jpg,mendeley_synthetic,True,syn_grp_0255,train,2,"[1, 5]",images/synthetic/syn_syn_000356.jpg,labels/synthetic/syn_syn_000356.txt,e77a05f85eeb03674a7bfb9032957edb8973e632a569ea49b1cc5c7fcfabfde7,cab2bcdd70800802b26abcee9e2fc273582f30d6f9e522ca2ae5fb08bcc97dcf,f8fafefcf8787c7c
syn_syn_000359,syn_syn_000359.jpg,mendeley_synthetic,True,syn_grp_0256,train,2,"[1, 7]",images/synthetic/syn_syn_000359.jpg,labels/synthetic/syn_syn_000359.txt,7d420e86904bd7d55b40099cb17709f9d1a0baa48bb62b6222a43e003f0d76ae,c220e89ab776a3b3cb07b3cb0c0a85396f819a563d8333851c08efeff9084e00,83a198d8e2ffdfdf
syn_syn_000366,syn_syn_000366.jpg,mendeley_synthetic,True,syn_grp_0257,train,3,"[4, 5, 6]",images/synthetic/syn_syn_000366.jpg,labels/synthetic/syn_syn_000366.txt,76bfe55f91b795814773351a22113cac5eb8a8342846a1ccfcf16a2e765d8009,df7d01112a1a914f0f1d173552e13eb5a0f186ae001f47eaef97368bebc357dc,fbf9f8e0c0f0e030
syn_syn_000370,syn_syn_000370.jpg,mendeley_synthetic,True,syn_grp_0258,train,2,"[1, 9]",images/synthetic/syn_syn_000370.jpg,labels/synthetic/syn_syn_000370.txt,96e9356eb2e6d2db35934fcc293290cdbedb4d0a678148f615ffa25af71a2616,fe62284882c8401fa7dbd1e71a562976bc4e40721ac613c47582be6ed6a3e315,dfffef2881c86404
syn_syn_000371,syn_syn_000371.jpg,mendeley_synthetic,True,syn_grp_0259,train,4,"[0, 1, 2, 5]",images/synthetic/syn_syn_000371.jpg,labels/synthetic/syn_syn_000371.txt,0b8f9768953ac1d2f1f6afe325735ac35545c65a213d9a1e1a69aa842b887c2b,df1b8bb249f1e56d536f0e87d3772274e50ade97d143030a5a4062535ac4f361,0703081e0f0f0f03
syn_syn_000373,syn_syn_000373.jpg,mendeley_synthetic,True,syn_grp_0260,train,4,"[0, 1, 2]",images/synthetic/syn_syn_000373.jpg,labels/synthetic/syn_syn_000373.txt,bb5de7cb62ce2d21b44f24fff934d7c7b7e0852623aff77ba1a94e186696cfa1,bf15aa56a9db21f837e85019f55ed392d926c491ae4fade0a86a59d410578852,000001e7f2ffffff
syn_syn_000374,syn_syn_000374.jpg,mendeley_synthetic,True,syn_grp_0261,train,6,"[0, 1, 4, 5, 6, 9]",images/synthetic/syn_syn_000374.jpg,labels/synthetic/syn_syn_000374.txt,9e7613e0acc45b78e1058a0bdf61c28587a9ffb1b73db25522b5b8322006b4ac,067385caedab5f9b4cb150f1cea9aa39ed394adca3a9c6b503023c6b567cbe3a,0000737870716303
syn_syn_000376,syn_syn_000376.jpg,mendeley_synthetic,True,syn_grp_0262,train,3,"[0, 5, 6]",images/synthetic/syn_syn_000376.jpg,labels/synthetic/syn_syn_000376.txt,2dbde10865e59a05218843d2a5ba564045d5c40743fcb796233627f5af9dbd86,d50a6efaa7dc4faec8e0a13cab5e34a963c4a46008dbf830701dd537148d8303,30383c3e3f30f8f9
syn_syn_000377,syn_syn_000377.jpg,mendeley_synthetic,True,syn_grp_0263,train,4,"[0, 5, 6, 7]",images/synthetic/syn_syn_000377.jpg,labels/synthetic/syn_syn_000377.txt,2f76a0bde2d90628e089c797a6cfd7b035c8098ed98345c609bbd352492c0d30,ebf1eda79c41163fa8387719356f2e15951903fa40661ad30837a482096a390d,4e1b0f0dcfcb1b13
syn_syn_000379,syn_syn_000379.jpg,mendeley_synthetic,True,syn_grp_0264,train,5,"[1, 3, 6, 7]",images/synthetic/syn_syn_000379.jpg,labels/synthetic/syn_syn_000379.txt,64562c13219dceb71189d436e792ec9ae14302d5d9495ada2982117127a1afee,a8845b9a71471607194749eb2c105c510f4958f251052acd7fe75161775b6531,1f0f030f3f3f1b83
syn_syn_000381,syn_syn_000381.jpg,mendeley_synthetic,True,syn_grp_0265,train,4,"[1, 2, 4, 6]",images/synthetic/syn_syn_000381.jpg,labels/synthetic/syn_syn_000381.txt,4a0b950e2769efbef5377a1de1bacfe6ac8f31dc291c63b0e86eca100e03859d,727a38173d793c5bcd57c659b4c5c2a0a3113b7e783447d2f104dd3dc7a1d45e,0f1f1e5e6e103061
syn_syn_000382,syn_syn_000382.jpg,mendeley_synthetic,True,syn_grp_0266,train,2,"[5, 7]",images/synthetic/syn_syn_000382.jpg,labels/synthetic/syn_syn_000382.txt,ab5a51e23de0f6d0fb8a3b1c28e6eef253c9b569db9699f5c8dd00f5c1bba26f,24c217c8dc1af40b6c1f8bbaacf194b91e8b39614e4ac43a367fdea8cae9ca32,68fbc83a81c67248
syn_syn_000384,syn_syn_000384.jpg,mendeley_synthetic,True,syn_grp_0267,train,2,"[1, 2]",images/synthetic/syn_syn_000384.jpg,labels/synthetic/syn_syn_000384.txt,4723625a5e1a52129a1b39459cac1f52fa33155361becbbb046b7f6068e0edb8,b0409facf1646914e832104e8a5b0b07203b79106b5d05e6b214598f889e5e7b,499cb4f6e4a4fefe
syn_syn_000385,syn_syn_000385.jpg,mendeley_synthetic,True,syn_grp_0268,train,6,"[0, 1, 2, 5, 9]",images/synthetic/syn_syn_000385.jpg,labels/synthetic/syn_syn_000385.txt,2d5db0e90a597fc43d6893f7d0f059a8f71ef86499192c76f728cb45a2788594,7042dc38a94db875e05c21c9e2546f8d2f3d860a40b165dd2c29ed8de0d56074,f0f0c08606db6320
syn_syn_000391,syn_syn_000391.jpg,mendeley_synthetic,True,syn_grp_0269,train,3,"[0, 7]",images/synthetic/syn_syn_000391.jpg,labels/synthetic/syn_syn_000391.txt,c9004ec3a25935ed0bfd38daabbd3cd091e49eb15d2c6241601196c445f91470,b4dd9fee220e2ab9da055a218b48ad01b6b986d004cb7f29088306bd758a352d,1f0f272723070507
syn_syn_000392,syn_syn_000392.jpg,mendeley_synthetic,True,syn_grp_0270,train,4,"[0, 4, 7]",images/synthetic/syn_syn_000392.jpg,labels/synthetic/syn_syn_000392.txt,ba9c38792866cc9b1f9b397a05abde07d3d446c0ca761fb8d656c85309cc8641,86ea1d3868c5ee28b9c90522dbb6c1bb491d2308092d22c92820fb5173ce23a3,ff82ffffd180c1f0
syn_syn_000393,syn_syn_000393.jpg,mendeley_synthetic,True,syn_grp_0271,train,1,[9],images/synthetic/syn_syn_000393.jpg,labels/synthetic/syn_syn_000393.txt,f4f0c78abeb13f6e2cacccabd2345d5f445fb5f12fef89a0ae5a0fec3a39dd54,86eeddd09d3265317f5f82174ba65c5779be9e9e84fcfbdee03d6e43bce27267,ffff7e67602b2406
syn_syn_000394,syn_syn_000394.jpg,mendeley_synthetic,True,syn_grp_0145,train,2,"[3, 9]",images/synthetic/syn_syn_000394.jpg,labels/synthetic/syn_syn_000394.txt,5a197a3c6cf0fd24cdd8ea555ce0e85a79e507e597058d08d39f1314871436c4,161505b8596ba059ee008ffc7a9a32162bc26ce0976576700f8815c24df479cb,030f0f0f0f070707
syn_syn_000398,syn_syn_000398.jpg,mendeley_synthetic,True,syn_grp_0272,train,4,"[1, 2, 4]",images/synthetic/syn_syn_000398.jpg,labels/synthetic/syn_syn_000398.txt,962ba697d6ebb34d3fbd0b8d33f6ca605065687d2f848fe2cc5710e1e47a174b,42b89e0c87fca7a008c2a8c13810617e9e34702ecbc66899e2f903420c5b7188,0e07074787038f8f
syn_syn_000401,syn_syn_000401.jpg,mendeley_synthetic,True,syn_grp_0273,train,3,"[5, 6]",images/synthetic/syn_syn_000401.jpg,labels/synthetic/syn_syn_000401.txt,c282525868069e5de024504d8044fbc8893f5c9ac51ee8479d3c65c024a21b50,531f08e3524dacf377defad564dd0c0ef7aba18e340dbb7ee0e743480e471257,0000103c7e3f0701
syn_syn_000403,syn_syn_000403.jpg,mendeley_synthetic,True,syn_grp_0274,train,2,"[0, 6]",images/synthetic/syn_syn_000403.jpg,labels/synthetic/syn_syn_000403.txt,e69c406aa0cf72de0c70c491075b41e5d20847620c2d1ac9aa803cb3bb97cf79,30a4e7c5cc21e7ba50c546eeca53070e3b563ea41c2ef2cfc428f8a0fe69fa13,0000000efeffffff
syn_syn_000404,syn_syn_000404.jpg,mendeley_synthetic,True,syn_grp_0275,train,4,"[0, 1, 5, 9]",images/synthetic/syn_syn_000404.jpg,labels/synthetic/syn_syn_000404.txt,0a0307f53093e35fd2ae3bf955906dc418da659162da590455bbc2646ffcc67f,1ce67ae6517252aab728205ecb6c82b1b1f82b7f60cccbedc1bb3e47359f4273,0f0bab830387878f
syn_syn_000405,syn_syn_000405.jpg,mendeley_synthetic,True,syn_grp_0276,train,5,"[1, 3, 7, 9]",images/synthetic/syn_syn_000405.jpg,labels/synthetic/syn_syn_000405.txt,48b8df7013d80395ac769599b9c7727893f2bf79167467d458abaf534666fffb,107099e1856269541576835c78c0c4645114d7fd1447419a114e3362f1d0d01d,270f0f1f1f3f3f5e
syn_syn_000406,syn_syn_000406.jpg,mendeley_synthetic,True,syn_grp_0277,train,5,"[4, 5]",images/synthetic/syn_syn_000406.jpg,labels/synthetic/syn_syn_000406.txt,81b78fa86f6e4e36971db17b5f5c7fae29f855af7a24b809f3e6833f077ece35,2d3a9b326265faf1d95f4b1bf11c70786fc0710cd4ea7bab2b78c89b45d401bc,81400000063f3f38
syn_syn_000407,syn_syn_000407.jpg,mendeley_synthetic,True,syn_grp_0278,train,1,[4],images/synthetic/syn_syn_000407.jpg,labels/synthetic/syn_syn_000407.txt,e285e1a415d3562a0681ab3ed0011468e32b503ab4935629622a42915b0dbde4,3aa34be69c6ee3a8caf27686aa260ce553beb3a28f3b451f2d18fbcdf3d76635,73763e307173e5c1
syn_syn_000408,syn_syn_000408.jpg,mendeley_synthetic,True,syn_grp_0279,train,4,"[1, 3, 9]",images/synthetic/syn_syn_000408.jpg,labels/synthetic/syn_syn_000408.txt,c7a8f64485750416d953787b526b10bc4eb50e90ae471b64e603e66e7f97e889,6528ed53e92048869a216ec5577a3a066229879dfcc1a46e230b78122a054ff2,63793f93330b0f0f
syn_syn_000411,syn_syn_000411.jpg,mendeley_synthetic,True,syn_grp_0280,train,3,"[1, 4]",images/synthetic/syn_syn_000411.jpg,labels/synthetic/syn_syn_000411.txt,a873e8ccc16e860b978488973e3f8bf4daece8840235cd22880beb4db131ba22,f1f1adb81a6ac18dfec35e30ceee91b7f64fc96f630c50ff88b2fbdb925b2a8e,04050f0afedf3f07
syn_syn_000414,syn_syn_000414.jpg,mendeley_synthetic,True,syn_grp_0281,train,2,"[0, 9]",images/synthetic/syn_syn_000414.jpg,labels/synthetic/syn_syn_000414.txt,8ec3a427600ff3df12065cf215ee1068dd036f82b691fbc388639261dcf12134,f36330be9d44a8b0ea06b4b7b0d2cdb1947a6c6ed0a296440b83abadcb3f1f08,bbfae64e024c4e3c
syn_syn_000420,syn_syn_000420.jpg,mendeley_synthetic,True,syn_grp_0282,train,1,[0],images/synthetic/syn_syn_000420.jpg,labels/synthetic/syn_syn_000420.txt,635acc31952e92661802e4b6c9e5b5ebec2a6a47cb5e9a711b61ea1111ff80da,d730033d8eaf5b54a89b86a44df6560e6a88b909c1cc883b1880427ac89e3c77,1c1c3d381d0d0b01
syn_syn_000421,syn_syn_000421.jpg,mendeley_synthetic,True,syn_grp_0283,train,2,"[7, 9]",images/synthetic/syn_syn_000421.jpg,labels/synthetic/syn_syn_000421.txt,d91d784a488401286b2c01ccd66aa671ad0ad74612ba5408b1098cdc5a6524ac,e9344b2bc3817ea91d50a05892e44f768ee6d4460d418e1490374c6ea171f8aa,1f1f0f0737f38181
syn_syn_000424,syn_syn_000424.jpg,mendeley_synthetic,True,syn_grp_0284,train,3,"[1, 5]",images/synthetic/syn_syn_000424.jpg,labels/synthetic/syn_syn_000424.txt,e9c299ade62bb839823a1812ac730a1df5cc7e3795226feaca09deca62d4e707,b7205592bff8bda59d442f67164f9aea7feff11edba42948fd6b8c845678acb2,fff303033f1f3b03
syn_syn_000425,syn_syn_000425.jpg,mendeley_synthetic,True,syn_grp_0285,train,3,"[2, 3, 6]",images/synthetic/syn_syn_000425.jpg,labels/synthetic/syn_syn_000425.txt,0037cb6d63d1ce29a6eadc915bd42831dc612828634ecf9ce52fdd2d630e0048,c79425d9a08884581961fea6faef3c5b89e3b06295163207f30bd779d6ef76ef,093c5fcfff3e1f00
syn_syn_000430,syn_syn_000430.jpg,mendeley_synthetic,True,syn_grp_0286,train,1,[4],images/synthetic/syn_syn_000430.jpg,labels/synthetic/syn_syn_000430.txt,9cef461defa5c3d37e942b30acbc75ae02d966f3771479ddb878ed1d090a5761,4fcb7ff2937c1c40b4f948e50c9a0112fd9722661d2461e5f94a844b4f74a6cd,807070ffbfbf8780
syn_syn_000436,syn_syn_000436.jpg,mendeley_synthetic,True,syn_grp_0287,train,3,"[4, 9]",images/synthetic/syn_syn_000436.jpg,labels/synthetic/syn_syn_000436.txt,fda59bb4df4039c7e53b909a91275a8ae2b3246ade72830301d9f0b5397c9cb4,67a2a20ea6efa4da21a3c9b9b43fe874c007f2ab51610403bec5fe55cbb72119,0000fbf3ffffff7f
syn_syn_000437,syn_syn_000437.jpg,mendeley_synthetic,True,syn_grp_0288,train,2,"[1, 6]",images/synthetic/syn_syn_000437.jpg,labels/synthetic/syn_syn_000437.txt,4e92726523adad26dab27f5699efb12e1c6901e2c4d041a86cb4fb1ab239e9a0,171dcfda4c42c6fb27f53a7e7d48c720056549b43bbfec05845b8c35967d812a,0327e038cfcfe8f8
syn_syn_000439,syn_syn_000439.jpg,mendeley_synthetic,True,syn_grp_0289,train,1,[1],images/synthetic/syn_syn_000439.jpg,labels/synthetic/syn_syn_000439.txt,28de56d94fbff3098489401151b54e062608060f492669275bc5fddb0fecb182,15323f1c8106298e4b62c3b5ac5d3218927f623b183cdf7c7b1865c847fb43d0,184997b3b9cacedd
syn_syn_000440,syn_syn_000440.jpg,mendeley_synthetic,True,syn_grp_0290,train,5,"[1, 2, 5, 7]",images/synthetic/syn_syn_000440.jpg,labels/synthetic/syn_syn_000440.txt,fa6224d56a6ab636a4cd57f940a0197aecd665749ce551bd5aac8133262083e7,4dd0e68e0b72054a99ce9d335b55e38f47f8e75fcf690b3a23e8f445dc84ace2,00000121138be3fc
syn_syn_000441,syn_syn_000441.jpg,mendeley_synthetic,True,syn_grp_0291,train,1,[5],images/synthetic/syn_syn_000441.jpg,labels/synthetic/syn_syn_000441.txt,0c59bdb50b5ac28fc2eb0752d64538582517ffbf337c3934f0a92233243793ad,3597df9156acdf5d74883cf71b36f1ee2d0ab1cdf5623e26103e494fee64453a,ffffefdfff030004
syn_syn_000445,syn_syn_000445.jpg,mendeley_synthetic,True,syn_grp_0292,train,5,"[3, 6, 7, 9]",images/synthetic/syn_syn_000445.jpg,labels/synthetic/syn_syn_000445.txt,1e84b443718ca28a1444de8710584693e466110eb1221e884e146989c86eab05,888e314386eed17ab78c1f2143661a8c48f388b51f3a8518d424ac65df4f7fef,0401373307ff80ff
syn_syn_000446,syn_syn_000446.jpg,mendeley_synthetic,True,syn_grp_0274,train,2,"[5, 6]",images/synthetic/syn_syn_000446.jpg,labels/synthetic/syn_syn_000446.txt,f0102b3cf3cf4f77bfe5de7af76113dcaf8ec851052ddf7c670c22df4b172f63,6da0c34c7752775323dbde793045b79f24d114c569eedd7dcb74ec316b4ba6b9,000000013fffffff
syn_syn_000447,syn_syn_000447.jpg,mendeley_synthetic,True,syn_grp_0293,train,5,"[2, 6, 7]",images/synthetic/syn_syn_000447.jpg,labels/synthetic/syn_syn_000447.txt,718222dec7f67e703b40acf9b701444d7682c4a19da3e3425a201001eec2d606,269cf289cf451e6abf45110b093f9502b906afde2d506763b5299c324b9ce7c3,08191d3f3e580002
syn_syn_000448,syn_syn_000448.jpg,mendeley_synthetic,True,syn_grp_0294,train,5,"[2, 3, 6, 9]",images/synthetic/syn_syn_000448.jpg,labels/synthetic/syn_syn_000448.txt,a1a39402a6ad8ff21c80c491e5583a1e0231105f358a97cc29e73b97b9109971,f8e5fdfda03901a26c1271fdaa6e7e7a98f807cbce02952e0a6616f352946653,0f677d7c48080800
syn_syn_000454,syn_syn_000454.jpg,mendeley_synthetic,True,syn_grp_0295,train,5,"[0, 5, 6, 7]",images/synthetic/syn_syn_000454.jpg,labels/synthetic/syn_syn_000454.txt,ab1c8f792ce20e6ef7c0b59e9602c90be645d817503cb6fc66a55e651aaecb60,40950dcf439397d54200a60932fa5172f22594ced2da5dd905d6bf77c54a8c15,044400848ebffee1
syn_syn_000455,syn_syn_000455.jpg,mendeley_synthetic,True,syn_grp_0296,train,6,"[1, 2, 4, 6]",images/synthetic/syn_syn_000455.jpg,labels/synthetic/syn_syn_000455.txt,424dc6980051dd4ec8ae8554693af994b18409e31554e897b3b65db40b2b0b5f,cc2e743a4eabcc4f7b0d1a079aacc657022c11a613f81a7d33a3c0787fd680fe,0010b87e3e5cf038
syn_syn_000456,syn_syn_000456.jpg,mendeley_synthetic,True,syn_grp_0297,train,1,[1],images/synthetic/syn_syn_000456.jpg,labels/synthetic/syn_syn_000456.txt,e9c3a394a1607941350b5afc8823ac46503b173c8c5cc2c0fea753193e117840,20b8e05f09f0e1df1ff571c65d11031a380d8d02f0da0ba41c2d0d124c3db6c6,e2e0f0f8f8e0e0ac
syn_syn_000457,syn_syn_000457.jpg,mendeley_synthetic,True,syn_grp_0298,train,2,[3],images/synthetic/syn_syn_000457.jpg,labels/synthetic/syn_syn_000457.txt,a6a69121ba2f3f74320caa512e95cbf9fc6374c7933c232fb70ee267bfa3ad8a,c4ca671933cbc8d91de56a73df17d9329b12c0e976336c3c4bb199ae339ad6ac,3000070383dffcec
syn_syn_000458,syn_syn_000458.jpg,mendeley_synthetic,True,syn_grp_0299,train,3,[9],images/synthetic/syn_syn_000458.jpg,labels/synthetic/syn_syn_000458.txt,d7405505c3852477764fff6f7f71d8655c43188dd8f3527ae896c028de19d523,164d98746de74d8ccdf2f7420c36720862dd4d21ee55091337967e14c528b3e8,808c888cbebff2f0
syn_syn_000459,syn_syn_000459.jpg,mendeley_synthetic,True,syn_grp_0300,train,1,[6],images/synthetic/syn_syn_000459.jpg,labels/synthetic/syn_syn_000459.txt,95ed4790aa3de16afbe3e0a8980f8cd674c7191c0be1b5fe556c094abd6a1d61,d2234bfcdb30de45c68120d7ae44a81247c927f9ea9aca3e5185693507db78e3,fffdfcf0c00062ea
syn_syn_000464,syn_syn_000464.jpg,mendeley_synthetic,True,syn_grp_0301,train,4,"[4, 5, 6, 9]",images/synthetic/syn_syn_000464.jpg,labels/synthetic/syn_syn_000464.txt,a825f12498049a6f2a9c2346f448b925d3c4e8982cc77cc984c949f0e1f349ca,923b56c2c5d11f0fd8d4a4404c7b9e4d878cc36146a6eba466b98de4c832fa22,3e3e3f3d3c3e3e1e
syn_syn_000465,syn_syn_000465.jpg,mendeley_synthetic,True,syn_grp_0302,train,3,"[0, 4, 7]",images/synthetic/syn_syn_000465.jpg,labels/synthetic/syn_syn_000465.txt,d687c4413a2fcb50029869d396b228d19f5c98756cb99938bc70242b07b9c47d,346285f083d8d297632cf2892e437d5e4acc5d6129f52b3cf9972a50fe750042,070110211808f6ff
syn_syn_000469,syn_syn_000469.jpg,mendeley_synthetic,True,syn_grp_0303,train,2,"[5, 6]",images/synthetic/syn_syn_000469.jpg,labels/synthetic/syn_syn_000469.txt,887788d370941bec40dbe05e8ad80657a2ce7e0527e3232ed9e804b8dde5eff1,eb8714f0a0fb77650c1442b52aa7b43fd08a62394a4dcf2856e0ac441354f88d,20c0e0fe8f8eb0f0
syn_syn_000470,syn_syn_000470.jpg,mendeley_synthetic,True,syn_grp_0304,train,1,[3],images/synthetic/syn_syn_000470.jpg,labels/synthetic/syn_syn_000470.txt,e4d04271abb44ccb0ec29e512b0b4a89580669f06d4a051a5ecb44c0701a22ed,049e99c4ad1e406f289c86ab273cd6725a2b2ba3a61145019dd92e750005c863,e02404030b1d1f0f
syn_syn_000471,syn_syn_000471.jpg,mendeley_synthetic,True,syn_grp_0305,train,5,"[1, 2, 3, 6]",images/synthetic/syn_syn_000471.jpg,labels/synthetic/syn_syn_000471.txt,012c4260959762f2f669998bab56f30e3980a586440d0c6e2412e9421a71df4c,cab40c25b352d4dd91459a3581777364a5d833e0d35b5a7c76b183b8baa63ab6,0000ffe003ffffff
syn_syn_000472,syn_syn_000472.jpg,mendeley_synthetic,True,syn_grp_0306,train,5,"[0, 1, 6, 7, 9]",images/synthetic/syn_syn_000472.jpg,labels/synthetic/syn_syn_000472.txt,3061692517e34dd93931d7d73b73078260a1cb94ef83f499132b9ce04950c586,c23177421f2c19e3c4b67681020226b24790f3fdccc76c2907794681c5640bf2,c0c0b8f8f0f0e0e0
syn_syn_000475,syn_syn_000475.jpg,mendeley_synthetic,True,syn_grp_0307,train,1,[9],images/synthetic/syn_syn_000475.jpg,labels/synthetic/syn_syn_000475.txt,29eda316563a4dd1ee12ca4fc163ac02543faa1ec3901374067cfdd1924662df,f9eaeadc1cf8e0d6feee69e411e98ff93a641f6804ec8cd857f747bb15cbfa67,fff9f0c080010b33
syn_syn_000477,syn_syn_000477.jpg,mendeley_synthetic,True,syn_grp_0308,train,2,"[0, 3]",images/synthetic/syn_syn_000477.jpg,labels/synthetic/syn_syn_000477.txt,e48d57988332372beda7757a383d58a1a1c7788131d7bfa902da529f21a96cbe,7fd9be264eb97da3a34ae65fdb5a980de6d980bccb2484607d1b1e1e76b0fb8d,f8ffafa02ee380ce
syn_syn_000478,syn_syn_000478.jpg,mendeley_synthetic,True,syn_grp_0309,train,1,[7],images/synthetic/syn_syn_000478.jpg,labels/synthetic/syn_syn_000478.txt,936e97cdac061f82b0401790e7a58a0e42fc4576afa88dce5cbfec76475f4f6c,adf78f5369162dc8fec19b11f16e2e92e7305075f554bdad3cd9e60539921844,00000001030f7fff
syn_syn_000480,syn_syn_000480.jpg,mendeley_synthetic,True,syn_grp_0310,train,1,[0],images/synthetic/syn_syn_000480.jpg,labels/synthetic/syn_syn_000480.txt,bf52e44c1ea1e3bdd7ee06e34059f613bfaeab217536f3c27ef80f099bc91bdc,99380beaa010d80521f9c8ab24f72ffcbe1eb76ee21c227db8ea1c6c189cd3b4,0000c1e206f6feff
syn_syn_000481,syn_syn_000481.jpg,mendeley_synthetic,True,syn_grp_0145,train,2,"[1, 3]",images/synthetic/syn_syn_000481.jpg,labels/synthetic/syn_syn_000481.txt,c422ecb025d695577308d32df386d878dc8414b7a8f1716870cfe9faf8ab406c,59d7b79c70ad4250384d90465d62d99a7a5c83e7915342ba72436b17292cb9ea,0f1f0f0f0f0f0707
syn_syn_000482,syn_syn_000482.jpg,mendeley_synthetic,True,syn_grp_0311,train,2,"[0, 6]",images/synthetic/syn_syn_000482.jpg,labels/synthetic/syn_syn_000482.txt,ffcf371fc67c49b7808d596816265dc268c5604a701cc2c2f364a3c07156d29f,e527671e0c17e2db0a34423d96974adc5fb5fbc24e95400a1109f7d2cc5cb781,7f7fc3c0e4f29391
syn_syn_000483,syn_syn_000483.jpg,mendeley_synthetic,True,syn_grp_0312,train,4,"[0, 1, 2, 5]",images/synthetic/syn_syn_000483.jpg,labels/synthetic/syn_syn_000483.txt,f6eb32dd71317a7998e30b4edf38a50f9e0b94327229575d9465fe3b22f75bd0,d54713ecac8c1bc723d0fcdd9e6615fe64b25dad1dae554730e84a998da3ee43,f7c78f8ce7c60001
syn_syn_000484,syn_syn_000484.jpg,mendeley_synthetic,True,syn_grp_0313,train,3,"[3, 5]",images/synthetic/syn_syn_000484.jpg,labels/synthetic/syn_syn_000484.txt,47d8fbb2fec0f5742d4d241752c03f9e696ad0b5a1bd1ceb41db2387521b44dc,3bb1760fac354622b77d79f072a04cc01d99cd6cf7dc2f2181e60a776097c43b,e1618307070f171f
syn_syn_000485,syn_syn_000485.jpg,mendeley_synthetic,True,syn_grp_0297,train,1,[4],images/synthetic/syn_syn_000485.jpg,labels/synthetic/syn_syn_000485.txt,68f8bdc4140e4ca0fd7965848c49776fec4b1d962c3a08a7e4969a8e81f961fc,68069573b5e38eec1f8b36055d65d7fa8b3685e0d73fd89ad7561d45a4ba2d23,e2e0f0f8f8e0e0ac
syn_syn_000489,syn_syn_000489.jpg,mendeley_synthetic,True,syn_grp_0314,train,1,[4],images/synthetic/syn_syn_000489.jpg,labels/synthetic/syn_syn_000489.txt,95931d6e6816bf748e1c5e1604b81d6e0ba9fc5c10f3859c6ca4124a6e40e540,fb0e6227b6c4f1c116d11c5c78eb600bcd2cb2c278d92eac9f0f4e1515a650a1,f2f0e0800203908f
syn_syn_000490,syn_syn_000490.jpg,mendeley_synthetic,True,syn_grp_0315,train,2,"[1, 7]",images/synthetic/syn_syn_000490.jpg,labels/synthetic/syn_syn_000490.txt,3d4fb7b285a80faefb0ae04a15322d69fe74fd98559cb11d4134e162e2b1260c,106a5933fcac07da2b4284a65a304102a05ffff5d2161f4bcf5eef41e0878aad,982f07030a0323e7
syn_syn_000492,syn_syn_000492.jpg,mendeley_synthetic,True,syn_grp_0316,train,1,[1],images/synthetic/syn_syn_000492.jpg,labels/synthetic/syn_syn_000492.txt,50d7170c2c5fad1acecd69e2f72c438971ce486d7592157ec928ff395c61fed8,2359bc41fc5b46b86df4fff6ff3cfbcff6006dc769e1d576cf1475782af18f0a,60c684717c6c006e
syn_syn_000493,syn_syn_000493.jpg,mendeley_synthetic,True,syn_grp_0317,train,6,"[1, 2, 6, 9]",images/synthetic/syn_syn_000493.jpg,labels/synthetic/syn_syn_000493.txt,65ba96573ea490fbc88634efb6904d3b54fcd3366ed1fcadaaaec7feb2b7700e,a7a8730a30ba589e32284144e61babb2311182f4f52cc52388ad9d81a0b08f90,c040fcfcfc7060f1
syn_syn_000495,syn_syn_000495.jpg,mendeley_synthetic,True,syn_grp_0318,train,2,"[6, 7]",images/synthetic/syn_syn_000495.jpg,labels/synthetic/syn_syn_000495.txt,8f99c341d56c2eba5456258b0169d9c04d8ef393bfff9608eb132cc6caf260fb,8a4d37e5e942663b6cb8d792dfd5d35efa2cdb1469bec242ec3d9644b8a7a0de,096f6f0f0f3f0f5f
syn_syn_000497,syn_syn_000497.jpg,mendeley_synthetic,True,syn_grp_0319,train,5,"[3, 5, 6]",images/synthetic/syn_syn_000497.jpg,labels/synthetic/syn_syn_000497.txt,ae5a9771d7b82e3e1a503dd81e0f8576e7eccda4b0b82ce61dfbc74720891828,86d9d4378f54c35b216ed6c178be6c2b1bfd9dae880009bed5fb90a7d7f49685,fcfcb8e0e0e87c38
syn_syn_000500,syn_syn_000500.jpg,mendeley_synthetic,True,syn_grp_0320,train,2,"[1, 7]",images/synthetic/syn_syn_000500.jpg,labels/synthetic/syn_syn_000500.txt,7ab1e6314965d84997465263399925603dc63d199f43d9f6cff380f536d81814,6fe88af6ee62e0b1133a4202a11a42149bfbd0ad5d08058d520b8e7a54e17fb2,a680a67c6c0c100c
syn_syn_000501,syn_syn_000501.jpg,mendeley_synthetic,True,syn_grp_0321,train,4,"[1, 2, 7, 9]",images/synthetic/syn_syn_000501.jpg,labels/synthetic/syn_syn_000501.txt,c6f1180fa92eee0b73af048608a9bf5ccd278254d92b991f88030d34d0aa3492,d1f4c2ea3133bdcd7047dd429baf4d0a6e4f76cec6c76796510682cd1608e22e,fce8ac3c3070e0c0
syn_syn_000502,syn_syn_000502.jpg,mendeley_synthetic,True,syn_grp_0322,train,4,"[2, 4]",images/synthetic/syn_syn_000502.jpg,labels/synthetic/syn_syn_000502.txt,f8706d059d28e4083977fd3e8e141615e2e7317acd351c9827396575dff3408c,5c1f7f0eded521b5657cb3129150e994f3117ee2076c7a33529bfe4e250fd21d,3e7f7f0307030207
syn_syn_000506,syn_syn_000506.jpg,mendeley_synthetic,True,syn_grp_0323,train,3,"[2, 5, 7]",images/synthetic/syn_syn_000506.jpg,labels/synthetic/syn_syn_000506.txt,bb43fe973a3d038ac02691de7adf745506b64e5590877b05d7925a2c5241e3ef,d3f89fb087c532da1abf6fcf1a4347d2e41081e7a69508375e240a4775e6817e,08005c3edec3131d
syn_syn_000507,syn_syn_000507.jpg,mendeley_synthetic,True,syn_grp_0274,train,2,"[2, 3]",images/synthetic/syn_syn_000507.jpg,labels/synthetic/syn_syn_000507.txt,4ce118c9281e13f0cbba2f105dc3f7a2d393f971a2c01412a923c4138dfcc059,f7c9b9bebebff5d37d32b80960a7c0e23766f7e21aebbca1399f562ab0e0bb20,00000000ffffffff
syn_syn_000511,syn_syn_000511.jpg,mendeley_synthetic,True,syn_grp_0324,train,4,"[4, 5, 7]",images/synthetic/syn_syn_000511.jpg,labels/synthetic/syn_syn_000511.txt,c894308c28706e4248b469b00380c7099af8eb5d9e4e8a73a2cd9bcda49e0516,1f3a3e6096fb6ce76f5b07d5bef16757b1a8c79ed2f28cbf66319755ada0bf1c,f8f0f0fc1d030000
syn_syn_000512,syn_syn_000512.jpg,mendeley_synthetic,True,syn_grp_0325,train,2,"[0, 1]",images/synthetic/syn_syn_000512.jpg,labels/synthetic/syn_syn_000512.txt,8b0e1f3f9416340c9828fd870a990cc28a31066a4a62faa31f6df5454179b433,0d1f1c74476d0da771c994546cdeace6cfe7ee1c99f2cd90225ca7fbdb9622bd,e0d1f1e8f0f0e0f0
syn_syn_000513,syn_syn_000513.jpg,mendeley_synthetic,True,syn_grp_0326,train,2,"[3, 5]",images/synthetic/syn_syn_000513.jpg,labels/synthetic/syn_syn_000513.txt,1698c752f863b8e89bbee01985664b4ad31f6e146ee649aecc7fb5ed569179d4,c6821802c2d0490d21daca3f497e724e52f8948c8b601364f25c342bc2e0813b,0000ffe40001ffff
syn_syn_000514,syn_syn_000514.jpg,mendeley_synthetic,True,syn_grp_0327,train,2,"[1, 5]",images/synthetic/syn_syn_000514.jpg,labels/synthetic/syn_syn_000514.txt,f479f97b8b4be4398fde723461392073d78b80d11802426f5f03c9653be98f6e,1cfb1ab211b9ef6f5ce87245540d6712557ee203dde7821099e676b7535785e8,00593c3c1c0c1c1c
syn_syn_000516,syn_syn_000516.jpg,mendeley_synthetic,True,syn_grp_0328,train,5,"[0, 2, 4, 6]",images/synthetic/syn_syn_000516.jpg,labels/synthetic/syn_syn_000516.txt,6bc00283a58c56008b80fff8e8c7b707e2217948a455d761f64b8e24093605ea,06a57cd1321c987b26ddb0d522dd5543cd5c2ebf8a82b8378ea83572ba232bdc,80e4e4fcdcccf8e0
syn_syn_000518,syn_syn_000518.jpg,mendeley_synthetic,True,syn_grp_0329,train,1,[4],images/synthetic/syn_syn_000518.jpg,labels/synthetic/syn_syn_000518.txt,af302396e21c9d35c58a04dea72a60f1ea3dcac85ad330c371a919b20f1c3e59,f3979fc2a196bb573ddab028fdb472f80c866bc058d667c6d007bb53fb3252a1,e3e7e3e3e2e2e4e0
syn_syn_000521,syn_syn_000521.jpg,mendeley_synthetic,True,syn_grp_0330,train,3,"[1, 2]",images/synthetic/syn_syn_000521.jpg,labels/synthetic/syn_syn_000521.txt,cfb11e3099594e8194af8f70f50b68b3e982e46f63edb8883eb0f18081b8a451,17b1809f93657930733bce0dce9d86efcef6f3681ff549a664dd0af2d6993887,dab8b1b0e08381c1
syn_syn_000522,syn_syn_000522.jpg,mendeley_synthetic,True,syn_grp_0331,train,4,"[0, 2, 3, 6]",images/synthetic/syn_syn_000522.jpg,labels/synthetic/syn_syn_000522.txt,9aec0cc344c86a4b155f8be3c6e8a92358ba4a791cdea4ffbfa58fcfe9ad9ddd,0e481089e7c58d8b63e1b87650e5267f7c999f26aa9b58f09791ecbc9c5aceac,fcfed2e0989ca000
syn_syn_000524,syn_syn_000524.jpg,mendeley_synthetic,True,syn_grp_0332,train,3,"[1, 6, 7]",images/synthetic/syn_syn_000524.jpg,labels/synthetic/syn_syn_000524.txt,3c1beb04b67282ab10cba04b05920e47fbe06add3b841eb1ace327647d178b4f,be7fe621d606f2836227d029fb338440420458e31995c4f09cfb0b5c323b6a60,908880c8c8f9ffff
syn_syn_000531,syn_syn_000531.jpg,mendeley_synthetic,True,syn_grp_0333,train,1,[3],images/synthetic/syn_syn_000531.jpg,labels/synthetic/syn_syn_000531.txt,5b5994dd9b20b72ff440a3d829df618904ec381963469e62fd37ca28aaf5aa7b,260c5f653b964bf206976a66e64356ffcc68afb502011ddb891f2422c0f7e6cb,98b8f8f0f8f8f0e0
syn_syn_000532,syn_syn_000532.jpg,mendeley_synthetic,True,syn_grp_0334,train,4,"[0, 2, 5]",images/synthetic/syn_syn_000532.jpg,labels/synthetic/syn_syn_000532.txt,746d425e144433dc981c543c5274047eae3adc58ebc988a43eb20b13012132f7,44352ab94f48f8d4131d5638349843476b554cadf6d212133711df8df450e64a,9f9f3c7468e0e096
syn_syn_000534,syn_syn_000534.jpg,mendeley_synthetic,True,syn_grp_0335,train,1,[6],images/synthetic/syn_syn_000534.jpg,labels/synthetic/syn_syn_000534.txt,60d2bf238199481950370c42a2223c5387c15fc43fab6c8ff16b43a35c79e7db,01da829bc2ac52be0429d9d50730cddefe8f94a000b91cbe628a960438279d73,fe63707070f0f8f8
syn_syn_000537,syn_syn_000537.jpg,mendeley_synthetic,True,syn_grp_0336,train,2,"[1, 2]",images/synthetic/syn_syn_000537.jpg,labels/synthetic/syn_syn_000537.txt,c4351e401e97b2d5e0a3649cbd99df3c19ef164ebe57f38538649f6e5e5e3540,2d570ab5d9c5f7b27a0cefda6fbb5920e1fcbed70e6f65d9676a7cdb63ca96c7,f1f8fec0c0808800
syn_syn_000541,syn_syn_000541.jpg,mendeley_synthetic,True,syn_grp_0337,train,6,"[0, 3, 6, 9]",images/synthetic/syn_syn_000541.jpg,labels/synthetic/syn_syn_000541.txt,03027e6bff7153fae450770d3737c3a58750e39c9cb8184f04c61af3ba510b66,1ddc3ac881cbbfc7b53838e044bb6c740656cdcdbb6b1e19aa5501b13ab51929,4fdb8b87a7e1d998
syn_syn_000542,syn_syn_000542.jpg,mendeley_synthetic,True,syn_grp_0338,train,1,[2],images/synthetic/syn_syn_000542.jpg,labels/synthetic/syn_syn_000542.txt,fba08032c69f5d9bd5e3e730973b0b7328a163351adfeabf5f7945c0ce590221,b7aebe5234eed11b6562d2fe3b7a17f2f61d2f49f59c765a60e59eb2c338afd2,ffe3611f973b1900
syn_syn_000545,syn_syn_000545.jpg,mendeley_synthetic,True,syn_grp_0339,train,1,[5],images/synthetic/syn_syn_000545.jpg,labels/synthetic/syn_syn_000545.txt,c9e923faa1e28023944766971dfbe2cc062e98fa1200d1890e59f25ad1ccd5c1,fa853d2c1dd1c1f4aaea03132b6a9f8513cb4d2dc3507d946a1694e5d741d1a7,0070fc7e08000000
syn_syn_000549,syn_syn_000549.jpg,mendeley_synthetic,True,syn_grp_0340,train,2,"[3, 7]",images/synthetic/syn_syn_000549.jpg,labels/synthetic/syn_syn_000549.txt,e860e5e3396be35c67d8da29b586cb3ecc2ccb78742fb652ab06af487c031b60,e8cac2eab527f209279dd2fa64272b8b0e55b5de1cbe84b9d178777edca067dc,ffff2f0707170703
syn_syn_000551,syn_syn_000551.jpg,mendeley_synthetic,True,syn_grp_0341,train,3,"[0, 2, 4]",images/synthetic/syn_syn_000551.jpg,labels/synthetic/syn_syn_000551.txt,065dbfa8f3dda36a4e61b5bdd9da9103ae1c1477573e32d221ff7664997dcafd,cb83858e6af59dde55dc2fb05d1de21de18b50203e3090a9b0dea0b125c25eb2,f0f8f8f0e1c0b980
syn_syn_000552,syn_syn_000552.jpg,mendeley_synthetic,True,syn_grp_0342,train,3,"[0, 1, 2]",images/synthetic/syn_syn_000552.jpg,labels/synthetic/syn_syn_000552.txt,45581b7a0969ce0e5bbd7cf0579d0a1e2fad3e850b86c4167b0ac491ffa21f48,812324f04a34237913873b607e9e99c40b5613e9e1b9b438d3b66f50e2e9fc4b,70f8f8e0e0c8e0c0
syn_syn_000553,syn_syn_000553.jpg,mendeley_synthetic,True,syn_grp_0343,train,2,"[1, 4]",images/synthetic/syn_syn_000553.jpg,labels/synthetic/syn_syn_000553.txt,532c3adc9cb9d2d9dca2dc71e48272be3c37fba36f67ce81b6ce7785e0f9d57e,1637c33c531b9a740e01dca55bec8a81360aae412448c2390606e15fc2e4ab2a,ffffbf6d10000020
syn_syn_000555,syn_syn_000555.jpg,mendeley_synthetic,True,syn_grp_0344,train,2,[4],images/synthetic/syn_syn_000555.jpg,labels/synthetic/syn_syn_000555.txt,3fe75938813ead71f676d8539e3f294df4b6d51a8d9587e73d3284f74cbe4832,5ae7ec90912fbd174271499f7aeb79fe0fab83bf8405549d3856668090ce3d3b,0327317067cfe8f8
syn_syn_000558,syn_syn_000558.jpg,mendeley_synthetic,True,syn_grp_0345,train,1,[6],images/synthetic/syn_syn_000558.jpg,labels/synthetic/syn_syn_000558.txt,d880e77f3d705afc81b7fa22e5db0c0290f4f2b0be8869d3a091a2dbb8c56f0d,abe5b25ec02fa1a51a413a931c87c23d1f15bc701328cfc20979dc087faf70f8,c7e3f69c59c3920d
syn_syn_000560,syn_syn_000560.jpg,mendeley_synthetic,True,syn_grp_0346,train,1,[2],images/synthetic/syn_syn_000560.jpg,labels/synthetic/syn_syn_000560.txt,cdc7d91bd29e9f039e78dbd0362917055e2c9acdc1953180f045d8f3494e8e12,8d06e4c69fcd36183c5013345f0579767d455d47c7cc1c21edf5b47e2802e941,8ecb41c1c1e0f2ff
syn_syn_000563,syn_syn_000563.jpg,mendeley_synthetic,True,syn_grp_0347,train,4,"[0, 5, 6, 7]",images/synthetic/syn_syn_000563.jpg,labels/synthetic/syn_syn_000563.txt,ef56dd6445e5e345edfeff40f926a060d6ff6ef5036d4335b173ff79b2f02a08,d5b0f96f80334db31a1d4ec4f2d47c791f74dd0dc79dc7499940820f61a40b33,ffff95979d8df1e1
syn_syn_000565,syn_syn_000565.jpg,mendeley_synthetic,True,syn_grp_0348,train,1,[1],images/synthetic/syn_syn_000565.jpg,labels/synthetic/syn_syn_000565.txt,f34ad47046bbe4f2ea019372888a872274f6bb825d0f8f63c0aa3feb71e06a6f,ada64a25d1dd9a6db7019da2660893f59065ed7d7ee8afd1dd134d8567fe7378,0c00008cbe3e1f7f
syn_syn_000566,syn_syn_000566.jpg,mendeley_synthetic,True,syn_grp_0349,train,6,"[3, 4, 5, 7, 9]",images/synthetic/syn_syn_000566.jpg,labels/synthetic/syn_syn_000566.txt,a683709cbef333e45221b2a2b9245f84a05d40ca12671ee10caae53efed74628,bc7e152ba4b5cfb1f8bff0e7c82eee3f3632e3da28a7484936b5293468f28bf8,fff8f8c8f0c39380
syn_syn_000567,syn_syn_000567.jpg,mendeley_synthetic,True,syn_grp_0350,train,2,"[0, 9]",images/synthetic/syn_syn_000567.jpg,labels/synthetic/syn_syn_000567.txt,d55e4af52987e350a831d0c62c0c2dc4ed7772a41e8a275495f855c026d64b84,8f8e945207922c0adffaf2106123425c52f3911c65e9cb35a7e3cde5bddcf991,181e5cceee70783c
syn_syn_000568,syn_syn_000568.jpg,mendeley_synthetic,True,syn_grp_0351,train,3,"[2, 4, 6]",images/synthetic/syn_syn_000568.jpg,labels/synthetic/syn_syn_000568.txt,646c637810aedd98558eb150f8b64d863a80bde0361da7088df79ae73fd8fdde,2afdc4f4fbceec57b06ca47140b7b888a9661a8fcc1d5655a6d80b35640120fd,0000f3f3f3f3c18b
syn_syn_000569,syn_syn_000569.jpg,mendeley_synthetic,True,syn_grp_0352,train,3,"[3, 7, 9]",images/synthetic/syn_syn_000569.jpg,labels/synthetic/syn_syn_000569.txt,29307200e5a2cd2cfb6d156c35167690e0bafb24a7616aec6be0d248179b7bda,3e4f0dcd8ed2b7b666dd423362f2d2e5f515c7d4ea00dd165c1ce96bde160184,fecfc7cffffcf8f8
syn_syn_000570,syn_syn_000570.jpg,mendeley_synthetic,True,syn_grp_0353,train,1,[0],images/synthetic/syn_syn_000570.jpg,labels/synthetic/syn_syn_000570.txt,3fd0a1383b96eafda6399e01e924edec01eb79495cb09fcb8a624bb2c60cc79f,c426f6712eb924a7375536269f68c31f86954fe1778a4ce5ffaf7ed8194c9b51,f00101091f9f5fdf
syn_syn_000573,syn_syn_000573.jpg,mendeley_synthetic,True,syn_grp_0354,train,1,[0],images/synthetic/syn_syn_000573.jpg,labels/synthetic/syn_syn_000573.txt,19afc21901c0be083eb0416add1a199cc9a09e87ccfbc62b50fa5abf9c858778,3b0ebdcbce576031d88d5cb1f292398a622cfb3022e128464641ac728785fa6b,9e80171f71e1c1f9
syn_syn_000576,syn_syn_000576.jpg,mendeley_synthetic,True,syn_grp_0355,train,3,"[0, 5, 6]",images/synthetic/syn_syn_000576.jpg,labels/synthetic/syn_syn_000576.txt,f6a87601fafe2ed23d804220d35ae0c4cf736dbbc46cde38619334ac1b6e48bf,00099f9bde66e9c79c0db219a4dff523e207762a1a61777b2de3013dc246a151,fff7e08000008f0f
syn_syn_000579,syn_syn_000579.jpg,mendeley_synthetic,True,syn_grp_0356,train,3,"[0, 4, 5]",images/synthetic/syn_syn_000579.jpg,labels/synthetic/syn_syn_000579.txt,3a4d3a8336e9da03dda1df7fa15ec251d8b6997b6b49f9cd10d201178c521809,dfb059aac967b683aec1adfdcdb9fe85fcda5a74a1384b5f07c1ff13c7a6d86e,30b83f1d3d3d3d3d
syn_syn_000581,syn_syn_000581.jpg,mendeley_synthetic,True,syn_grp_0357,train,3,"[4, 6, 9]",images/synthetic/syn_syn_000581.jpg,labels/synthetic/syn_syn_000581.txt,7689f383d37c618bcde64b9fec8968cfc37ed9a7b0cb1df91148eb933715cb50,2b5dd22a38a30614dca6d4fa54440f6929b55573d521fbdcc8947a9485728403,0838383e2766677f
syn_syn_000582,syn_syn_000582.jpg,mendeley_synthetic,True,syn_grp_0358,train,5,"[0, 2, 4, 7]",images/synthetic/syn_syn_000582.jpg,labels/synthetic/syn_syn_000582.txt,f010d575e0be40bf15bd9f57a2bfc1890c90f42478a68332e136cd692dc260fc,1e83a6eb2c8303838ab0eaa4443ea52fb75adde4ef4eb8cb82e8033ddfb95936,fff7c4fffeb21208
syn_syn_000585,syn_syn_000585.jpg,mendeley_synthetic,True,syn_grp_0359,train,4,"[2, 3, 5, 9]",images/synthetic/syn_syn_000585.jpg,labels/synthetic/syn_syn_000585.txt,8c6d3dcc219264a129af2067f4302e1049fcab8112fa083b4a4284c9f7f814c8,c649897e68d73ec99f8beb9a7aa67fccb97ddfe10caa1ca4bb2778374b7c47bb,fff7e3be38000020
syn_syn_000587,syn_syn_000587.jpg,mendeley_synthetic,True,syn_grp_0360,train,3,"[2, 4]",images/synthetic/syn_syn_000587.jpg,labels/synthetic/syn_syn_000587.txt,f28f0cec2fc71821e1329725a840ee9bb086d4bfea41c5dc8cad71ffe7b1808b,89fb89929505b82c815fa851aa2d6056a394c6f1ba6bec593e29349ae9d3398b,3e343c3c3c3e3e3e
syn_syn_000588,syn_syn_000588.jpg,mendeley_synthetic,True,syn_grp_0361,train,2,"[0, 6]",images/synthetic/syn_syn_000588.jpg,labels/synthetic/syn_syn_000588.txt,069df3d39f95dfba5b6ebbdb862d28924d4e73a2bd79768111af2c37fddc3bea,2cad7f0c2299fb49ac5619bf1c2aa9dc21f7f96c499b514ae823ffe79b82eed9,ffc3830303270383
syn_syn_000594,syn_syn_000594.jpg,mendeley_synthetic,True,syn_grp_0362,train,1,[1],images/synthetic/syn_syn_000594.jpg,labels/synthetic/syn_syn_000594.txt,0d3c76a12c2e7a2b701381af90f0ce5d5bb140e69e5df0c2dfd36f324c389a70,09adb12dcb494e536e7d7133c627ebadf3665ae372b92c2e47c17f3c392319cb,03020283c3e3ffff
syn_syn_000595,syn_syn_000595.jpg,mendeley_synthetic,True,syn_grp_0363,train,3,"[2, 7]",images/synthetic/syn_syn_000595.jpg,labels/synthetic/syn_syn_000595.txt,349ec052598bdbb5b0defeee9dcc9074aa433d69a527383a0aadec065d8253cf,3f266f9441f42c0dc25f4cb20e9c2a82d77dee3c81690f9c6bcf7c1d248024c7,1c07072133370ede
syn_syn_000596,syn_syn_000596.jpg,mendeley_synthetic,True,syn_grp_0364,train,4,"[0, 1, 6, 9]",images/synthetic/syn_syn_000596.jpg,labels/synthetic/syn_syn_000596.txt,00d8010fa0d1821b05e2bc8e75fc24b84a742293e9e60761ffdc50ec8c0dffcd,51e050f6c1ec50cda283f3a96793c8c06dd1a9a6bb020c42ad77b601ccf76948,1f3f3f2d0f030303
syn_syn_000597,syn_syn_000597.jpg,mendeley_synthetic,True,syn_grp_0365,train,4,"[0, 3, 9]",images/synthetic/syn_syn_000597.jpg,labels/synthetic/syn_syn_000597.txt,c6d9edab1a2c707a8b3aee52fb40b306dac51169e333fb213605745a2764fb37,452fecfe2e64e35d73ac53b6676bd426530ebdc7a195d25244605cf04479ad8a,c8fed7c3cfcfcf00
syn_syn_000598,syn_syn_000598.jpg,mendeley_synthetic,True,syn_grp_0366,train,3,"[2, 4, 7]",images/synthetic/syn_syn_000598.jpg,labels/synthetic/syn_syn_000598.txt,dc0b8bf2063c7ba741afafac819501340c5b1b6dd0cdb53576e714a458b79cd2,e409650d736c2957ef765779375d6a1eb16d38d53e3c91d3031fb3ce0d4b4e12,771369e0c4cd0543
syn_syn_000601,syn_syn_000601.jpg,mendeley_synthetic,True,syn_grp_0367,train,2,"[4, 6]",images/synthetic/syn_syn_000601.jpg,labels/synthetic/syn_syn_000601.txt,48c5bf2d45f401b18ca5b41dd27b38277debf3df9528747df4f5ac8a8ee88e27,40ea603ecbf9a088632dc0546069784e3c753233189aa6db16db0c70752702a7,ffff1f1f00001017
syn_syn_000603,syn_syn_000603.jpg,mendeley_synthetic,True,syn_grp_0145,train,1,[1],images/synthetic/syn_syn_000603.jpg,labels/synthetic/syn_syn_000603.txt,ac0905affa4cc26b6e902fee7ea7eb6079924737eeefb656ec4cc70d855461c2,4a46ed982697d7e7ec265e0a26dbaa42d0978c6eae751136916084061949939f,1f1f1f0f0f07070f
syn_syn_000604,syn_syn_000604.jpg,mendeley_synthetic,True,syn_grp_0368,train,6,"[1, 2, 3, 4, 5, 7]",images/synthetic/syn_syn_000604.jpg,labels/synthetic/syn_syn_000604.txt,90d429099b48c7a54c97a477f5b915f7d774ef726229f94c4bac2393a1b1fdf4,d53b429dee2d5f9d04f383f022e56a973962cfca4afca8ea10b252ff1922266d,f6b793bbe0280880
syn_syn_000605,syn_syn_000605.jpg,mendeley_synthetic,True,syn_grp_0369,train,2,"[0, 5]",images/synthetic/syn_syn_000605.jpg,labels/synthetic/syn_syn_000605.txt,eafb8e2303d22b59d06e1d84339f524eb4f7e3afde8940fe7da37c995a2bba56,79cebf7bea109b8295e6ac4ec4c79dca4762a53fb6c73c011b7a842f9985d0c0,3262fa7890fcde04
syn_syn_000606,syn_syn_000606.jpg,mendeley_synthetic,True,syn_grp_0370,train,5,"[0, 2, 7, 9]",images/synthetic/syn_syn_000606.jpg,labels/synthetic/syn_syn_000606.txt,e728a7acf5d13b4fa7c760d21c9dd1137d75e1239292bb4737ff837012093f2a,424a379c8c72a4e6151ee409d2a197a185c7185de62af22863b21e9b1517c980,fce6101d4b161c9e
syn_syn_000608,syn_syn_000608.jpg,mendeley_synthetic,True,syn_grp_0371,train,5,"[0, 3, 5]",images/synthetic/syn_syn_000608.jpg,labels/synthetic/syn_syn_000608.txt,ee25a904eb88fce1785608cb731cfa4f0ed3d19f8870589960e0f1cad756c41f,9cbb87b3101cf1ea3ff00f826c41ecc7ea5281f72c1afb9ee7bf0125df0ec174,0f1f37212139bfdd
syn_syn_000610,syn_syn_000610.jpg,mendeley_synthetic,True,syn_grp_0372,train,5,"[1, 2, 3, 6]",images/synthetic/syn_syn_000610.jpg,labels/synthetic/syn_syn_000610.txt,2a3ea8a571aed66738138c4263a7727e902be61b9dbf15654b0f59883fd756f1,fb0ca5a4d60e078e38fc1a1661932d9d12c920fc6dad7bf7f6b522848256fd21,3c3e3e7c66210000
syn_syn_000615,syn_syn_000615.jpg,mendeley_synthetic,True,syn_grp_0373,train,2,"[1, 7]",images/synthetic/syn_syn_000615.jpg,labels/synthetic/syn_syn_000615.txt,9136ecb4ac56fbe4a0bc7347b385d838b5b118bcd39dd0e9d7f0a96fdc8cc812,dfb6dee03cd9a1648ada192c7a1df7270be61a8173f46a522707f09dd4301247,10bcc5013d7fff00
syn_syn_000619,syn_syn_000619.jpg,mendeley_synthetic,True,syn_grp_0374,train,3,"[5, 6, 7]",images/synthetic/syn_syn_000619.jpg,labels/synthetic/syn_syn_000619.txt,1d91a2998988de88444b3f486312cd63712c5f7b2300dee35971a62887905c3f,1c1240e6a09e6583d1ff8cee7f33569d36573fafe5fdd1b5faf638d61300ef07,3060407df3777f0f
syn_syn_000623,syn_syn_000623.jpg,mendeley_synthetic,True,syn_grp_0375,train,4,"[1, 5, 6, 9]",images/synthetic/syn_syn_000623.jpg,labels/synthetic/syn_syn_000623.txt,88e4bd7c10630851070dc1a8a99d77156ca697911606796a12d0dc8feedebb54,3b1794b9d2d5ef11fe8ca3b1c9f12a58ebb23bf46ce14cf2637e11a9e7362e75,070f0f1f0f0f1f3f
syn_syn_000624,syn_syn_000624.jpg,mendeley_synthetic,True,syn_grp_0145,train,1,[7],images/synthetic/syn_syn_000624.jpg,labels/synthetic/syn_syn_000624.txt,d6883c4f538b6b04dc7557975811d97fed8335f7be24924287f49423314cf015,66bd73665039317505adb1bff4895ea2c3a04746899299860ca8c907f3145675,0f3f0f8f0f0f0f0f
syn_syn_000625,syn_syn_000625.jpg,mendeley_synthetic,True,syn_grp_0376,train,2,"[1, 6]",images/synthetic/syn_syn_000625.jpg,labels/synthetic/syn_syn_000625.txt,fcd440778292a1d152c39b159880f695d70e8e043d180ce4c0126dbd4994ef87,6766eded9e26694dbad5f161d2c5c6e5a048b90dc35beabae9b93311904cd478,e8397f7c70c0c800
syn_syn_000626,syn_syn_000626.jpg,mendeley_synthetic,True,syn_grp_0377,train,1,[0],images/synthetic/syn_syn_000626.jpg,labels/synthetic/syn_syn_000626.txt,11f8f6eb41070c5845369492b8bf10e233ce7d1fb8bb7cd050001a08d5f9c487,f5912567678a407a580482790d6a365f7ddb192c763d9bf93179aa006c7d819e,4000c0f0f0e0e0f0
syn_syn_000627,syn_syn_000627.jpg,mendeley_synthetic,True,syn_grp_0378,train,3,"[6, 7, 9]",images/synthetic/syn_syn_000627.jpg,labels/synthetic/syn_syn_000627.txt,d1eb2cc0f4c3d5653aea07771ff5d5d41f1725f7754bb9113bfc8ac01673eda9,5738852543c36d768c3dbfd02fe06b91baa38c36b6e0e956d4fd992d190c9799,137b381899989818
syn_syn_000628,syn_syn_000628.jpg,mendeley_synthetic,True,syn_grp_0379,train,1,[1],images/synthetic/syn_syn_000628.jpg,labels/synthetic/syn_syn_000628.txt,7002c215c2d58a2bd610a6daabe71f0e6872a56c650f71838bffe74e868aa847,18dec8adae70b371104a2b488b3533df85ee97f3938ce1df0d5bfe36ac5b4967,ff1f3640c8303900
syn_syn_000629,syn_syn_000629.jpg,mendeley_synthetic,True,syn_grp_0380,train,4,"[1, 2, 5]",images/synthetic/syn_syn_000629.jpg,labels/synthetic/syn_syn_000629.txt,2e2b5799469a4e010767ec34f205f6b73376edb0b61750c8a262e46d42163313,75b33d6842200c05da83fbf0fabb0d8808fec9b4eeb1f8ef036e72fb3b44cafd,063e1e1e7e7e8ec0
syn_syn_000631,syn_syn_000631.jpg,mendeley_synthetic,True,syn_grp_0381,train,2,"[7, 9]",images/synthetic/syn_syn_000631.jpg,labels/synthetic/syn_syn_000631.txt,41db87be7279ab4828b1e17acbbda44f078c9de05f6161e8dbe34687b3da1a4b,b0eaf4f935405dad655f905d39f47aaf8ebb6cd1837404d0175c03dbbe44af27,fde783070f1f3c38
syn_syn_000632,syn_syn_000632.jpg,mendeley_synthetic,True,syn_grp_0382,train,1,[7],images/synthetic/syn_syn_000632.jpg,labels/synthetic/syn_syn_000632.txt,eab90bd7219f52e2b6f570b91d7bf83c795df943410cc0bdf2bf43c78ee79fd4,52fe3e645634b9a930e2a12a44e98580b2ac290defcfa943282733e4acc6411b,ee80079e194a4000
syn_syn_000633,syn_syn_000633.jpg,mendeley_synthetic,True,syn_grp_0383,train,3,"[4, 7]",images/synthetic/syn_syn_000633.jpg,labels/synthetic/syn_syn_000633.txt,cb552fa47eea7cfbb8aaae17e5ab0d5c6c1a850537f91018411998bf323a849f,ec18316dc7024fdd2a6b2ec6695651406ccf7ba62a1488fb401de68bce691f54,cf8f8f8787878783
syn_syn_000635,syn_syn_000635.jpg,mendeley_synthetic,True,syn_grp_0384,train,2,"[5, 6]",images/synthetic/syn_syn_000635.jpg,labels/synthetic/syn_syn_000635.txt,8656fc4cafb222ec8fe7cc81210202127c50253935092da0d6bd06b605c59c3c,08b8af50d55ff9672d452fa83427113bd33ef52784c6ff117043a698853e8c7e,0f070698b9dffffb
syn_syn_000636,syn_syn_000636.jpg,mendeley_synthetic,True,syn_grp_0385,train,2,"[2, 4]",images/synthetic/syn_syn_000636.jpg,labels/synthetic/syn_syn_000636.txt,5f837319bad72d2a798de9ccee88d26f12d0f28201776ffa45442d72538b82cf,30ab7f16885a01c67e9658a9a7e8efb4e40864419a21d664c0a1e622e0808fbf,001b1f1f1f8f1f1f
syn_syn_000637,syn_syn_000637.jpg,mendeley_synthetic,True,syn_grp_0386,train,6,"[2, 4, 5, 7, 9]",images/synthetic/syn_syn_000637.jpg,labels/synthetic/syn_syn_000637.txt,957618711c1b32970e1c57856af5b5c1219a58066dd6a81f563264901fcaa83b,d643de908a716c0961fd3dd6e9f9faa41100556b8554c69e4032134648b5909f,f0fc3f3f871e0f04
syn_syn_000638,syn_syn_000638.jpg,mendeley_synthetic,True,syn_grp_0387,train,3,"[2, 5]",images/synthetic/syn_syn_000638.jpg,labels/synthetic/syn_syn_000638.txt,d6aec754aade81495462b1234de2319242e9266eb484a90b2fec4e9cb1746626,731b2f0334e0c9f55237b58e3fdcc90c0ac8ec2e416d7b8c3f92d5f1beeabbe8,ffd91d8101607803
syn_syn_000643,syn_syn_000643.jpg,mendeley_synthetic,True,syn_grp_0388,train,1,[6],images/synthetic/syn_syn_000643.jpg,labels/synthetic/syn_syn_000643.txt,3af5409702c3ec900d8d64f77f033a1c6ae32c2ba87f9dd4f7dceb0346360f55,ea70c02cecc42ef55c38ce1a6a1701a6d0cf96af4935797ed7cbe69f8e794c79,1f3f1f1f1f0f0404
syn_syn_000644,syn_syn_000644.jpg,mendeley_synthetic,True,syn_grp_0389,train,3,"[2, 3]",images/synthetic/syn_syn_000644.jpg,labels/synthetic/syn_syn_000644.txt,6988b9783254c07bc79e7fae32ca9a22c6955aa2d822277fcd0dd28f4f731abe,859b611aa77a4bae8dc2c2f8aa5cd9b4c5207f946a7685bb63fe76cfb1f44996,e7e7fff3c149cff7
syn_syn_000645,syn_syn_000645.jpg,mendeley_synthetic,True,syn_grp_0390,train,4,"[5, 6, 7]",images/synthetic/syn_syn_000645.jpg,labels/synthetic/syn_syn_000645.txt,1836c319c932f61afe46e63e56f1efd86bc15f78f86b931af03d24b0f00558a9,04c815e4bce69a24db49b04a50cd7dcb3234dad161109702b734064c9aacbfac,38131939191e1e1e
syn_syn_000648,syn_syn_000648.jpg,mendeley_synthetic,True,syn_grp_0391,train,2,"[4, 7]",images/synthetic/syn_syn_000648.jpg,labels/synthetic/syn_syn_000648.txt,59725a9608b47a49a0d9354872f1e0a93fcaf28881d6447be06c73b70ecaf9d1,723f4c3fa03a80b7ea76d0514488f8737db1999beaf6ee28bc4dec0c0fdb605a,17fffff61f000000
syn_syn_000649,syn_syn_000649.jpg,mendeley_synthetic,True,syn_grp_0392,train,3,"[1, 7]",images/synthetic/syn_syn_000649.jpg,labels/synthetic/syn_syn_000649.txt,5117a9da1430082ea712f371c749174c0d3e52fe785fc44ea90eec5c2e087c46,5af24daf486b87da449b7974c1ed492297a92654c5a5558277b19753ab948b60,cbe43fc6c030820f
syn_syn_000650,syn_syn_000650.jpg,mendeley_synthetic,True,syn_grp_0393,train,2,"[3, 9]",images/synthetic/syn_syn_000650.jpg,labels/synthetic/syn_syn_000650.txt,6a1a9e418de654f0c97af3e7720d44c95b277ccf70ccf9debf85591e16e78f60,192d71c51ad24d50241380d2826e6d63361cb8826425006c698cbdd04de4e6eb,cacafaf878784000
syn_syn_000651,syn_syn_000651.jpg,mendeley_synthetic,True,syn_grp_0394,train,3,"[0, 2, 3]",images/synthetic/syn_syn_000651.jpg,labels/synthetic/syn_syn_000651.txt,63b0e74ad0a1850241beb3e82cfd4562b3141afb0d3fc6052964299361788dc2,4a118cf14f3567874a8b4b3213e98b67a19ba430108f82f248efb29902851ce3,008131d9c1df1fff
syn_syn_000653,syn_syn_000653.jpg,mendeley_synthetic,True,syn_grp_0395,train,4,"[0, 2, 3, 9]",images/synthetic/syn_syn_000653.jpg,labels/synthetic/syn_syn_000653.txt,9024c7ef7829d98a8317e814b1212ce95f31b10ee6cbb80f6edbac9c9dcb11da,596fcb4dae60a41db64246f68c332e47ba527fa63f60f729daa0577ef13acefd,c7470373e38181c1
syn_syn_000657,syn_syn_000657.jpg,mendeley_synthetic,True,syn_grp_0396,train,2,"[5, 9]",images/synthetic/syn_syn_000657.jpg,labels/synthetic/syn_syn_000657.txt,fe2d42452dacf7251f05583a37abbeb62ed704a820e743a66a2d3039ccd2cadd,a65af394f63516dc98a205b641f9eca9420e550f89ca0c9e402c30d46e83a7a0,c0e0e0b01c3e7e7e
syn_syn_000661,syn_syn_000661.jpg,mendeley_synthetic,True,syn_grp_0397,train,1,[7],images/synthetic/syn_syn_000661.jpg,labels/synthetic/syn_syn_000661.txt,0fa3c4697d85972585fe4fb7f7bcae4960cc00619b79569250c01acfc7064dcc,8cde4a3ff50747ad877eba526830753623bda807649ad01e60b8f0562b8ceef8,ffffcfc170200000
syn_syn_000663,syn_syn_000663.jpg,mendeley_synthetic,True,syn_grp_0398,train,3,"[2, 4, 9]",images/synthetic/syn_syn_000663.jpg,labels/synthetic/syn_syn_000663.txt,9375053be883d27cab3e6848d4b25b7f149825e22c80558d707e5939abd5f1bd,984ed194af1618bb6f0bf09ed26eea18632e24df87c799f7054cea1ca681a96a,8180f8fcfef8f8fc
syn_syn_000664,syn_syn_000664.jpg,mendeley_synthetic,True,syn_grp_0399,train,5,"[2, 3, 4, 5, 6]",images/synthetic/syn_syn_000664.jpg,labels/synthetic/syn_syn_000664.txt,c6f7fdb0d70392b6acf5ba3fefe5c4c2cb2fd8860f7075f9d4d6039743001593,e556f0abc04fb785c1a99f7ec3717f38811f4cacc46290c35d0ce0004db15d33,7d6ec3c164f0e3b1
syn_syn_000665,syn_syn_000665.jpg,mendeley_synthetic,True,syn_grp_0400,train,1,[4],images/synthetic/syn_syn_000665.jpg,labels/synthetic/syn_syn_000665.txt,08126032249c7f5cbba601aa12560d04ae2efe304f86a8e73aa2492a6f7437e9,cbd78f9269f04f104b24af2bbef22a15cdb2fe53602a809c8c7ce1881b29aac7,fcfcfcf8f0f0f0f0
syn_syn_000666,syn_syn_000666.jpg,mendeley_synthetic,True,syn_grp_0401,train,4,"[1, 4, 5, 9]",images/synthetic/syn_syn_000666.jpg,labels/synthetic/syn_syn_000666.txt,7bc708abf4a1d25bb6305fa91104bae47ad9ac77a2365e59ae2a6e3fd3a92d21,a841ba4bc071546537ef15b92c5d1710e06b9f66ea11dfa0bee63350e63e1206,8f1f9c3031773f00
syn_syn_000667,syn_syn_000667.jpg,mendeley_synthetic,True,syn_grp_0402,train,1,[6],images/synthetic/syn_syn_000667.jpg,labels/synthetic/syn_syn_000667.txt,604641518104fc4d441835544aaebfb94752992b4754da5e3c78df2e9b0b33e6,caa19aef326f0d7ae35303e18f2c3e547b697b348d05f837202918e6d3bbf60e,006b7df7facafc12
syn_syn_000668,syn_syn_000668.jpg,mendeley_synthetic,True,syn_grp_0403,train,2,"[2, 7]",images/synthetic/syn_syn_000668.jpg,labels/synthetic/syn_syn_000668.txt,b6a6dac3ec8d88d3734452ed895f61f2781bb03f0b516dac29ebce3e77712398,1524b6062cfcc77cbfdde5d4be843bd2163abb51c0d7f1e5ef15ad69e3437a5d,0323271f0f0f0f0f
syn_syn_000669,syn_syn_000669.jpg,mendeley_synthetic,True,syn_grp_0404,train,2,"[5, 9]",images/synthetic/syn_syn_000669.jpg,labels/synthetic/syn_syn_000669.txt,9deb774dcbe6d98a6960eb9926a7bdea6e41593cb3f6922080d7031424147ebe,7179996f653c37eb28cbe10741ce3fc7c35d3fae7882329889129f51fccca141,9ecfc7c3f1e0f0f4
syn_syn_000670,syn_syn_000670.jpg,mendeley_synthetic,True,syn_grp_0145,train,1,[2],images/synthetic/syn_syn_000670.jpg,labels/synthetic/syn_syn_000670.txt,c308118c81b87352a089034e95f1fecdadd607db0791074a861bd52bb133b443,a1c16a961942e55162f008ec22bb3f39f3ed7fe872f4bce21880f590c1bd7342,1f1f0f0f0f070383
syn_syn_000672,syn_syn_000672.jpg,mendeley_synthetic,True,syn_grp_0405,train,2,"[0, 5]",images/synthetic/syn_syn_000672.jpg,labels/synthetic/syn_syn_000672.txt,6ac0ca0025e8debc28aded900a46b984147d1192a3f0fa372c3c62ec4f1e1c97,8938839d7ab96abf3fbe2def49b9a4417f0f3f21d0d7df63dead2af0457c470d,f8f0c077e7c4c7c1
syn_syn_000676,syn_syn_000676.jpg,mendeley_synthetic,True,syn_grp_0406,train,6,"[0, 5, 7, 9]",images/synthetic/syn_syn_000676.jpg,labels/synthetic/syn_syn_000676.txt,af9ae69f354e41719ce3e69fe9f9f21e407a4b621e145c70eb6ddc5496b72e46,fd16a8cb0552074f04a71f3ddb14c32ae8bbea01f9f02a5c14b0a12011d0a0c2,1717333f0f0f0317
syn_syn_000679,syn_syn_000679.jpg,mendeley_synthetic,True,syn_grp_0407,train,4,"[1, 3, 4, 6]",images/synthetic/syn_syn_000679.jpg,labels/synthetic/syn_syn_000679.txt,4eaaadd3fa55295aed8d52677aa6d7ae22e0e940d5a56908f02d8596787c60d6,a6cee8a64c5f538deda2632261b7e024432ca94253a845c812e7cb8d417a3012,c9efcece22f9cba4
syn_syn_000681,syn_syn_000681.jpg,mendeley_synthetic,True,syn_grp_0408,train,1,[1],images/synthetic/syn_syn_000681.jpg,labels/synthetic/syn_syn_000681.txt,b01344eefef095dbf91d4aa12ef81d7928739b1bdd215082d5c5b88fca4d23a1,ca0935f5c9d70573bcde3df25b8016be1807aeb6dd1f007716f91eadd245949a,61811058c8a8e0f1
syn_syn_000682,syn_syn_000682.jpg,mendeley_synthetic,True,syn_grp_0409,train,6,"[0, 3, 6, 7]",images/synthetic/syn_syn_000682.jpg,labels/synthetic/syn_syn_000682.txt,cdbfa0ccb01990afa05df6674a1ccf8a1c7ab0100bb64ae19c593417faa9ed06,98c62aec56ce75f687d3eca458e52c30b3e429c28dd86617cf43f8853ea7a15b,3f8dfcbc38000000
syn_syn_000684,syn_syn_000684.jpg,mendeley_synthetic,True,syn_grp_0410,train,5,"[1, 4, 6, 7]",images/synthetic/syn_syn_000684.jpg,labels/synthetic/syn_syn_000684.txt,ae1aabc42b5428afb2b59b283c59a29d41312ad7752ebb9f5de5c0af6e273d7e,1943b3000e11997d3eb78209110c3a3832e35d13f1a92370a1f68ebaccf4851d,300080d0dbf9f0f1
syn_syn_000686,syn_syn_000686.jpg,mendeley_synthetic,True,syn_grp_0411,train,3,"[1, 7]",images/synthetic/syn_syn_000686.jpg,labels/synthetic/syn_syn_000686.txt,93df5d14027c4b46ec4c1788c565620df401fba425d9f59b278e986f61cb8159,a62ecf10b641b4e9405c0f998d02fc93b87dab51727df1813ccc528f1603bf92,feffcf4e4e702000
syn_syn_000689,syn_syn_000689.jpg,mendeley_synthetic,True,syn_grp_0412,train,2,"[6, 7]",images/synthetic/syn_syn_000689.jpg,labels/synthetic/syn_syn_000689.txt,49c1dbd4546e21bef44f621692557c80e0d69cc977c7f6b4b1de204c29f71192,e1d438e59be59be2da060ba28b0d7a820a50cb9e2d9d16b377e742b790ef3e95,fbc1c1c1f191c0a3
syn_syn_000691,syn_syn_000691.jpg,mendeley_synthetic,True,syn_grp_0413,train,3,"[1, 3, 9]",images/synthetic/syn_syn_000691.jpg,labels/synthetic/syn_syn_000691.txt,3b54b7fd34b1aef0cee21cb83a09ebf583a154bef94089ce38c1f01c360a4831,ddc963538e495b357228ec0cdadb135269ac4335bd42fc0686235c2dd8551b20,ffff0f0303031303
syn_syn_000694,syn_syn_000694.jpg,mendeley_synthetic,True,syn_grp_0414,train,3,"[0, 1, 3]",images/synthetic/syn_syn_000694.jpg,labels/synthetic/syn_syn_000694.txt,b94a8c26ebfedf66f25a812d0cdb30c398a3403a3157195e333b31b38163b78d,1334b131932b2673fd645ad45b53c9054a0ef54b07e2c386717e12b1853f25c6,070307073f3f7f7f
syn_syn_000695,syn_syn_000695.jpg,mendeley_synthetic,True,syn_grp_0415,train,2,"[0, 4]",images/synthetic/syn_syn_000695.jpg,labels/synthetic/syn_syn_000695.txt,b97574c1b19f0dd86e45879c04e45584152d0b6ddceacfe9fa0faac8c2923e19,bb0b5a1cce3f60ee5ab3fbea8c37e98a270ca4653f0af5240e423894d2dbbcbf,e1e390207b7e3a7d
syn_syn_000699,syn_syn_000699.jpg,mendeley_synthetic,True,syn_grp_0416,train,6,"[0, 2, 3, 4, 5, 7]",images/synthetic/syn_syn_000699.jpg,labels/synthetic/syn_syn_000699.txt,8d2b15fc4ee2d0879a0a43e17adbff24bfe73de30e2f2bc03818055ef287021b,93aad8373966421f6f721c64f317258018927596481e6c6c107b4b92c8bbf2a6,001c0c1cfcfefe6d
syn_syn_000700,syn_syn_000700.jpg,mendeley_synthetic,True,syn_grp_0417,train,6,"[0, 1, 5, 6, 7]",images/synthetic/syn_syn_000700.jpg,labels/synthetic/syn_syn_000700.txt,042098ffca93f9c20c45dbd57dea2e1b894da832edbbe3e64246b9cebf4f7962,a5e06f2aa887417d5155dc824ec1955484c635d7932cec58e9fb160521df78b2,4007473f17ffffff
syn_syn_000701,syn_syn_000701.jpg,mendeley_synthetic,True,syn_grp_0418,train,5,"[2, 3]",images/synthetic/syn_syn_000701.jpg,labels/synthetic/syn_syn_000701.txt,7e75a9ad112ce783216f9da4ace2211463c382613bb0c1684cfa393a96e88546,8460d32310b03824a96bc1d115d5ff64c0c25a45e2e7f618e7a05f3d3a5bf836,1004042c7f78b6be
syn_syn_000703,syn_syn_000703.jpg,mendeley_synthetic,True,syn_grp_0419,train,3,"[2, 5]",images/synthetic/syn_syn_000703.jpg,labels/synthetic/syn_syn_000703.txt,23022fde535de12045f6e10abbe523c02a76b97397f1920975ffee0e76432f7d,090eeac828663b37dadc23f78c70be3e04c69b5425581e5254227cee1d846cf7,2040801f1f1f1f00
syn_syn_000707,syn_syn_000707.jpg,mendeley_synthetic,True,syn_grp_0420,train,6,"[2, 5, 9]",images/synthetic/syn_syn_000707.jpg,labels/synthetic/syn_syn_000707.txt,20c57bc8d427398e8113645aaf32df6c5b45b2f9e22acf784a8d4719153be6ac,09c3eb20821a0aa12f151c36b73d4f0842551031f89806b0594865f242232b29,8cfefffe7e180800
syn_syn_000708,syn_syn_000708.jpg,mendeley_synthetic,True,syn_grp_0421,train,2,"[3, 7]",images/synthetic/syn_syn_000708.jpg,labels/synthetic/syn_syn_000708.txt,6ba1a89892c3ce54606e572e082bbf60a517725466a85c64730be618a34f8b3a,81dcea750e75f6f0ecfd613d92a6ad4f336304d256643ed6dd8e37c9be106ed2,fcf8c0c6ecc80000
syn_syn_000709,syn_syn_000709.jpg,mendeley_synthetic,True,syn_grp_0422,train,2,"[2, 4]",images/synthetic/syn_syn_000709.jpg,labels/synthetic/syn_syn_000709.txt,66359100dbae68a7f3bbf44633cca74abeff2288e31558df29b6e2ece5142ca7,84a93616cbe56e8087336090472b0819155afd0a65640b3df644347b715d7e83,fffff1e10889c1c1
syn_syn_000710,syn_syn_000710.jpg,mendeley_synthetic,True,syn_grp_0423,train,5,"[0, 1, 6, 7]",images/synthetic/syn_syn_000710.jpg,labels/synthetic/syn_syn_000710.txt,423e8b0cc87db2968c7fdea4e918ca2434944ca11038cd44eac9254fb7d5f164,017831ca23ded168280675a6dcb68636eb610a53879d4d10a70131fd8466c86c,61646d7173683c00
syn_syn_000711,syn_syn_000711.jpg,mendeley_synthetic,True,syn_grp_0424,train,4,"[1, 2, 3, 9]",images/synthetic/syn_syn_000711.jpg,labels/synthetic/syn_syn_000711.txt,6d21e25b4e843ffffe82569767f8ea9c483ab43022be31d8ad2795920a357aa3,b54bd6e2f7fafdca4973be31f245f5973778bbebf2a6164b37c5d037e415d625,07cb73fcfc7cfc00
syn_syn_000713,syn_syn_000713.jpg,mendeley_synthetic,True,syn_grp_0425,train,1,[3],images/synthetic/syn_syn_000713.jpg,labels/synthetic/syn_syn_000713.txt,1d27d5dc01b49d74e637350780fe217f01eb09cbc30ce9829588410f237a6bfd,dd654473fce9466755bebcf8340d1837574176590afd9ce12c456dae4aa2f868,ffffff7f7e360000
syn_syn_000714,syn_syn_000714.jpg,mendeley_synthetic,True,syn_grp_0426,train,3,"[2, 7, 9]",images/synthetic/syn_syn_000714.jpg,labels/synthetic/syn_syn_000714.txt,85c198c403a5dd8a0859adeab8b5325120d02b26f8492113356691150860bb41,77c0fc2ff71db4af82c6d9d322f0241187fb0dfcf6e0dab47d8c3587ca44d2e2,8081830b1fcb5f0f
syn_syn_000717,syn_syn_000717.jpg,mendeley_synthetic,True,syn_grp_0427,train,2,"[3, 4]",images/synthetic/syn_syn_000717.jpg,labels/synthetic/syn_syn_000717.txt,e2afc3e8a3b712991ae05f861f9a3bdf9f5dde65deef4e1378d76737e484593e,dc642bc538faa81205b9b22dc71b9ed58a95ea663ecdcf7b51466dd8abcebbb9,c783031313193133
syn_syn_000720,syn_syn_000720.jpg,mendeley_synthetic,True,syn_grp_0428,train,2,"[1, 9]",images/synthetic/syn_syn_000720.jpg,labels/synthetic/syn_syn_000720.txt,8d0baf48618a443f3308c5aa79d2832f5b8f51af2014e638a00c0f8cd62572d1,f39afda613e86a75d3dede924f984dbc78ded6b2ba161c79fe4dbd1c53a1ab5b,20627c787c7e3a20
syn_syn_000721,syn_syn_000721.jpg,mendeley_synthetic,True,syn_grp_0429,train,3,"[2, 4, 6]",images/synthetic/syn_syn_000721.jpg,labels/synthetic/syn_syn_000721.txt,1183da044b18e253d69e6ccee029e644d0035ee43abda59349eb0dd52703db8b,0c1f3bf932c009772a09a0e74b17735b6b065ea93d2e1f0a36d45b2da0bd2dc6,02070fe7e3f0b10e
syn_syn_000726,syn_syn_000726.jpg,mendeley_synthetic,True,syn_grp_0430,train,6,"[0, 1, 4, 5, 6, 7]",images/synthetic/syn_syn_000726.jpg,labels/synthetic/syn_syn_000726.txt,9b1e71a947d688a10bde02e0446b4ea686fded572bfc59b24952a78866fc5a7a,47a14802c961de5e09cabfcd8c7022aa734c0b25b18b24968308b892d003f3df,e4644d1f6c763626
syn_syn_000729,syn_syn_000729.jpg,mendeley_synthetic,True,syn_grp_0431,train,4,"[0, 4, 9]",images/synthetic/syn_syn_000729.jpg,labels/synthetic/syn_syn_000729.txt,656808ede7b5270099518ec3ba528608f9df2df55ae487c4297c1523279ff6d9,64d240b259f535f95e65b33628365e91d03c8cb6b9008837eda7b81ea1043deb,faf0c4d3f8d0c5ed
syn_syn_000731,syn_syn_000731.jpg,mendeley_synthetic,True,syn_grp_0432,train,3,"[1, 3, 5]",images/synthetic/syn_syn_000731.jpg,labels/synthetic/syn_syn_000731.txt,641b07d36846eb76ac0ea285d1db3f593baa3c9b881035d6a555f9212aba7aa2,24abbe5d4a7d514750bf15a4bab76e2b2e1ae9ed7e198760f636952aafb1f2fe,fdbe9e1800e1d0c9
syn_syn_000732,syn_syn_000732.jpg,mendeley_synthetic,True,syn_grp_0433,train,5,"[2, 5, 9]",images/synthetic/syn_syn_000732.jpg,labels/synthetic/syn_syn_000732.txt,6ae2e13bf0cb2561cea70be95d13fd890b7dd2e6c0fc25a320e2e0196f06a9ee,3e93680c5c0a2579b8242a4a8e719a16836d139f4cb3e7a3dc9e8edc3c87b48d,d7ffc08087f7f700
syn_syn_000733,syn_syn_000733.jpg,mendeley_synthetic,True,syn_grp_0434,train,4,"[0, 4, 6]",images/synthetic/syn_syn_000733.jpg,labels/synthetic/syn_syn_000733.txt,1332a2f3a187a8dedcd5e7e2bc68f8fb390d6dda18ed1c1e4f03e511ac7e4978,4e9ac9c22fedddce44e4b3b477dcde7b4349cbe1f2b0486b33ed13fa2519b717,fedf0746434377a1
syn_syn_000734,syn_syn_000734.jpg,mendeley_synthetic,True,syn_grp_0435,train,2,"[7, 9]",images/synthetic/syn_syn_000734.jpg,labels/synthetic/syn_syn_000734.txt,5c07cdeacd8ddeee9cc2139834c4ae26d68187a1b3c63c3bc23359ce91b7e893,7723e053be6d5333da1ed77caee1d657b4a0c7f77be8433f98ebb0f46b66a4a8,fde3e1e0dd408cbc
syn_syn_000736,syn_syn_000736.jpg,mendeley_synthetic,True,syn_grp_0436,train,1,[6],images/synthetic/syn_syn_000736.jpg,labels/synthetic/syn_syn_000736.txt,b2706c42e8cbda64b8a3432c046ad117cbaf56b7fc93e9c6f3ee61157d819772,460d85150346b9960e7d89dc78c0f45a59fd4e8d9d62cc1d1c3a6eebad1a0ae6,38303fb727417f7e
syn_syn_000739,syn_syn_000739.jpg,mendeley_synthetic,True,syn_grp_0437,train,3,"[0, 1]",images/synthetic/syn_syn_000739.jpg,labels/synthetic/syn_syn_000739.txt,a011ca71cfe139a7ebb0c701439848f3806c182461fb5ffbb99e045eab58c731,c59dc7ea6c88478a45c7bbbbb7a4d40f5e57f0adec713b4f558c6bc1b5c33d92,fff383c3eb0190c8
syn_syn_000741,syn_syn_000741.jpg,mendeley_synthetic,True,syn_grp_0438,train,1,[0],images/synthetic/syn_syn_000741.jpg,labels/synthetic/syn_syn_000741.txt,efe69e847f4e302980f3890517c3fe279108a29ec42caa8bd6ad24a280f10f19,af606a79bf14d267fc12916efb9d0993b677fe49dee1925e4a7f423de53df68d,e08e0e84e3f7c3c3
syn_syn_000743,syn_syn_000743.jpg,mendeley_synthetic,True,syn_grp_0439,train,6,"[0, 1, 3, 4]",images/synthetic/syn_syn_000743.jpg,labels/synthetic/syn_syn_000743.txt,fa01dadeb2dd7beb87ce4658353006033d44866d50ab08a7c9babd8253813709,678aa2621b13b8d8cee21c4fbb04bc1254f2edfe2044499e2593efa51bc23b5c,61f0fce470142400
syn_syn_000746,syn_syn_000746.jpg,mendeley_synthetic,True,syn_grp_0440,train,6,"[1, 4, 5, 7]",images/synthetic/syn_syn_000746.jpg,labels/synthetic/syn_syn_000746.txt,168caa6ee9286d2723a6e8f4e2f00ec0dfccf29161ac7c19090fec49f3097ae9,7db7941e5c4a51da2541465e6c431b9eea683ebab0a85b3e29c7b61b09ceda0d,1f39fffbfffcf0e0
syn_syn_000748,syn_syn_000748.jpg,mendeley_synthetic,True,syn_grp_0441,train,3,[0],images/synthetic/syn_syn_000748.jpg,labels/synthetic/syn_syn_000748.txt,6dbe0d950dd27b8e990d6fa328e0eefb96110908ba7b21a8e7aea5165543713c,05932493661d7c23116043f46e3db365fcc14eae289d94d37776fac5c7a2f922,191b034343cb7fff
syn_syn_000752,syn_syn_000752.jpg,mendeley_synthetic,True,syn_grp_0442,train,1,[9],images/synthetic/syn_syn_000752.jpg,labels/synthetic/syn_syn_000752.txt,4b0aa211ce2050527bf9754cb94c9ce57efae81687420d476bbf0fc6a04cdcb7,a1da3f4d991eca213cd35707add2f29c7dfcf092cb64b976e5acf7d18c93b630,faffe71700032620
syn_syn_000753,syn_syn_000753.jpg,mendeley_synthetic,True,syn_grp_0443,train,2,"[5, 6]",images/synthetic/syn_syn_000753.jpg,labels/synthetic/syn_syn_000753.txt,ea2a18172c184ccdbfb49c3b45a2c515d07d9cbbe1a27e208e72b7f9d1548878,e4e7999cb81e0d75d378291a9e0f2b69f30406a9ea00284099ec152390a1208e,0f1f070f1f1f1e0e
syn_syn_000755,syn_syn_000755.jpg,mendeley_synthetic,True,syn_grp_0444,train,1,[7],images/synthetic/syn_syn_000755.jpg,labels/synthetic/syn_syn_000755.txt,66df046c2718acf84904701bf740dc0894e37e282106e7e1a24cbc4258f54a5b,9ab44af7291c395134c0e20f92657d9367cdabca1bb15cb96fcb2a21e57be108,070103037377733f
syn_syn_000756,syn_syn_000756.jpg,mendeley_synthetic,True,syn_grp_0445,train,5,"[0, 1, 2, 7, 9]",images/synthetic/syn_syn_000756.jpg,labels/synthetic/syn_syn_000756.txt,52e759b77dd548c35c87af4d1e9d2663a923e933b05217177dd82b17a2b4de05,d70440618c55bf1c8e4faf1e8a96864ae3b837fe151beff081e6f2554af8c2fe,81c1e4c5f5f4b4f4
syn_syn_000757,syn_syn_000757.jpg,mendeley_synthetic,True,syn_grp_0446,train,1,[4],images/synthetic/syn_syn_000757.jpg,labels/synthetic/syn_syn_000757.txt,c86acd7c1a30e7d39c473d9bd9170f2f374edcb450549cc1dda529270df8da6f,cab2a8c0251926dc72e2dc593d2a266f0818520b228fafb3f36c5d05f1400015,80e4f63c38f0f4f4
syn_syn_000758,syn_syn_000758.jpg,mendeley_synthetic,True,syn_grp_0447,train,4,"[4, 7]",images/synthetic/syn_syn_000758.jpg,labels/synthetic/syn_syn_000758.txt,b0faaef7b0610fb9aecc6783175e241a701dfb483c8136577b43d9f56dcd3299,f4306b21f74313112189a8eaa91358942d555b1f602a3b4c31774efc01f4a5e7,ccec707170f8cc88
syn_syn_000760,syn_syn_000760.jpg,mendeley_synthetic,True,syn_grp_0448,train,1,[4],images/synthetic/syn_syn_000760.jpg,labels/synthetic/syn_syn_000760.txt,b673947456cef84df9969e980c0f230fdc1f08ff0ca2bdd54133234b6fe68a6e,54b31675d363ee651b7b1568c2fbd6351ebc9ccc352ac739e05bcfadb7c763bb,c10000383c387870
syn_syn_000762,syn_syn_000762.jpg,mendeley_synthetic,True,syn_grp_0449,train,5,"[0, 1, 4, 5, 9]",images/synthetic/syn_syn_000762.jpg,labels/synthetic/syn_syn_000762.txt,aeb3a651acf9c81141b8aa6afc4a4b701a2a45494427576cc49fb632602ae233,e1a4d00c29eddeb1e8bc97602231c0231c02d9827150732c53ea8886e660cd06,1e1e1e1e3c000000
syn_syn_000763,syn_syn_000763.jpg,mendeley_synthetic,True,syn_grp_0450,train,6,"[1, 2, 3, 4, 5, 6]",images/synthetic/syn_syn_000763.jpg,labels/synthetic/syn_syn_000763.txt,156e3cff08ba13b2fc9a1b395d6299a02694e1bb297302f3fe54c60157285c51,b7395d5660a5d0d22035d7b8491a0771cce3392e951e81d7a6703e422d0ae917,0001078795f7ffff
syn_syn_000767,syn_syn_000767.jpg,mendeley_synthetic,True,syn_grp_0451,train,4,"[3, 5, 6]",images/synthetic/syn_syn_000767.jpg,labels/synthetic/syn_syn_000767.txt,fceb80ea145d410604ec88e157128da348ff628b3739cf08c98f658779997b3f,807d6fd3046cea9e14fd3551a6e4a2e67650a96b27357640995ddae968b5b4c2,fff9497121233327
syn_syn_000769,syn_syn_000769.jpg,mendeley_synthetic,True,syn_grp_0452,train,1,[3],images/synthetic/syn_syn_000769.jpg,labels/synthetic/syn_syn_000769.txt,c33726a23c9f202bec17debc252418e5f4ed78d9623d4bead23c1fca0620321a,86eca05aedadb72164b8ec655de7857bed4ad10554e5a36b9616e7781a15e859,f9fdfcef50030000
syn_syn_000770,syn_syn_000770.jpg,mendeley_synthetic,True,syn_grp_0453,train,1,[5],images/synthetic/syn_syn_000770.jpg,labels/synthetic/syn_syn_000770.txt,e277143c5814b8bf40f3e4630ebc37bf144a011a961e3402c2f9d285eef12034,8f6106a4d673c1347d1a1ad1023acd2f3c08edbc0d2e71884c6655f01afb37de,03119903303d4d01
syn_syn_000771,syn_syn_000771.jpg,mendeley_synthetic,True,syn_grp_0454,train,5,"[2, 5, 7, 9]",images/synthetic/syn_syn_000771.jpg,labels/synthetic/syn_syn_000771.txt,6ccfdd4e278d98401a4250ee22a88f51f60e2aaffe2917e586ac8f3ce0656ea1,19a3c20e28e55e716b4b0f3df0017a67532a84c6bdf3f609f037682069d9fbc4,e3c0e0c60e8e8010
syn_syn_000773,syn_syn_000773.jpg,mendeley_synthetic,True,syn_grp_0452,train,5,"[3, 4, 5]",images/synthetic/syn_syn_000773.jpg,labels/synthetic/syn_syn_000773.txt,9995e3e864db6b5e964a989277589136ff4e7b124b06002b2292793db5e4e53e,03ffb0164c8a586185c9ba9253cd5515ec6c7e9ab3bebd6ec678b1dc5ca20043,f9fdfcff10030002
syn_syn_000774,syn_syn_000774.jpg,mendeley_synthetic,True,syn_grp_0455,train,2,"[1, 7]",images/synthetic/syn_syn_000774.jpg,labels/synthetic/syn_syn_000774.txt,448e59866df920e559b24853ddfa96a54a2623d0a4d483bd56f806592e105d5c,079bf1222a82d27cde56a1172293e27b8593424dd3056f75f379d7c6219179ab,1eec3803a391cffb
syn_syn_000775,syn_syn_000775.jpg,mendeley_synthetic,True,syn_grp_0456,train,1,[3],images/synthetic/syn_syn_000775.jpg,labels/synthetic/syn_syn_000775.txt,f0c79fe0fec276d31cf58388b05843b99d255e4d1332903df9be0468cf64017f,8fad72dc52b136f7a875d583b209f04177308ae96cdfe0eb35768cb7b773450e,80f0fc1bd2f0f8ca
syn_syn_000776,syn_syn_000776.jpg,mendeley_synthetic,True,syn_grp_0457,train,4,"[2, 4, 5, 9]",images/synthetic/syn_syn_000776.jpg,labels/synthetic/syn_syn_000776.txt,ebc01321222ae963a1bd56c99898219d28fe16229e6fd7763f5efc31e5fb47dd,95b20f256a0d1f36ac918bbc95380a0cd982ff79c39eb2b38655dcc8880b69bb,27b3f8fc3c188080
syn_syn_000778,syn_syn_000778.jpg,mendeley_synthetic,True,syn_grp_0458,train,3,"[4, 5, 7]",images/synthetic/syn_syn_000778.jpg,labels/synthetic/syn_syn_000778.txt,478376427b6d9ea2c992dfcd502943efeebcf1ce957dceeaf660a53dbf19ebe5,94fe15f973cd5afae458b33ca6c11d19b63d0b568d11fb14a98cf1a9411d1dbe,200000043c7cffff
syn_syn_000779,syn_syn_000779.jpg,mendeley_synthetic,True,syn_grp_0459,train,4,"[1, 3, 5, 7]",images/synthetic/syn_syn_000779.jpg,labels/synthetic/syn_syn_000779.txt,4611fdd474d0ff0fd802ecb639b1ecc9820b04e15048376cfeaac04738c829cf,ea249704a76b1e201b8b9bc8ad1c3a08f45b47f8f930b43cab1b7c9bf18f0aaa,8c8f7f1f03038180
syn_syn_000780,syn_syn_000780.jpg,mendeley_synthetic,True,syn_grp_0460,train,1,[9],images/synthetic/syn_syn_000780.jpg,labels/synthetic/syn_syn_000780.txt,3f95d33f3b14fa4608b2c29da812d1d0d29ad1f2f179865e0d7fb631d6fe724d,b74b6cb1184fe84fb996822730e6ed3f4140b27671d49427f65b2382dbc74c7c,e3b0b0b8d9183cf8
syn_syn_000783,syn_syn_000783.jpg,mendeley_synthetic,True,syn_grp_0461,train,2,"[2, 7]",images/synthetic/syn_syn_000783.jpg,labels/synthetic/syn_syn_000783.txt,b9fca7ed2aaf831e29b551170c76e552d85417c6536bff7afbc1408cd60b9520,61dd60202b441d9a3556d6d77250a91147aae06cabde4b20e689ede829ac313e,76613839f1e0e000
syn_syn_000784,syn_syn_000784.jpg,mendeley_synthetic,True,syn_grp_0462,train,1,[5],images/synthetic/syn_syn_000784.jpg,labels/synthetic/syn_syn_000784.txt,1d9c4ccc91a92b3f53df888938d02f0e4995c195727fac1ed60c2019ee1c0cfa,8bbf87684e9fd8275927eb6e2307f99ef1bfca659db84afabe3ad3e4242db3c7,1f0fcf5e1e0e0c08
syn_syn_000785,syn_syn_000785.jpg,mendeley_synthetic,True,syn_grp_0463,train,2,"[0, 6]",images/synthetic/syn_syn_000785.jpg,labels/synthetic/syn_syn_000785.txt,fac311387803585fff2b9cacff3decb71f856db81a6cbab1b55551b4058c0806,9f3ae3310592d7659ec91730ea834b9da20753e35be993fe268589cdd908486f,18f0f2fafcde7970
syn_syn_000787,syn_syn_000787.jpg,mendeley_synthetic,True,syn_grp_0464,train,2,"[1, 5]",images/synthetic/syn_syn_000787.jpg,labels/synthetic/syn_syn_000787.txt,28bc66ab87ff1869eb1fe5b226c80f697dffc726f5e8afdd422b3f2216d8072e,b9182d2e4edbcbbb0b77194ccfb739c2b09b1ab9a21d7039bcd5b89f4a052ae0,0078787838000000
syn_syn_000791,syn_syn_000791.jpg,mendeley_synthetic,True,syn_grp_0241,train,2,[7],images/synthetic/syn_syn_000791.jpg,labels/synthetic/syn_syn_000791.txt,40dbbf0de2dbbd68b0fd7bea0a82aa0175d035008b6a46cb38c3631402aa7251,c43ae8c769eb8b170565194c2edd281afe60a9879d9af0107de83ec9446eaf8d,7c7ff8c08f9fbe1e
syn_syn_000793,syn_syn_000793.jpg,mendeley_synthetic,True,syn_grp_0465,train,3,"[0, 6, 9]",images/synthetic/syn_syn_000793.jpg,labels/synthetic/syn_syn_000793.txt,008097ef7f3d9f2b6414b90d952cb32594947ba8a62b0bc68aa930088a66dbe5,374152c6b31c5cbf39b5ea23f878925a524ad0ba9f55a3a2d794d87370af831a,ff0630021d79c1ff
syn_syn_000794,syn_syn_000794.jpg,mendeley_synthetic,True,syn_grp_0466,train,6,"[0, 2, 4, 7, 9]",images/synthetic/syn_syn_000794.jpg,labels/synthetic/syn_syn_000794.txt,2648360288ee33ec17f3e234473be4ab98f9ffd224fa82e887499d8a2c109429,97dcc8530520aefdc3192744e527ba3f7cf51b94679dadd1d7d6bf67584308ff,8f3d8800f0f9f081
syn_syn_000798,syn_syn_000798.jpg,mendeley_synthetic,True,syn_grp_0467,train,4,"[1, 4, 7]",images/synthetic/syn_syn_000798.jpg,labels/synthetic/syn_syn_000798.txt,7423e77840c44f77af26f4d1b29bfa32410d7f1fe79dbcb0929c33c2c7fafae2,a40c14364cd508304f19f910659fca4b495c240b26a17c5961e948636adc0ce5,fec064046cec8e46
syn_syn_000799,syn_syn_000799.jpg,mendeley_synthetic,True,syn_grp_0468,train,1,[2],images/synthetic/syn_syn_000799.jpg,labels/synthetic/syn_syn_000799.txt,c22da055191ce6ddef575f76bea3eb8e293a49893536986dc2079d4933332493,8a1c676d7b6ec68307eba6a2adee810de4635809f2ef824aeacc3f79887b6444,8018500081ffffff
syn_syn_000801,syn_syn_000801.jpg,mendeley_synthetic,True,syn_grp_0469,train,2,"[1, 7]",images/synthetic/syn_syn_000801.jpg,labels/synthetic/syn_syn_000801.txt,edb11cab34967fa38e13d42809d8126ba695915f351b9326bf0619c5bd3932a1,a548a47d65b52d83843387bdecb376f622a94cdba173534f894dc45eef043445,100040000181ff7f
syn_syn_000802,syn_syn_000802.jpg,mendeley_synthetic,True,syn_grp_0470,train,5,"[0, 7, 9]",images/synthetic/syn_syn_000802.jpg,labels/synthetic/syn_syn_000802.txt,2cd51a4f8ffc77c51058aa1da0beb6a241232208d430822b7e5c67c62bb0dd14,62881eb1ee5e8ae079dccfc8c8c58ffe24ecc5fb25ffe83b5751a818084d6c25,dfdffcb03e25c303
syn_syn_000805,syn_syn_000805.jpg,mendeley_synthetic,True,syn_grp_0471,train,1,[0],images/synthetic/syn_syn_000805.jpg,labels/synthetic/syn_syn_000805.txt,0193b6fb585c9c000535d310344a2baa84dab6a2871d7f0842cd4300cae0c183,4d6468e06a1564df7422e63eeaf43890b0c5794fda46a614e63dc99855a37d01,001090c0e0f8fcfd
syn_syn_000808,syn_syn_000808.jpg,mendeley_synthetic,True,syn_grp_0472,train,6,"[1, 2, 3, 4, 5, 9]",images/synthetic/syn_syn_000808.jpg,labels/synthetic/syn_syn_000808.txt,a054ebba66e28ef9d027e10fa2f745c29a83272b6eb7c13f01b97fea0969d48c,47c374d9203fe81e16eac9f86055e938b3045137c11ee7d4402d9903e780d93e,0006767c7c728040
syn_syn_000810,syn_syn_000810.jpg,mendeley_synthetic,True,syn_grp_0473,train,3,"[3, 6, 7]",images/synthetic/syn_syn_000810.jpg,labels/synthetic/syn_syn_000810.txt,db831bd1dd437380394da56602d638b59fa5ab2f6e3efed48741906e6963e573,7abbb5ba5e4e3b63e4f0ac064920647274c41849acb4ea48ca587019d865a9b7,c0c0e0e0103878f8
syn_syn_000813,syn_syn_000813.jpg,mendeley_synthetic,True,syn_grp_0474,train,5,"[2, 4, 5, 6]",images/synthetic/syn_syn_000813.jpg,labels/synthetic/syn_syn_000813.txt,b7b7dbe247de089ac530fd584146a0464f76a807801acaf68d4b3fb6d394ce81,f1ed9e3a6a40b5f9a49c3ba822c8c4eb545f98a70f4cdb438bca8a006f84d1e6,001dfdf841070705
syn_syn_000815,syn_syn_000815.jpg,mendeley_synthetic,True,syn_grp_0475,train,4,"[1, 9]",images/synthetic/syn_syn_000815.jpg,labels/synthetic/syn_syn_000815.txt,02565b83edf542d5aec0b3a58f95780d10c054169be8b40ababd35016ea8b974,cac86f0ffbacd7d4c321dc79d1d30a2b297ad5fd20ed2e45962abf64d923b309,fcfefff7f9998182
syn_syn_000817,syn_syn_000817.jpg,mendeley_synthetic,True,syn_grp_0250,train,2,"[0, 5]",images/synthetic/syn_syn_000817.jpg,labels/synthetic/syn_syn_000817.txt,3e26af425a24c62f37ccee338f57ea3653e78e66c735d38004e46a4fac4d959b,7455fa7d230346fac689d6eac5de2002e1e0e4ece74ca5dc38d9a62f87d01e8b,088f83a803447b7f
syn_syn_000818,syn_syn_000818.jpg,mendeley_synthetic,True,syn_grp_0476,train,3,"[0, 6, 9]",images/synthetic/syn_syn_000818.jpg,labels/synthetic/syn_syn_000818.txt,6e46b2beba10b0c9790e77f5a1f4f57da7c42ed76b3a9550ed04450a06c6db88,11122ea843f6328e70bf363216243647755e82df3881d6d0f6bf698578b84eb5,001b1e08fcd8d6fc
syn_syn_000819,syn_syn_000819.jpg,mendeley_synthetic,True,syn_grp_0477,train,3,"[2, 9]",images/synthetic/syn_syn_000819.jpg,labels/synthetic/syn_syn_000819.txt,d0cec88b53b4eff369e42992067050f514bb41e078958312365c3b3ec6769bc0,62e53c653cd93848d1ac41bfd95b87fee61b72fb4c50b57e7bb4209e92ce5c73,cb5810337368d0c3
syn_syn_000820,syn_syn_000820.jpg,mendeley_synthetic,True,syn_grp_0478,train,3,"[1, 3, 5]",images/synthetic/syn_syn_000820.jpg,labels/synthetic/syn_syn_000820.txt,ef20bd394ad1a14f60c560ffe79720da1de90e8d312abc2dd7461296012420ee,274851cb7921625602ca4586040e5a398aafb1dbdbf37b6f06f68a890fa8f322,0b610118390d3d16
syn_syn_000821,syn_syn_000821.jpg,mendeley_synthetic,True,syn_grp_0479,train,1,[0],images/synthetic/syn_syn_000821.jpg,labels/synthetic/syn_syn_000821.txt,b70e913bd37eb7397e992a5ff7441412d96c1959ddcb089eb50ff9195441e3dc,2eaba2c0384a3c46fa7c081247a4454897e938d3fbcbcc9715ff6d93c3ac6a80,037ffbfbff180000
syn_syn_000822,syn_syn_000822.jpg,mendeley_synthetic,True,syn_grp_0480,train,3,"[1, 4, 9]",images/synthetic/syn_syn_000822.jpg,labels/synthetic/syn_syn_000822.txt,6b879689dc734007d3ab4dcd93bd888a0912c842c1d3477e62d0e85ee2787c4b,6626c86eeb7ebab0af19a297c1c85a09cf9a50230ce357624e653752eb99d593,4743030307070303
syn_syn_000824,syn_syn_000824.jpg,mendeley_synthetic,True,syn_grp_0481,train,2,"[6, 7]",images/synthetic/syn_syn_000824.jpg,labels/synthetic/syn_syn_000824.txt,2c2946ecd8e7797b9f540d51a95bb26b7ffd30b81eaa66a4bae4af1f5d8b4ec6,534a01d85efb18199b2504d52bdd6d1040db82aa6708674a6109e2f234d1e6d9,b860c7077bcf8447
syn_syn_000825,syn_syn_000825.jpg,mendeley_synthetic,True,syn_grp_0482,train,3,"[3, 6, 7]",images/synthetic/syn_syn_000825.jpg,labels/synthetic/syn_syn_000825.txt,377a6a639c094c2193a8a313e333e510a975dd86d6e675e305d90d6e68240260,ea5181e430e618b33dcf83a2586378535c05c76e9b762d19987186a90b76aeb3,0d090d0d0d1f1f0f
syn_syn_000829,syn_syn_000829.jpg,mendeley_synthetic,True,syn_grp_0483,train,1,[1],images/synthetic/syn_syn_000829.jpg,labels/synthetic/syn_syn_000829.txt,f49dba547888350093170dfa88d93b0301ea550899daeb9b8e433f2ab7977656,e86f2a4cffa0be833677e6c598f5af4e14a2e3c98c22029d06218adb63ff1ce7,0301013135010101
syn_syn_000831,syn_syn_000831.jpg,mendeley_synthetic,True,syn_grp_0484,train,5,"[0, 2, 5, 7]",images/synthetic/syn_syn_000831.jpg,labels/synthetic/syn_syn_000831.txt,fb18fa5038633dd6a07b522668054dcf11dcbd6bf76b9d480be649eae5699951,2fc40e66fb23b1b15b737d1fd47d681a6ad6fd66ef3b87de5973667442942cc5,40180f19f3e22100
syn_syn_000834,syn_syn_000834.jpg,mendeley_synthetic,True,syn_grp_0485,train,4,"[1, 4, 5, 9]",images/synthetic/syn_syn_000834.jpg,labels/synthetic/syn_syn_000834.txt,ba117d56b162e391f39537c34c91edcde6364a47f9dcf8f3353d2740e83bae1b,1a02c2dd55c88cbf43c3890ecba31c809cab814f7afd869b8fb014d28a6fc5c5,6030108dccf8fe60
syn_syn_000838,syn_syn_000838.jpg,mendeley_synthetic,True,syn_grp_0486,train,4,"[0, 1, 2, 3]",images/synthetic/syn_syn_000838.jpg,labels/synthetic/syn_syn_000838.txt,d740db8ec13a0543a41c895742a2e77a1527f25722c260f77bf10103100be020,1097503f63ede5106e76d005d4e4ce0ab74817a3668099708bfe608153c8f8e8,ef6f478101010303
syn_syn_000842,syn_syn_000842.jpg,mendeley_synthetic,True,syn_grp_0487,train,5,"[4, 5, 6]",images/synthetic/syn_syn_000842.jpg,labels/synthetic/syn_syn_000842.txt,d37c53193867362a51f8c9cb99dd8bea0fa64344cdf92c7d31b91290fbc6c219,3f9ccf5b254df3c91467c3efc78288503237ed95f302ef07f204285ed9bce6c4,fcd91313e0fcccc6
syn_syn_000843,syn_syn_000843.jpg,mendeley_synthetic,True,syn_grp_0488,train,4,"[6, 7]",images/synthetic/syn_syn_000843.jpg,labels/synthetic/syn_syn_000843.txt,d325fe7000fc2b6705f3f20160ca15a970bf04879506eaa42c78ad9408e953f5,a1eac8c294d156949b8e57b7423b2b52d18c3e0e84966e4b89869ef91ebe3fb7,0000409d1f9fc040
syn_syn_000847,syn_syn_000847.jpg,mendeley_synthetic,True,syn_grp_0489,train,3,"[1, 3, 9]",images/synthetic/syn_syn_000847.jpg,labels/synthetic/syn_syn_000847.txt,b87fc73047ec1385ddf6b6c4b9a75da389e010fcf026f516836a63093cadd8e1,706bcfaf9bda50308614414fcb6ec76e25bef55dec0b2aed29adcf1393cbf154,0f1f0f0303030139
syn_syn_000850,syn_syn_000850.jpg,mendeley_synthetic,True,syn_grp_0490,train,3,"[2, 3, 4]",images/synthetic/syn_syn_000850.jpg,labels/synthetic/syn_syn_000850.txt,ef2c6dc34e3c4187fb14803c9c346dd7a0a6ae4466ff9fa534e24d73b3ba38f3,05c18057d2a2e84fec24e55c24120a61bc15bf678516fa57c86bd60aab49296e,18f3e3d6f8dc8c20
syn_syn_000860,syn_syn_000860.jpg,mendeley_synthetic,True,syn_grp_0491,train,4,"[1, 4, 5, 9]",images/synthetic/syn_syn_000860.jpg,labels/synthetic/syn_syn_000860.txt,091583fcea5a9feaa7d0c3377d3630f98246831bf3d27b193fa41b498e76242d,b50940666b490b23395aec1aea7038d6a9a06eefd097aff39296dcf88856d6fa,00000c7e3f1c0000
syn_syn_000861,syn_syn_000861.jpg,mendeley_synthetic,True,syn_grp_0492,train,4,"[0, 5, 7]",images/synthetic/syn_syn_000861.jpg,labels/synthetic/syn_syn_000861.txt,5584d946a0365777a298f3fb23e38490be2f537e13f605f9af912a1223c8f781,94f6bf12e25bd85aec3670244dfb8bd40aae5ffdf3815a4949467c70f282342a,fffefe46006060e0
syn_syn_000863,syn_syn_000863.jpg,mendeley_synthetic,True,syn_grp_0400,train,2,[5],images/synthetic/syn_syn_000863.jpg,labels/synthetic/syn_syn_000863.txt,6eb676607b0289bd4e62cd55bbdc66e3eeb44a3d584bdb1d54d3878f0eee93f3,3c8021befdeb33e3e176dd4b8219a4249073d7cfa8beb7b2138716f9042144b1,fcf8f8f8f8f0f0f0
syn_syn_000866,syn_syn_000866.jpg,mendeley_synthetic,True,syn_grp_0493,train,1,[5],images/synthetic/syn_syn_000866.jpg,labels/synthetic/syn_syn_000866.txt,ad26976f7d07c594608d29b9f5589555ab4dd2e555c4e9ccfbe7fc7c229ed189,e7ff34d944166caeeffb2a0412b4d8932a85d7d76ecbd02eb7ef0fdc9825364f,96aee4e0e1e882e0
syn_syn_000869,syn_syn_000869.jpg,mendeley_synthetic,True,syn_grp_0494,train,3,"[3, 4, 7]",images/synthetic/syn_syn_000869.jpg,labels/synthetic/syn_syn_000869.txt,1be9367461552f1b9f8b5281891bc7ce59305be0b47c807017f44c3a9dee4496,eb3a65c7f05833f609ede80b2b8d5654d859f0a37fcd0d66cb53388123208fc6,c0c0c8c8d0c8f4ff
syn_syn_000874,syn_syn_000874.jpg,mendeley_synthetic,True,syn_grp_0495,train,6,"[1, 2, 6, 7]",images/synthetic/syn_syn_000874.jpg,labels/synthetic/syn_syn_000874.txt,b3a43b0faceade3792e0062fbb4ce0d602d362eba1e238c5f7edb93a4fac5ab4,7813605fc2e2c1ede1475940a0d8ce7beb2f741656bf5848b9f39b3e9a2af49b,f8e0d8dcdce6e2f8
syn_syn_000875,syn_syn_000875.jpg,mendeley_synthetic,True,syn_grp_0496,train,4,"[1, 2, 3]",images/synthetic/syn_syn_000875.jpg,labels/synthetic/syn_syn_000875.txt,004018e086c93f6a8293d7febb9688be805049e26ed1cde24bd74ca66a706cc6,595d22c9e8e85263e8c52cce567612c286867022341adee0f2edbf731b35f4d6,00587a237f7f3800
syn_syn_000877,syn_syn_000877.jpg,mendeley_synthetic,True,syn_grp_0497,train,2,[0],images/synthetic/syn_syn_000877.jpg,labels/synthetic/syn_syn_000877.txt,af35b64aa875a98b7f100c29ee732bd42df1a39f2b527c004469d3b095b124c6,23785a495afde6def3697b8d8a707cf31a0058cf0ac05ffc5b79efea778cd375,c5d39081ba38ecec
syn_syn_000880,syn_syn_000880.jpg,mendeley_synthetic,True,syn_grp_0498,train,6,"[0, 1, 2, 3, 7]",images/synthetic/syn_syn_000880.jpg,labels/synthetic/syn_syn_000880.txt,f3ae6a3c10e0521e9b986a06189db6a4b9da7de2020fec126f2bc988dbf02ae5,5973cd29dc74c5af6b07ed211cbabef018c05569fe683aa878bd92d37b6663b0,80f0f87878f0c0f4
syn_syn_000882,syn_syn_000882.jpg,mendeley_synthetic,True,syn_grp_0499,train,1,[1],images/synthetic/syn_syn_000882.jpg,labels/synthetic/syn_syn_000882.txt,6c53eb0d2afaf8d81bc024b5b47315871ac776039b9705c52d06d78713a61113,209b6c0ed092cb98d15cb4fa1bebc95ab820f8df25aca8c59ccd721681864d39,00000cfcfe1c0607
syn_syn_000883,syn_syn_000883.jpg,mendeley_synthetic,True,syn_grp_0145,train,3,"[5, 7, 9]",images/synthetic/syn_syn_000883.jpg,labels/synthetic/syn_syn_000883.txt,398de7a8b21c70b42dfce3ef4f8b46dddb3b33d49d6fd005c478ca859f32d351,f19067b4be0515246af7ba474569de0d9ed93b527f3af0a91be3379c49f6be61,0307070707070707
syn_syn_000884,syn_syn_000884.jpg,mendeley_synthetic,True,syn_grp_0500,train,3,"[4, 9]",images/synthetic/syn_syn_000884.jpg,labels/synthetic/syn_syn_000884.txt,2541ccc4b403cb04031abf384154669995a9a406ae4392532192d710a557bd24,a7e44507054839db7f62ea8de77f8c9f59733c65eb301f267c98039b9969c182,0000060e0dcfffff
syn_syn_000886,syn_syn_000886.jpg,mendeley_synthetic,True,syn_grp_0501,train,1,[4],images/synthetic/syn_syn_000886.jpg,labels/synthetic/syn_syn_000886.txt,dfe2d454188f20d280d93c8474b67159523b0dce2f4e7211ef45bd458141d319,f84ebc868deb0a4747114bedf0b94ccba8ad9501c2adc330e1ab9f5541332886,e0e0e0f0f0f0f0f8
syn_syn_000888,syn_syn_000888.jpg,mendeley_synthetic,True,syn_grp_0502,train,1,[3],images/synthetic/syn_syn_000888.jpg,labels/synthetic/syn_syn_000888.txt,9f5d3a917122e8d46b6eca613825cb2c2e81ff95427b58d5b9a8f4d1dc8d125e,1d43f8acda0d8c155ed6b8c2e4c159598816468243bf0c9d865eab693b16987a,fffffaa00180f0f1
syn_syn_000890,syn_syn_000890.jpg,mendeley_synthetic,True,syn_grp_0503,train,6,"[1, 3, 6, 7]",images/synthetic/syn_syn_000890.jpg,labels/synthetic/syn_syn_000890.txt,2525201a9d8150a7a43c57943c9ed9026e698a0b610f6fbd7921165d3977c2e2,df271df3389e3b26f5a9413ecb8345e20a9df985ad262322c1a1175a986a7e6a,c6c6c0c9d9cec6c6
syn_syn_000891,syn_syn_000891.jpg,mendeley_synthetic,True,syn_grp_0504,train,4,"[3, 4, 6, 7]",images/synthetic/syn_syn_000891.jpg,labels/synthetic/syn_syn_000891.txt,130e69031cfc39fc38c6b43a2efa0e46e996566544ed0d1ebc20d8ec3640be4d,8ea93f2b9cce2c56feb32f9db166c0e9b75a542803bd02b1e29086368d6521df,0707330303773f1d
syn_syn_000893,syn_syn_000893.jpg,mendeley_synthetic,True,syn_grp_0505,train,1,[6],images/synthetic/syn_syn_000893.jpg,labels/synthetic/syn_syn_000893.txt,d860ed6828b187b440bc97f5cc4e49d5fa0161d8b8f3eb5d9ccf66aceea8c07e,29203255ef7556da7d390ff04cb5afd7cce561667465d7bc22bfa450945b3303,30d2061616f71707
syn_syn_000894,syn_syn_000894.jpg,mendeley_synthetic,True,syn_grp_0506,train,3,"[0, 3, 7]",images/synthetic/syn_syn_000894.jpg,labels/synthetic/syn_syn_000894.txt,47eb8d269c4c838715cec45d533fdb99d86df864fb5b4cb040fed5f17d71ac64,000455e0cb89098c7265f37772927cf81d3e873dd12d54e27aab0d8dd3fd3feb,6101c1fffbdbe4fc
syn_syn_000897,syn_syn_000897.jpg,mendeley_synthetic,True,syn_grp_0507,train,1,[2],images/synthetic/syn_syn_000897.jpg,labels/synthetic/syn_syn_000897.txt,d7f315b9963581c7fd3d26a825c1def1d940d3dcbef57be85ec84796058cd47f,67de0e67f8037e622f7665e7df3ab4c1f09a73d0734908906f2ae807ef09d449,041c30980ff9f9ff
syn_syn_000900,syn_syn_000900.jpg,mendeley_synthetic,True,syn_grp_0508,train,4,"[1, 4, 9]",images/synthetic/syn_syn_000900.jpg,labels/synthetic/syn_syn_000900.txt,270f1cca43772dade12672597ad9314afed8125ebd81b3f9fdfc16714c797fc6,fbb2a3c9da699ebf22f7ab3459716c6c29bb02feccac3d69b86397444c7c95d3,107ef1e34316f4c8
syn_syn_000903,syn_syn_000903.jpg,mendeley_synthetic,True,syn_grp_0509,train,6,"[0, 2, 5]",images/synthetic/syn_syn_000903.jpg,labels/synthetic/syn_syn_000903.txt,73b882261b1ed768c7f1a5218d186d902e5e561cd8569bd009569fd0b00912e9,84e4fc60d9446309655d6fe908768077a2429ecb1df9331084b0a85546109c9e,ffffffe3e4e44000
syn_syn_000905,syn_syn_000905.jpg,mendeley_synthetic,True,syn_grp_0510,train,5,"[2, 3, 5, 7]",images/synthetic/syn_syn_000905.jpg,labels/synthetic/syn_syn_000905.txt,8b5aff71d879756dc30d1e5b9a40537f7caa15f537b3c3652615a835a67d6e72,9661ad805ff672f85356da9365bb3c2fb145c0b776f922337b3f8209ab0ae4fc,3c1f5ac9e9b03016
syn_syn_000912,syn_syn_000912.jpg,mendeley_synthetic,True,syn_grp_0511,train,3,"[1, 9]",images/synthetic/syn_syn_000912.jpg,labels/synthetic/syn_syn_000912.txt,755effa137d3b02a4108b048f1784192ae4f31c1bfa30d8a32b3dc7a31a6a544,b94746ea52aad98f6bb949d87c08ae2bb798a0a5617d072b5a6d1a7233e3dd9b,e6e7df4f49706440
syn_syn_000915,syn_syn_000915.jpg,mendeley_synthetic,True,syn_grp_0512,train,3,"[0, 2, 5]",images/synthetic/syn_syn_000915.jpg,labels/synthetic/syn_syn_000915.txt,ce1a6a399e0e3df424cb3b944eda9ea46724d8ce85d0ffb59f120e0c75f8803d,cc396df976f79a8220fb5ad62831a4b6cc1ac3b118c49faf21cb5776ef843046,f8fc2808383e060e
syn_syn_000918,syn_syn_000918.jpg,mendeley_synthetic,True,syn_grp_0513,train,2,"[2, 7]",images/synthetic/syn_syn_000918.jpg,labels/synthetic/syn_syn_000918.txt,49f9ec7aea694b0a735fc23a2e826bff0ef3513c06c54ad45bf0af8a113e2c8f,c644a9cd71eb82dcf407ccaa0e1685c0ff787bebaf0ca0866a149f85ad9fd034,ff7f3f5f07010000
syn_syn_000922,syn_syn_000922.jpg,mendeley_synthetic,True,syn_grp_0514,train,5,"[0, 1, 2, 3, 9]",images/synthetic/syn_syn_000922.jpg,labels/synthetic/syn_syn_000922.txt,cd8148f4c1bacd598950b94e5aff196cc69f62f3aa8849631514455361f86e2c,f4225855c8948f270b22412326eb35595fb0950552b5c6c193f7e88dee6c9306,774f4f730b063000
syn_syn_000924,syn_syn_000924.jpg,mendeley_synthetic,True,syn_grp_0515,train,4,"[0, 2, 7, 9]",images/synthetic/syn_syn_000924.jpg,labels/synthetic/syn_syn_000924.txt,ca66c4f90a3072f24b7bbb15c8714a9319a9dc7149e3a18f565eb67b9c108a24,4d932cac1477dc475966024cf387bf3850383eb2698fff3438f4ab15412a36e4,ff9f9e9c9c84cce4
syn_syn_000927,syn_syn_000927.jpg,mendeley_synthetic,True,syn_grp_0516,train,1,[6],images/synthetic/syn_syn_000927.jpg,labels/synthetic/syn_syn_000927.txt,aaa14ed18df7012a1b94861db3a323a381ba5316f29d72900f178448062116e6,c31ff555e7aac826e1ef43974507202891ef50da4b381972457066095c80f6e2,f8f1c0c0c0e0e0e1
syn_syn_000929,syn_syn_000929.jpg,mendeley_synthetic,True,syn_grp_0517,train,1,[4],images/synthetic/syn_syn_000929.jpg,labels/synthetic/syn_syn_000929.txt,a00b3639fce99ccf9e81ea6d4014bbb43c494e9991f0ecedcad9fdde8417cb82,7b478c7bcede55701f5cfa2029f3e9e322e440fb41fce3081a9e772e17499ea1,c1a9d0c0c97b7177
syn_syn_000932,syn_syn_000932.jpg,mendeley_synthetic,True,syn_grp_0518,train,4,"[0, 2, 5, 6]",images/synthetic/syn_syn_000932.jpg,labels/synthetic/syn_syn_000932.txt,eab428877a8e1da322087433e104c2bda6b98dbb8e0f6d4dabcbc7c78a9bce4b,2301e55ae0b94c0312dc95c1e17001e057a09fb2d3c1fc145f1800d6f7fd09ac,0f3f0f1f1f600000
syn_syn_000936,syn_syn_000936.jpg,mendeley_synthetic,True,syn_grp_0160,train,1,[2],images/synthetic/syn_syn_000936.jpg,labels/synthetic/syn_syn_000936.txt,8ae7f9ce73cf035d773912fd3421e17672ac03b79d198b2da96d0991d4d9ef0b,8cf82baa61e05c0dddd8eb732b6e84f1d63344d991521b9f68a49221d4826cb7,c73f1f7fffef0100
syn_syn_000937,syn_syn_000937.jpg,mendeley_synthetic,True,syn_grp_0519,train,1,[1],images/synthetic/syn_syn_000937.jpg,labels/synthetic/syn_syn_000937.txt,ba45f208fdb985b5bddaa580e32019c091ae1364cb1c81002a3d2ab3452d5c9c,e3c81e8a38e8bea6a1b62b5f10d6ba183a4a0542d4643ecbaddb169e2791b3d8,7c82063d2583f3e3
syn_syn_000938,syn_syn_000938.jpg,mendeley_synthetic,True,syn_grp_0520,train,1,[3],images/synthetic/syn_syn_000938.jpg,labels/synthetic/syn_syn_000938.txt,6e20d681f49c97854bd7c5baa49e2f74c24a46f9a7775c19d7bac56576bf5188,db30b78cbc75a5d18db302623d6c3e105ed616614a4e9d0a825d9daea2301b0b,7ff86fec00fc0000
syn_syn_000943,syn_syn_000943.jpg,mendeley_synthetic,True,syn_grp_0521,train,1,[7],images/synthetic/syn_syn_000943.jpg,labels/synthetic/syn_syn_000943.txt,034eedf9fe987ab2f048236496a4a76d26b3211f5041b14b118ab1625495e51e,462140fb7f5b9dc9ee26a298f9fc2ce8fcde8121532bfe4c356f4a7f4fec4a1a,7199c3fcc078bfe3
syn_syn_000947,syn_syn_000947.jpg,mendeley_synthetic,True,syn_grp_0522,train,2,"[0, 7]",images/synthetic/syn_syn_000947.jpg,labels/synthetic/syn_syn_000947.txt,7993a3170fb8c594a63ea504b802ed066d5323b92a12f064d1a7cef44f0b5f92,e34d9c34d184d1c8fca9c4b82d420b90b9bb4023e649d854498cd1c7ba085d84,60e0e0e6f67fffff
syn_syn_000949,syn_syn_000949.jpg,mendeley_synthetic,True,syn_grp_0523,train,4,"[1, 3, 9]",images/synthetic/syn_syn_000949.jpg,labels/synthetic/syn_syn_000949.txt,5d516c7f86f21b7ae7dd413b8fd4b751864ed615c55f3e140a844491e63d6835,9b8286945b6932a3e60764a67a1ac901774e03b7c0f49202b060bf9adaa79637,0000003800d0feff
syn_syn_000950,syn_syn_000950.jpg,mendeley_synthetic,True,syn_grp_0501,train,2,"[1, 4]",images/synthetic/syn_syn_000950.jpg,labels/synthetic/syn_syn_000950.txt,10feb29c0a37c4b0879adf3d2ad27c62095a30a00682d5d87f8bc5494b331154,4eb13b7a78ce535be352ae024541eed140c6214929e3e926a6cbabca4134c22c,e0e0ecf0e0e0e0f0
syn_syn_000951,syn_syn_000951.jpg,mendeley_synthetic,True,syn_grp_0524,train,6,"[0, 1, 4, 6, 7]",images/synthetic/syn_syn_000951.jpg,labels/synthetic/syn_syn_000951.txt,1b7a4a62f09c2624bf966e984574f71de109f312060c42c78e0a73410ab70608,47e35016d8164d3c065b1641ffa2e4890b2efb5c1ee88967c617ae3794dfda09,98f808187c4a1c9f
syn_syn_000960,syn_syn_000960.jpg,mendeley_synthetic,True,syn_grp_0525,train,2,"[4, 6]",images/synthetic/syn_syn_000960.jpg,labels/synthetic/syn_syn_000960.txt,7db4720a060d2eb4bf65253696555c66a016cc61351850a8b94494a26b87b48f,9efcb7a9fb24f66a835c6f68a31bbc26d2bbb089a494082093781959375729a8,00106c9ce71e7cfa
syn_syn_000963,syn_syn_000963.jpg,mendeley_synthetic,True,syn_grp_0526,train,1,[3],images/synthetic/syn_syn_000963.jpg,labels/synthetic/syn_syn_000963.txt,03450515831dc1e9e6638aafc17ba8170ee13567af719e1f347c590fd1bf3442,7e90db7d3a1ede076f144134e29ef0d91dc3810fac39c2b8d9fc1fcbff1276b7,000016363f7f7fff
syn_syn_000964,syn_syn_000964.jpg,mendeley_synthetic,True,syn_grp_0527,train,5,"[0, 1, 4, 5, 6]",images/synthetic/syn_syn_000964.jpg,labels/synthetic/syn_syn_000964.txt,aa9a31b36916e694b68b1909fad9d74bed8201add63611f20da9f75f8cb1b120,e724351ddfc18ad085e338b6b2789a5ff34124bd80c18bc2d88b3fb87b68cd35,0000384e1e3e6e00
syn_syn_000967,syn_syn_000967.jpg,mendeley_synthetic,True,syn_grp_0528,train,3,"[0, 1, 5]",images/synthetic/syn_syn_000967.jpg,labels/synthetic/syn_syn_000967.txt,7537cb3644e03040323ee647f636fa59022c4b7b0b3af58e47940d1e2ab3a060,df379e83bd356511208d9376a968e13ec4d443311f2bccfc875abbdbabda297e,c0c0e0e0e0e0e0ff
syn_syn_000970,syn_syn_000970.jpg,mendeley_synthetic,True,syn_grp_0529,train,2,"[1, 5]",images/synthetic/syn_syn_000970.jpg,labels/synthetic/syn_syn_000970.txt,ecba79236c80142cbffeeb8e3639cc318167b447e8cf7d1c95fcbd76ec526c09,a4921fb2074ba5fd7d64104f296bc11c2e1813607faf705112a8c26b9e619d6a,4f1f3f0e1f1e0c08
syn_syn_000973,syn_syn_000973.jpg,mendeley_synthetic,True,syn_grp_0530,train,1,[6],images/synthetic/syn_syn_000973.jpg,labels/synthetic/syn_syn_000973.txt,cacc28e13fe8c2a2264234e60cd8ec6d1d62f6e776336fd9cbdc509611214aa5,ef51c096f7fcacd37958a5c2af4d6bb4f9723707ba1f19c33ce75568f68c697b,ffcf87070d93ffff
syn_syn_000974,syn_syn_000974.jpg,mendeley_synthetic,True,syn_grp_0531,train,4,"[2, 5, 7, 9]",images/synthetic/syn_syn_000974.jpg,labels/synthetic/syn_syn_000974.txt,ef31fb3433f8fb9a8a738c3f526a59eda3e3efdfda993b26bc70456ebe51483c,0bffebf28d9da201c55743e9113a2d9b626bbf33456e6b1d982c2f22c8a5a009,ffe7b783c3e1e102
syn_syn_000975,syn_syn_000975.jpg,mendeley_synthetic,True,syn_grp_0532,train,4,"[0, 2, 3]",images/synthetic/syn_syn_000975.jpg,labels/synthetic/syn_syn_000975.txt,6920b89818608eb0e078e6efb9383bd9dcbc2442d33765358adc599e6ef5d553,b61ee628227b78035e67f0945785bead12e5aa1482aa1bf6cda1c5e69c4c22e4,ffffb57903070308
syn_syn_000976,syn_syn_000976.jpg,mendeley_synthetic,True,syn_grp_0533,train,5,"[2, 3, 5, 6]",images/synthetic/syn_syn_000976.jpg,labels/synthetic/syn_syn_000976.txt,5a233b7fd2110bc6c013b9755a788d8d18a7b8b5e234c7994525e5978b03dcb7,03327c50ea2e9eb61b652b1b9fcfe749653b79e41e551824dd1d3e4bc065defa,00ec202078dcfc7e
syn_syn_000979,syn_syn_000979.jpg,mendeley_synthetic,True,syn_grp_0534,train,2,"[2, 4]",images/synthetic/syn_syn_000979.jpg,labels/synthetic/syn_syn_000979.txt,11f75ddcea3395055b00833e997abf2bf815924e64632ad8fcfc255e7fe1af26,33136aa6116c2cb7e1e095a104e188fb381b3f8312934b9e90ebcbeb1e0a4b28,171787e10341cc20
syn_syn_000980,syn_syn_000980.jpg,mendeley_synthetic,True,syn_grp_0535,train,6,"[1, 4, 6, 7]",images/synthetic/syn_syn_000980.jpg,labels/synthetic/syn_syn_000980.txt,faf6852375faef07948d9c60d6e9ba9be48371367f596c1de8296fb9eec4680e,77e3fd79bbc774fc53626ee481a73425c10d27041ca0724eafa7215df3fa9110,393fdedb66c40a14
syn_syn_000983,syn_syn_000983.jpg,mendeley_synthetic,True,syn_grp_0536,train,2,"[3, 4]",images/synthetic/syn_syn_000983.jpg,labels/synthetic/syn_syn_000983.txt,33730baf49624d0c42bbccea474b75a172119dbaee04f18ddf1a5015237f2a90,4f1d5f3d850f9c59b9a240499eaf91f69752b0d7146c0c1c2171a233fd4e8c59,000c0c0c0c0000ff
syn_syn_000986,syn_syn_000986.jpg,mendeley_synthetic,True,syn_grp_0537,train,4,"[0, 3, 7, 9]",images/synthetic/syn_syn_000986.jpg,labels/synthetic/syn_syn_000986.txt,8ace446e64557f1c37b82fa79f9516d9fadcabe9d3a2c5f251ac0d996f827146,806ea135a3f0929b3d4b577e2af4a85f1c621366799007f24ba40c7c6a01a7b6,1e7f7f7f62703830
syn_syn_000987,syn_syn_000987.jpg,mendeley_synthetic,True,syn_grp_0538,train,4,"[0, 1, 6]",images/synthetic/syn_syn_000987.jpg,labels/synthetic/syn_syn_000987.txt,9211ce3015d29a38845722906332261487d9a62abb99bfee1fc184147b654057,91a8ae33aed579a165143766486b782c79ad983dd690de46ae0eb7e252ef828f,00c6cff7c79fff00
syn_syn_000988,syn_syn_000988.jpg,mendeley_synthetic,True,syn_grp_0539,train,3,"[0, 1, 2]",images/synthetic/syn_syn_000988.jpg,labels/synthetic/syn_syn_000988.txt,84cc21d5b65b1a8cfe56f90ed9d85aa186c34d8e14d507f83c73fc8bf3f2c1a4,05e0463f81e8f98e50fb412b7840199ef71e91a2f12fb73c9a3a4d0692928cbd,e0e0e8e7e7f26960
syn_syn_000990,syn_syn_000990.jpg,mendeley_synthetic,True,syn_grp_0540,train,2,[6],images/synthetic/syn_syn_000990.jpg,labels/synthetic/syn_syn_000990.txt,4a2a2eb8be92f25fd885df6a452a3eafb718e5c83390fbdd3b82cf7c8ed8c6eb,2f6f2f60798a83ddf0a4787e8ba1197e9916beddfc88a69175c5123733c692c3,836ecec2df9b1000
syn_syn_000991,syn_syn_000991.jpg,mendeley_synthetic,True,syn_grp_0541,train,2,"[3, 9]",images/synthetic/syn_syn_000991.jpg,labels/synthetic/syn_syn_000991.txt,14262dd158e97a05f96c3cd134308ef9e6c3fa6c1baccb119622330ab6866f9b,fec4bcc15b05c79d791c7b7d9f2442b78332d8d63ec3c56bd61f6dac885495bf,cfc7010030303239
syn_syn_000992,syn_syn_000992.jpg,mendeley_synthetic,True,syn_grp_0542,train,4,"[0, 1]",images/synthetic/syn_syn_000992.jpg,labels/synthetic/syn_syn_000992.txt,b6d0b1c933c54863c40106d89d79cf566806d01f5f14c5ffb5a6ee52d419ce9d,04ff9cef096002826b6b6580abcfe53b713092f3455b493a0039a311e29754d3,0020f8f81a1bfcff
syn_syn_000994,syn_syn_000994.jpg,mendeley_synthetic,True,syn_grp_0543,train,6,"[0, 2, 3, 7, 9]",images/synthetic/syn_syn_000994.jpg,labels/synthetic/syn_syn_000994.txt,3b05eb7c8ee67a75eb61d316f49260c6474df2fd0655a288d16b711edf314591,2e7f22dba9faf5c97d9952e7a39338cf23b2617b457190f43bdbbceee058b953,00786c7e581b3818
syn_syn_000995,syn_syn_000995.jpg,mendeley_synthetic,True,syn_grp_0544,train,3,"[5, 7, 9]",images/synthetic/syn_syn_000995.jpg,labels/synthetic/syn_syn_000995.txt,ec396d3479200cc9daaa1184e6b7554ffa64c85fd3b3dad4213621b09b5e3c33,9cba35b58e93a1dd7bd028503c43a8936ce983a27d68b72cc53a5f089ec60338,ff3f1f1b00000c00
syn_syn_000996,syn_syn_000996.jpg,mendeley_synthetic,True,syn_grp_0545,train,6,"[0, 2, 4, 5]",images/synthetic/syn_syn_000996.jpg,labels/synthetic/syn_syn_000996.txt,0ebfe25da9aae85891a2f1ee8d97402deefd19d879c717bdc0c9cc4207dfaa49,b4a81708ec9437e93e13621d6a44ddd62352c2a2e3f8e13c103249783bd4c2c9,000f4f6f7f1f0e08
syn_syn_000997,syn_syn_000997.jpg,mendeley_synthetic,True,syn_grp_0546,train,3,"[1, 6, 9]",images/synthetic/syn_syn_000997.jpg,labels/synthetic/syn_syn_000997.txt,5b211c7ff9cbfbd867d46582763266f947d330434f2f74535ed4353898ee492e,bdb3616ae92c64182d6dd7b59e85f2ad99ff9784bde70092b43ae1e965b33a67,08001018786cf8fb
syn_syn_001000,syn_syn_001000.jpg,mendeley_synthetic,True,syn_grp_0547,train,6,"[2, 4, 5]",images/synthetic/syn_syn_001000.jpg,labels/synthetic/syn_syn_001000.txt,0608eaa43db8fa7d5dc01ba3a89722bba13c54bc7ba45ade4d43c9f6b2fca4d2,14f702f20ecf5f56b04de775e2e351a7bf37906d51f37ef825ade62a391ec1db,fff3beca011149c7
syn_syn_001002,syn_syn_001002.jpg,mendeley_synthetic,True,syn_grp_0548,train,6,"[0, 2, 7, 9]",images/synthetic/syn_syn_001002.jpg,labels/synthetic/syn_syn_001002.txt,5b960fa968a36685e6e60a7f18173e3ab985a0484da119fb7efc1ef0ac793ce7,ef5064286bccade8afd9c95a6193f1028ffc4e006e9911e46c7b2d6f75218085,fdffe1f1e131273d
syn_syn_001004,syn_syn_001004.jpg,mendeley_synthetic,True,syn_grp_0549,train,5,"[0, 4, 5]",images/synthetic/syn_syn_001004.jpg,labels/synthetic/syn_syn_001004.txt,a825ac42c5323439e92129db67e38bb279eb2ab2603e768043869c7bedc87400,f4345ecff4356af2961876bfba8f8c83bee258288c284027d6ae1e1c5c0b5054,191fbc3c1677f0f8
syn_syn_001007,syn_syn_001007.jpg,mendeley_synthetic,True,syn_grp_0550,train,2,[7],images/synthetic/syn_syn_001007.jpg,labels/synthetic/syn_syn_001007.txt,c462eb3fc3a56de7b9f7931dc7b3cd2ed75194d1ef649b50c3124780e4eef9d6,e14eefb9b2cdd983c2b4e4ea1cefa43621e77e2ebbf1756b9314f17b0388d31e,d8d8d8d858c84800
syn_syn_001008,syn_syn_001008.jpg,mendeley_synthetic,True,syn_grp_0551,train,1,[3],images/synthetic/syn_syn_001008.jpg,labels/synthetic/syn_syn_001008.txt,8e95662afd030f9d5b33d1425c6b5711725046b0ed24b0f1c0e2eba185c9d05f,341750763a3cfe889113fae9288b376c7a0c457fcd7bc9b818dbfca03da37358,05075f47c7e0e0c0
syn_syn_001010,syn_syn_001010.jpg,mendeley_synthetic,True,syn_grp_0552,train,5,"[1, 3, 4, 6]",images/synthetic/syn_syn_001010.jpg,labels/synthetic/syn_syn_001010.txt,f4be4384ad6c4733e0334847df9e62bc5e7bf9d8fb268807c8f96cce40dad171,f543f69d30de4499e66b190d5d467ed2f39c4dcf2d7353cda04fe4ecce9c0bbe,0001078670fc7c3c
syn_syn_001012,syn_syn_001012.jpg,mendeley_synthetic,True,syn_grp_0553,train,2,"[2, 3]",images/synthetic/syn_syn_001012.jpg,labels/synthetic/syn_syn_001012.txt,f45c76308598516ad4c9d4de59d3a748c712d284c00aae16be5d0fbeb223dcf5,30057910033d0abdc9e36abbbaae98a639df91e0a0ab3f4b332c0cf18fe8117c,00c0e0e0f0e0e0e0
syn_syn_001013,syn_syn_001013.jpg,mendeley_synthetic,True,syn_grp_0554,train,6,"[3, 5, 7]",images/synthetic/syn_syn_001013.jpg,labels/synthetic/syn_syn_001013.txt,012dfe8e3a067bea7265cb0e891100a3af15e5e6d009a99ba98fb8fbce5696f7,5b65d925fe65d9f6c6542ed06850a77d4a13a843307c305e5fb15955a5b97470,8dd2e1b131b1f101
syn_syn_001014,syn_syn_001014.jpg,mendeley_synthetic,True,syn_grp_0555,train,2,"[0, 4]",images/synthetic/syn_syn_001014.jpg,labels/synthetic/syn_syn_001014.txt,c1fe63233d34e12b45d04bf56badea14fa326ee3afa50a5ed179c39dfe91a580,8c05170636f0212d869b9cfea95423b181850b1de6d47e348366a68b52eded59,8e83436f7f1efbfe
syn_syn_001015,syn_syn_001015.jpg,mendeley_synthetic,True,syn_grp_0556,train,3,"[3, 4, 9]",images/synthetic/syn_syn_001015.jpg,labels/synthetic/syn_syn_001015.txt,dc2ca21bfc42fbaaba0561274faf55acd85398626751c6cbd677a1dad15c40f6,efb4a815c611f99be78c3fb07aed050a070ab63bb84fb22f88d9eb6ab7a03090,ff7f000016ffffff
syn_syn_001026,syn_syn_001026.jpg,mendeley_synthetic,True,syn_grp_0557,train,3,"[6, 7]",images/synthetic/syn_syn_001026.jpg,labels/synthetic/syn_syn_001026.txt,af65b63c7bc7f7e61c1ca11d5483a0f41fab609704409731a1ddb29036c74adf,902c664601bba2a0abf26aec90d0391d0522c08c667efad5da9d19326d337d4f,d0ccb6971f3e4c44
syn_syn_001027,syn_syn_001027.jpg,mendeley_synthetic,True,syn_grp_0457,train,4,"[4, 5, 9]",images/synthetic/syn_syn_001027.jpg,labels/synthetic/syn_syn_001027.txt,8ab530d5053cbbcb933902507848e52a3cf15ac5df2a76303531b185ddedba81,f07b54c93dd71a542bed9abef5c82f2d4538d9f83741d6d09135e54516b234e8,27b3f83c3c189080
syn_syn_001028,syn_syn_001028.jpg,mendeley_synthetic,True,syn_grp_0558,train,1,[0],images/synthetic/syn_syn_001028.jpg,labels/synthetic/syn_syn_001028.txt,a24eb6a1d1b85394cda5b377941eb2da4cc7def80d336d11d76de2b3d01f522d,a6e96f7ea24927c3ee119a19fb83a35cf9c7f2848d8c997b49c0434135e86d81,1810787c0c074f07
syn_syn_001030,syn_syn_001030.jpg,mendeley_synthetic,True,syn_grp_0559,train,5,"[0, 3, 7, 9]",images/synthetic/syn_syn_001030.jpg,labels/synthetic/syn_syn_001030.txt,51a0caf9e39d793bcac9ed1b71f060d2f882f37a0209770cb543f165506b311f,0f2608abf7ed8379e21d21231deda186e1c0517aa73afb52bca93c2efad34295,3f7bf1f1d8888010
syn_syn_001033,syn_syn_001033.jpg,mendeley_synthetic,True,syn_grp_0560,train,4,"[0, 3, 6]",images/synthetic/syn_syn_001033.jpg,labels/synthetic/syn_syn_001033.txt,357bcf722e669f15f69fc9aa5a94c30d40e6d4dd26d39e367a7179bf8a2add62,0e3e01381510f8ba85c030018bbcebafc77f8545c0ed9c1ae66f3925ec9fbb19,76b81d383c7d7cf8
syn_syn_001035,syn_syn_001035.jpg,mendeley_synthetic,True,syn_grp_0561,train,1,[0],images/synthetic/syn_syn_001035.jpg,labels/synthetic/syn_syn_001035.txt,aa19bbd9d7ef7f5c2ee491479b2ac32c553cd17ecc86a7cceb2e5dee04951cf5,232ba16b8212089cebe9b23a80bc067a231494374bef66b6cad1c74049d2e2fc,00001018f7fefcf6
syn_syn_001036,syn_syn_001036.jpg,mendeley_synthetic,True,syn_grp_0562,train,5,"[0, 2, 3, 6]",images/synthetic/syn_syn_001036.jpg,labels/synthetic/syn_syn_001036.txt,03aa4d35001fcafb7f4526e5b9f4843ed7bd4d1cded180303078b5656a3b6245,8d2500be1cfbff266791e2a67ee1b23a8b691cfcef741f0083fa7cb4a3208014,fffddf1d0131b900
syn_syn_001038,syn_syn_001038.jpg,mendeley_synthetic,True,syn_grp_0563,train,2,"[3, 5]",images/synthetic/syn_syn_001038.jpg,labels/synthetic/syn_syn_001038.txt,fd2af15f24d171101db2e5b3bb6f0c7260f0f5976099b4ff3fb7f8a160bf9e4d,ef55baf86c29be8f5e91dd9bb26012d78e3d514f736bc3bbd0d9fa2e12e13b96,e0f464f2cb2f3723
syn_syn_001039,syn_syn_001039.jpg,mendeley_synthetic,True,syn_grp_0564,train,6,"[2, 3, 5, 6, 9]",images/synthetic/syn_syn_001039.jpg,labels/synthetic/syn_syn_001039.txt,9afc3a6389ddba898669b22eecdb5d3d5961a7add14a933f216fb51c64b8e1e6,dfaa84c625c674ba7e5b154b4d83d43f70902eb435f9ca104ae5a4b82871e296,0027373f0f0f7fff
syn_syn_001041,syn_syn_001041.jpg,mendeley_synthetic,True,syn_grp_0565,train,5,"[0, 3, 4, 5]",images/synthetic/syn_syn_001041.jpg,labels/synthetic/syn_syn_001041.txt,419f4e14d557dd7c64fbf10ca33c59cdb340cd6d960d82543094b57ce6baa065,5af0b1ff4108e49242676045f2aaa627db43988a13490ce0460db19e910a98ea,febe7c60e3f00f02
syn_syn_001042,syn_syn_001042.jpg,mendeley_synthetic,True,syn_grp_0566,train,4,"[0, 1, 3, 4]",images/synthetic/syn_syn_001042.jpg,labels/synthetic/syn_syn_001042.txt,baaca23b45b99fc3be3c5ae5b404a24daea22849ed5ec20def7924a46dc37d9d,8c2b6ec7b6abcce27b4a6b4fa5017171328c57ca7b963d38845a640a54df8d77,cfc7e1e0e0303239
syn_syn_001045,syn_syn_001045.jpg,mendeley_synthetic,True,syn_grp_0567,train,3,"[1, 3, 9]",images/synthetic/syn_syn_001045.jpg,labels/synthetic/syn_syn_001045.txt,e66a0a4a07f99165e320a0abac5d6b0975785370c12bbb6c136a1984b304067e,6da483e70130d885427cb6163342057706c5d8f5fec4ac73fe374f4ad7b7b2d8,4fb33c98cf3915f5
syn_syn_001048,syn_syn_001048.jpg,mendeley_synthetic,True,syn_grp_0568,train,5,"[0, 2, 3, 4]",images/synthetic/syn_syn_001048.jpg,labels/synthetic/syn_syn_001048.txt,6b6649ace6bdc880e1ea6a9b1ced61ed6cd3d196e1ada21a3f48a7b5cebd2c77,541698fab4f02df6387b97265392d69892305fc0fa6836d127ea4b02d6e6766b,0000909c5ffcf880
syn_syn_001049,syn_syn_001049.jpg,mendeley_synthetic,True,syn_grp_0569,train,6,"[1, 3, 4, 5]",images/synthetic/syn_syn_001049.jpg,labels/synthetic/syn_syn_001049.txt,4e21e9b4088552df069ae5e9e956be6bf3ce6517beb53b155ab219a3775073b7,1dcdfd435053e3881aa049d4400edced0f052b1c1a3521718eea4b2512d31e31,fbf3cf1f5ec00163
syn_syn_001050,syn_syn_001050.jpg,mendeley_synthetic,True,syn_grp_0570,train,4,"[1, 2, 5]",images/synthetic/syn_syn_001050.jpg,labels/synthetic/syn_syn_001050.txt,a615b32723c27d2a7cabfb4a787ec9d2aae61e391d738519debfd5a738636975,c9f26fa672b325eec55ab0afc84d2ed0d54a1a756d570049c064c3047aece576,dadfd7e578d01000
syn_syn_001053,syn_syn_001053.jpg,mendeley_synthetic,True,syn_grp_0571,train,5,"[0, 1, 5, 9]",images/synthetic/syn_syn_001053.jpg,labels/synthetic/syn_syn_001053.txt,c65dff756a57f85e0fae2b7c0063677beabedf1ff784e33d55772b1295e8d221,d6b3091bf8e626ba2c5eb1ea42cb8aa8f89078930e05b4fedbeb968734d65067,00b0e0f6f3fbffff
syn_syn_001054,syn_syn_001054.jpg,mendeley_synthetic,True,syn_grp_0572,train,2,"[0, 6]",images/synthetic/syn_syn_001054.jpg,labels/synthetic/syn_syn_001054.txt,5221c91b8dc53e1fac1be2cf4843ab28036f992a045f78cdc95cee6c97cc1929,144f24136bc95d41e6bc88fa92acfa55b6a8a20b8cfd7e3b67ab7ebdf4c6ac27,00fffbfb73000000
syn_syn_001055,syn_syn_001055.jpg,mendeley_synthetic,True,syn_grp_0573,train,4,"[0, 4, 5, 9]",images/synthetic/syn_syn_001055.jpg,labels/synthetic/syn_syn_001055.txt,e7788ef01137a169764bfc3082ff2e67cb88ed06be3c7b9201b516b13d118619,e16944a6ff723132fd21e1e40c0c4bab2e6f3fe4176d43e7700d7e727408f911,00003e3e3e3e3ee9
syn_syn_001059,syn_syn_001059.jpg,mendeley_synthetic,True,syn_grp_0574,train,6,"[1, 3, 4]",images/synthetic/syn_syn_001059.jpg,labels/synthetic/syn_syn_001059.txt,12319e78d4eaa6a5c182333cb92871f1e57a763cb90613809fb124cc025849d5,ca77dcda5d157ac944eeeeb22a4a6790e0780d8cbca04d7e3505baf1506953e5,d0f6f6e2c2f2f2df
syn_syn_001060,syn_syn_001060.jpg,mendeley_synthetic,True,syn_grp_0575,train,3,"[4, 5]",images/synthetic/syn_syn_001060.jpg,labels/synthetic/syn_syn_001060.txt,2108791b54652fda60f88a45f585966b5ab465f1b45d6374c0039555dfece646,c9e69b070813e6183899ef29fab7cb3d6566d1fb8326b93abedf433a06898ae3,4080e0f8c3c1efff
syn_syn_001061,syn_syn_001061.jpg,mendeley_synthetic,True,syn_grp_0576,train,4,"[0, 5, 7]",images/synthetic/syn_syn_001061.jpg,labels/synthetic/syn_syn_001061.txt,02b16887dcdb580ca80ce061baebb51bed1b563aec994c4ccf311936c7bb9aba,8066b5d946d1a028879f293300793122a4173f4ad25b192148fbe9e5fde17fad,01020e06ecfcfcf9
syn_syn_001063,syn_syn_001063.jpg,mendeley_synthetic,True,syn_grp_0577,train,1,[1],images/synthetic/syn_syn_001063.jpg,labels/synthetic/syn_syn_001063.txt,132f197d16054fb9868150dd229cc100bc7157bf9034b0ccfe8fceb884f0616d,2857e2023da266076e2daca19c17d779781a22c2e44962dee5c91d9a2994a693,e7eecc8001003078
syn_syn_001070,syn_syn_001070.jpg,mendeley_synthetic,True,syn_grp_0578,train,5,"[4, 6, 7]",images/synthetic/syn_syn_001070.jpg,labels/synthetic/syn_syn_001070.txt,e80ecac34d1861c471ae6c77f714c77e3aaeb617f345d3cde8e6d5a8aaacb534,e53c89a630bd044c30812ccd8c73ea21dd9fdb9028c44482a3af35d2094ce0e8,3f3f1f37273f3f02
syn_syn_001071,syn_syn_001071.jpg,mendeley_synthetic,True,syn_grp_0579,train,6,"[3, 6, 7]",images/synthetic/syn_syn_001071.jpg,labels/synthetic/syn_syn_001071.txt,2d3e62ae87ba71760359b187f027eab3a4f12fded95756c8f87201692cc6c1b7,109cb306b04909dd0e813c113d81a23e3ddcfc0c801b9458dc72777cd49dadfb,fe8406173bf8be06
syn_syn_001072,syn_syn_001072.jpg,mendeley_synthetic,True,syn_grp_0580,train,3,"[1, 3]",images/synthetic/syn_syn_001072.jpg,labels/synthetic/syn_syn_001072.txt,9d6559a82397d8e8d41b634a209d342d778103ff7389aad1c5b3a9cfef26c24b,7f2e292a96e28a761b141e2bf330186b030380c9c9f5338d6854c567db7a1635,f7ff1f3f0f030100
syn_syn_001073,syn_syn_001073.jpg,mendeley_synthetic,True,syn_grp_0581,train,3,"[0, 2, 3]",images/synthetic/syn_syn_001073.jpg,labels/synthetic/syn_syn_001073.txt,38ee9cfb63c077cd308415607f963a00b736489bef2f6f09a63ad243bbab5ce4,cadf63417b7f911acce3ba8171c658d72bd666895b324ae65f445355225e20c6,fffffe7f7ff80000
syn_syn_001074,syn_syn_001074.jpg,mendeley_synthetic,True,syn_grp_0582,train,5,"[3, 4, 5, 6]",images/synthetic/syn_syn_001074.jpg,labels/synthetic/syn_syn_001074.txt,d2c64e27ebfc0b4da5cda021f3fbd3197fd871d91da56f4f961267c43c3538b9,6adbd4f33b61344599473ac95ccc7556ff1fcd258a61218b4582bb7423b7ae99,ffe0684000000000
syn_syn_001075,syn_syn_001075.jpg,mendeley_synthetic,True,syn_grp_0583,train,6,"[1, 2, 3, 4, 6]",images/synthetic/syn_syn_001075.jpg,labels/synthetic/syn_syn_001075.txt,0824a0ffc46b3380b826eb0541bd716f617adba4928f52553e49a8e868f83f25,557814a994ca6c3630c71344680a9484dcb7c291e95ba51414910dc4a2ed6cd3,3c7efc7c7c000000
syn_syn_001077,syn_syn_001077.jpg,mendeley_synthetic,True,syn_grp_0145,train,3,"[3, 6, 7]",images/synthetic/syn_syn_001077.jpg,labels/synthetic/syn_syn_001077.txt,e35736c95b3156c5d7ffb1425ae56c3f6c33f8b1d331b2c6cab9afd08f56f4b7,75ed66408c038bcf276f19cc124dfff1b3de4656869d0caf0990a3893fbe4171,0303070707070707
syn_syn_001079,syn_syn_001079.jpg,mendeley_synthetic,True,syn_grp_0584,train,5,"[1, 2, 4, 5, 9]",images/synthetic/syn_syn_001079.jpg,labels/synthetic/syn_syn_001079.txt,35fffafb1d02ea7cc8453de05eb35e34ee68fb1636d26fba665dd148eb3796a4,c7d09cdb7a8984adbf69db1458b9d270284b7c1f47e0beadda46ad7844b5a151,e0f0f808377e2e7e
syn_syn_001081,syn_syn_001081.jpg,mendeley_synthetic,True,syn_grp_0585,train,1,[6],images/synthetic/syn_syn_001081.jpg,labels/synthetic/syn_syn_001081.txt,39b2f15bca0fa794c548bf70e8652df0ebfebc78700f0e8e99bb751929fc2708,f8eeedbf573fdfd19d2309d652d228509b73dbd55f203a669d03c12515f027c1,0101131314131717
syn_syn_001082,syn_syn_001082.jpg,mendeley_synthetic,True,syn_grp_0586,train,1,[4],images/synthetic/syn_syn_001082.jpg,labels/synthetic/syn_syn_001082.txt,b72c682a8b779882e4d9ff52ba45570b1fcb9fc38614b4bc2ba822d09c3ed207,ea19c8cfc687874cb7b83f4d0ee0f12f07520c513a96d17018ecb401fff8df43,f9fdfce620030000
syn_syn_001084,syn_syn_001084.jpg,mendeley_synthetic,True,syn_grp_0587,train,1,[3],images/synthetic/syn_syn_001084.jpg,labels/synthetic/syn_syn_001084.txt,63181f89d539a097e2ca6e2360ee2deec2657918e9981b4a7824fd6ef1c0e8d5,e2895edce3d49d192977a8fb8732414dac976e481674b33f5150afef506df5ed,c8c0e8f8f8fefefe
syn_syn_001086,syn_syn_001086.jpg,mendeley_synthetic,True,syn_grp_0588,train,6,"[2, 4, 5, 7, 9]",images/synthetic/syn_syn_001086.jpg,labels/synthetic/syn_syn_001086.txt,b6ee2571d93301b5570cfb28994fd5c0c49b8533bafc6b2274f1216ab6811897,a123c1d8bbb91e1b781ba9facf63cc7f3ce16c8c6d07693ca84130c111b76921,d8c89c5e8f173efc
syn_syn_001089,syn_syn_001089.jpg,mendeley_synthetic,True,syn_grp_0589,train,6,"[0, 3, 4, 5, 7]",images/synthetic/syn_syn_001089.jpg,labels/synthetic/syn_syn_001089.txt,3a9b0bdd1641616cffade32344f1a6a8a5042de63d623dfa1f3bcd869ede7564,84d08a6c72787f30fc43c217f78e76f3e3ee0db9b5786c58b0ba898b027e4fd6,7ffd7f2300466ea0
syn_syn_001096,syn_syn_001096.jpg,mendeley_synthetic,True,syn_grp_0590,train,5,"[1, 2, 5, 6, 9]",images/synthetic/syn_syn_001096.jpg,labels/synthetic/syn_syn_001096.txt,8dab91096a573f04e34d2046bbf5c317e234759274b537e114e2a900a341080b,8034a5ce4a798e24f0f7222ce7f74dbe38145bc340944028637b3e401832a68e,13bdf0f774f0e2e2
syn_syn_001116,syn_syn_001116.jpg,mendeley_synthetic,True,syn_grp_0591,train,3,"[1, 3, 7]",images/synthetic/syn_syn_001116.jpg,labels/synthetic/syn_syn_001116.txt,261bae966805182c842d97a73db807b9cc9471ee774b374dd00fe9c0c981a6e3,3844c99547923492cee6435301279a3fe7d0706eefcea41652a9a44dc254f8f9,28fdc4205890cb43
syn_syn_001121,syn_syn_001121.jpg,mendeley_synthetic,True,syn_grp_0592,train,2,"[0, 4]",images/synthetic/syn_syn_001121.jpg,labels/synthetic/syn_syn_001121.txt,54618530277180f94dca3516b193f5db4f70b2520020d3367b989346aaa6954a,cf4a8181a8884d4debb5b032d7223117ea306d330a1ffe861c88d19cacf27ee1,249490a2d48efb9b
syn_syn_001127,syn_syn_001127.jpg,mendeley_synthetic,True,syn_grp_0593,train,1,[2],images/synthetic/syn_syn_001127.jpg,labels/synthetic/syn_syn_001127.txt,f74a8fb1255c8f1974a2aa13cf79abe18824a447676ae67a39ef007164254e3b,047e65d77abfb9dae6f17a774a011cb4395245cbd3c831fbdcca0ed560b2a008,7f3ffffffd120200
syn_syn_001132,syn_syn_001132.jpg,mendeley_synthetic,True,syn_grp_0594,train,3,"[1, 7]",images/synthetic/syn_syn_001132.jpg,labels/synthetic/syn_syn_001132.txt,d052697ae24a2b29177174b6d04148e9bcf54a6e640f2d213ce35655eac3cb7e,b95a9184ee89f243d0874516bbc6eba3189166a0696e51af9d0a733c63157b62,00a0e0e0e0e0f038
syn_syn_001133,syn_syn_001133.jpg,mendeley_synthetic,True,syn_grp_0595,train,5,"[0, 3, 4, 5, 9]",images/synthetic/syn_syn_001133.jpg,labels/synthetic/syn_syn_001133.txt,d238618ee7c11a9d41376785085d81db0ad19cd480ad3f60bfa9981922ddf941,d3a9d372703bdebe1832effcadca06f79be54605bc43034734b447ae5f277bea,2f27265cdcfcfcfe
syn_syn_001138,syn_syn_001138.jpg,mendeley_synthetic,True,syn_grp_0596,train,4,"[3, 6]",images/synthetic/syn_syn_001138.jpg,labels/synthetic/syn_syn_001138.txt,2ba8a84e9feafb728e4ccb965c03b195664b92bc0b14b53547251aafdd05feb5,fde14c48a41d20da95da9bc9af8b8b6047c42fb5a6a33bdb7210f7b94e1f198a,004e1f1f2f1f3e38
syn_syn_001180,syn_syn_001180.jpg,mendeley_synthetic,True,syn_grp_0597,train,2,"[2, 7]",images/synthetic/syn_syn_001180.jpg,labels/synthetic/syn_syn_001180.txt,d1680efb840f63de2f709011eedb7576e983a89675e64ed78e0af13249bb0a8f,28e17db74ef77d63ef01b975bce283335768f0c27ecb3307b746c3af8b8bc869,780969f9752d3dfd
syn_syn_001184,syn_syn_001184.jpg,mendeley_synthetic,True,syn_grp_0598,train,4,"[2, 5, 9]",images/synthetic/syn_syn_001184.jpg,labels/synthetic/syn_syn_001184.txt,7a3a1db064b04f4f573ad3232ddffd6a43189871ae84311e1831665ccd0dcd05,e2366efdad13d8d516181c232dfc8f93c2f81c75f102cf93ed1d72bb1a402982,ffe5e1e1e0ffe7e1
syn_syn_001187,syn_syn_001187.jpg,mendeley_synthetic,True,syn_grp_0599,train,6,"[5, 6, 7, 9]",images/synthetic/syn_syn_001187.jpg,labels/synthetic/syn_syn_001187.txt,3372436e41db8fe6f8e75cdec23bd564634c37dde2e4a67dbb25b692a5716cde,ec8a61710f0a695819b54acd8b5399691bc0406fc31d26956d61e50fc222efa6,00c0eeee06f9ddc5
syn_syn_001188,syn_syn_001188.jpg,mendeley_synthetic,True,syn_grp_0600,train,1,[2],images/synthetic/syn_syn_001188.jpg,labels/synthetic/syn_syn_001188.txt,2d9373e3e293b82db2297ea2c7b544d47b5b624b2ecf202b2816d12bcba11362,ca12b7aee4ac2e26c1fba6a41f541b146c65b9de4d3e7af334cf2a3e537c3d09,1fc3c050d2c3c3ff
syn_syn_001189,syn_syn_001189.jpg,mendeley_synthetic,True,syn_grp_0601,train,2,"[1, 2]",images/synthetic/syn_syn_001189.jpg,labels/synthetic/syn_syn_001189.txt,dcd058009f3c4a9e3aaef4e86fb640e3f952f3bb3f3e88b7d7551b4b09f4e31f,2140fb4f12fe544d445f01f2f1fb9723d7c6ed265d0914657b53845d84085447,a7372607675c3830
syn_syn_001195,syn_syn_001195.jpg,mendeley_synthetic,True,syn_grp_0438,train,1,[3],images/synthetic/syn_syn_001195.jpg,labels/synthetic/syn_syn_001195.txt,a7f35e2ae250903d375e2e825596d217e30bf46cec24b749fd031d20130ff52d,dec0416236e40a2a931d3fdd412ebfedbb00384769bd0ba87149dd530f2f89bc,e08e0e84e3f7c3c3
syn_syn_001196,syn_syn_001196.jpg,mendeley_synthetic,True,syn_grp_0602,train,1,[1],images/synthetic/syn_syn_001196.jpg,labels/synthetic/syn_syn_001196.txt,db87e556a53cca817c75b868d34016460fdda196d4b7d9c9e33df5049421560c,5b1fe14b610e9753f3dd281a793120a1b51fe7d9ce73e3110e2d9a43fdca8335,01818189818181c1
syn_syn_001215,syn_syn_001215.jpg,mendeley_synthetic,True,syn_grp_0603,train,3,"[2, 3, 5]",images/synthetic/syn_syn_001215.jpg,labels/synthetic/syn_syn_001215.txt,fa3136e02135c2af8ec37c3c2d49e753f428682d3092b7c334138961223549b9,36ad2f51b24e656358c4b6e7b31b1418066522126255ce9906a52d9c8a6872d5,84b2b33b3e038c04
syn_syn_001225,syn_syn_001225.jpg,mendeley_synthetic,True,syn_grp_0604,train,3,"[0, 3, 7]",images/synthetic/syn_syn_001225.jpg,labels/synthetic/syn_syn_001225.txt,2a346f006296055202315c6af801e6c1e96b72341cb434c208bb786f39e7d5ce,62790acd6b2a411ac7904ab8b104c85c3e8ad397a92137cce74e67163b89061d,9f9fbfffffdf0000
syn_syn_001241,syn_syn_001241.jpg,mendeley_synthetic,True,syn_grp_0605,train,6,"[0, 3, 5, 6]",images/synthetic/syn_syn_001241.jpg,labels/synthetic/syn_syn_001241.txt,4961b9479ec67039a79c22769553624bb1b586df2e4bd90de4e43e5b93261dc6,32d67e0cbb72588dd228a6792a33cfaf53908084fadeb3dd33ffc9a4a8e3b6ce,f0e0e0e087fefeb7
syn_syn_001247,syn_syn_001247.jpg,mendeley_synthetic,True,syn_grp_0606,train,5,"[0, 1, 6, 7, 9]",images/synthetic/syn_syn_001247.jpg,labels/synthetic/syn_syn_001247.txt,d3537290ef330b1cbb4b7e731e6e54338be27309050015e087ad1d47705a7095,77406ba070ee710ccca4cd221052a726b208b1340201825deae92dd9051983a4,dc6e664087672ebc
syn_syn_001249,syn_syn_001249.jpg,mendeley_synthetic,True,syn_grp_0607,train,4,"[1, 4, 9]",images/synthetic/syn_syn_001249.jpg,labels/synthetic/syn_syn_001249.txt,7e8409629bc52ab585cfc6fcfe3a1aa03ea4e6b403e9deea38ccae03c79905ec,fed560b41a5b45211c20036eab04a51845a573dd4841ad6da87ea835ae2c2a32,0c1c1f3f1703771f
syn_syn_001250,syn_syn_001250.jpg,mendeley_synthetic,True,syn_grp_0608,train,1,[3],images/synthetic/syn_syn_001250.jpg,labels/synthetic/syn_syn_001250.txt,ef0b639c74a1b04d9ff5576615a265e41bbf18f56f1fa540e1bb9576e415ab26,a068b5702b4b8509e7f0d629c2b8431f9015e4fbdd0c2ed91248e96ea6d55f99,061f1c0e06043c1e
syn_syn_001271,syn_syn_001271.jpg,mendeley_synthetic,True,syn_grp_0609,train,6,"[0, 2, 3, 5, 9]",images/synthetic/syn_syn_001271.jpg,labels/synthetic/syn_syn_001271.txt,3e2b091a08935995fbd3b29f5838a122ddd7d85326f80c9800b0c2fb7cccc1f4,3161a6f1a92d9e063b4ed59d943d47005fd297d4c9dbcb235340bcbb707a03a9,f0f080193e3e0300
syn_syn_001272,syn_syn_001272.jpg,mendeley_synthetic,True,syn_grp_0610,train,2,"[6, 7]",images/synthetic/syn_syn_001272.jpg,labels/synthetic/syn_syn_001272.txt,24aa6843f0b52dbc8e2c747a16e4e44586ac7fa5f222a3ce6d192dcc8f7e79e5,d4abae4e5f4f76305712fc893dcab04f19c92428b026e6da5e29c36e634d8d7c,3f181e2e6d280004
syn_syn_001277,syn_syn_001277.jpg,mendeley_synthetic,True,syn_grp_0611,train,5,"[1, 2, 3, 4]",images/synthetic/syn_syn_001277.jpg,labels/synthetic/syn_syn_001277.txt,a8acb6fb658cdbe6af62dc902d95028724d09d8e896895d4d39418687a10eef1,e11e28f1d287e653745458bc467443d10d913ab3bf83e4ba853d527e79e2c7df,1f1f0f03331b0301
syn_syn_001284,syn_syn_001284.jpg,mendeley_synthetic,True,syn_grp_0612,train,2,"[5, 9]",images/synthetic/syn_syn_001284.jpg,labels/synthetic/syn_syn_001284.txt,413d41c9cd69e5e8c6a35b577de1d83946059327c646b66ec4da4a0c4bd2e5bb,5a4fb79c2d944ff433b43adca27b49666b8ab4765924f0a11f15737f108ce03a,e8e3e0e0f0f1c0f8
syn_syn_001302,syn_syn_001302.jpg,mendeley_synthetic,True,syn_grp_0613,train,3,"[2, 3, 5]",images/synthetic/syn_syn_001302.jpg,labels/synthetic/syn_syn_001302.txt,d8d3a5ddfff7eea443eceaf1b73880af1a5b31f5d0dd1e316fd9c465d17d33e8,f0c842fcd95e02414350c28e30d1dba1f2e59f0ac05b3bbb26380cf661dad2bf,01193f3f3f3f1f07
syn_syn_001322,syn_syn_001322.jpg,mendeley_synthetic,True,syn_grp_0614,train,2,"[5, 9]",images/synthetic/syn_syn_001322.jpg,labels/synthetic/syn_syn_001322.txt,8add0ae00b528d0577de1f173c4b0d03879f911de6671d2cda186cf6a3d1c30c,3cd859ddeec807b3df65c9a79bef1ee888766306660dda87b3146d7f7ab17bf7,c0e0e0f8e0e0c000
syn_syn_001334,syn_syn_001334.jpg,mendeley_synthetic,True,syn_grp_0615,train,3,"[1, 3, 4]",images/synthetic/syn_syn_001334.jpg,labels/synthetic/syn_syn_001334.txt,ea089a42b19b5feb70e49aa60ee80fb10562cda8e0be95fc0db1276cbef39b84,8e0e968e6e16e3424aab17eca660a078a5b90ee3235d03dd0f7643f8b5289ded,60707070f8f8f870
syn_syn_001339,syn_syn_001339.jpg,mendeley_synthetic,True,syn_grp_0616,train,2,"[0, 4]",images/synthetic/syn_syn_001339.jpg,labels/synthetic/syn_syn_001339.txt,c23e6fe9781e1caf62808c868d1f68ca4c384474b9b881cfdd2f4efa52cb841a,2f3c7d46cde70ac1258a5084267e55958a60bdc93a60d1749f269e7416c3823b,9bbfbf2767131312
syn_syn_001365,syn_syn_001365.jpg,mendeley_synthetic,True,syn_grp_0617,train,4,"[2, 5, 7, 9]",images/synthetic/syn_syn_001365.jpg,labels/synthetic/syn_syn_001365.txt,f7e9a92b794c2cde52878582a4a62436e3de5b98fc8b05179dcd9bb9ab8d15e8,e3fe893791c43d98dbb712ed60817c6b5d23295a20a67abc50aeccf7dc59267f,092527870797c307
syn_syn_001366,syn_syn_001366.jpg,mendeley_synthetic,True,syn_grp_0618,train,6,"[2, 3, 5, 6, 9]",images/synthetic/syn_syn_001366.jpg,labels/synthetic/syn_syn_001366.txt,34f75f280ea4445c3293e2cf842b96ba9371872de567c9390f9d539b3996edfb,5ab5ca9d50e18549452924f5b6aa1cf5657419be91621eca1e4f0e61611e1ca5,1f1f3f3f67703810
syn_syn_001396,syn_syn_001396.jpg,mendeley_synthetic,True,syn_grp_0619,train,4,"[6, 9]",images/synthetic/syn_syn_001396.jpg,labels/synthetic/syn_syn_001396.txt,8b3f9f86cfe7760845a17976b74d50a789ee20784d5e1b4e426efd3920dff21b,2f3aee64f87b89273cd9a51cf8cdb6da0db62c68a5f662439f7a5c05ea894d40,fdfefefcfe821200
syn_syn_001405,syn_syn_001405.jpg,mendeley_synthetic,True,syn_grp_0620,train,1,[7],images/synthetic/syn_syn_001405.jpg,labels/synthetic/syn_syn_001405.txt,e7e2023148b6e1c4d9b678db892b1e49cd95c6715372cfb23208eed0bd0e74be,8ee13abc6f0810481eb098007876e157e3023b9e10c87d9469de7d008bfb93f7,08000027373fffff
syn_syn_001408,syn_syn_001408.jpg,mendeley_synthetic,True,syn_grp_0621,train,1,[1],images/synthetic/syn_syn_001408.jpg,labels/synthetic/syn_syn_001408.txt,1b13ed773fe66a174220fb44f95129130c2ac1eff60fb034e37a898d1f42d424,13ec2628b4dc4273a77806588400c98e8f5339733f252f07f004ab8c1bf7c857,7f7ffffc00006000
syn_syn_001423,syn_syn_001423.jpg,mendeley_synthetic,True,syn_grp_0622,train,1,[2],images/synthetic/syn_syn_001423.jpg,labels/synthetic/syn_syn_001423.txt,ef02480aefe5bb370b3cb4427c4aba20dcbbf70258bc06ea4ec11635918ea3de,5dbb9252d3c18bce333da314951cc051b6e7bcd17e6fc0116b7f612ee63e483e,e0e0e0ecf8f26964
syn_syn_001426,syn_syn_001426.jpg,mendeley_synthetic,True,syn_grp_0623,train,1,[9],images/synthetic/syn_syn_001426.jpg,labels/synthetic/syn_syn_001426.txt,fb80fee9aa8b1dc38f8ab66b05bb6c8342d0a91c33e5030a33d6d9ea081b65d9,c061ed44a1d5a694ad7e227f8f7e01ccb537bad11653969223ce3ac73cb3c069,f636dddcfc7c0000
syn_syn_001428,syn_syn_001428.jpg,mendeley_synthetic,True,syn_grp_0624,train,2,"[2, 3]",images/synthetic/syn_syn_001428.jpg,labels/synthetic/syn_syn_001428.txt,b10a5dfe92d105378b4225c9dfa16a74819a1db3555d3bdcf355d9694e070921,9b6d78a43fbb665de5db09762ab989f8a0da56c4b9ca53ca3d952eecbd8c0eb5,ffffdfd707030102
syn_syn_001440,syn_syn_001440.jpg,mendeley_synthetic,True,syn_grp_0625,train,5,"[1, 4, 5, 7]",images/synthetic/syn_syn_001440.jpg,labels/synthetic/syn_syn_001440.txt,35725811a650bc109b8aa073b1b7fdbf400dab67cbaa776b16f93da6080bd369,42673c493f0c28b72a1e30aece4dd25fc30af76c7c9344c0be46fb8ced7a93db,1034707850d3fc10
syn_syn_001444,syn_syn_001444.jpg,mendeley_synthetic,True,syn_grp_0526,train,2,"[0, 2]",images/synthetic/syn_syn_001444.jpg,labels/synthetic/syn_syn_001444.txt,9c1bb03ac35ceda2664340ca7f887b017d7b606ad479ace977bb31651e71d247,bff1bd862408b2d110544721d303f48574e538853922d44e509378b55d5a0e94,000416343c7f7fff
syn_syn_001448,syn_syn_001448.jpg,mendeley_synthetic,True,syn_grp_0626,train,5,"[0, 2, 3, 4, 7]",images/synthetic/syn_syn_001448.jpg,labels/synthetic/syn_syn_001448.txt,403a3a985e07a0f3f3b03df68ea9fa224cd78756e3d5e04ab77e8f7c8cda3443,416071eb9f9e9e200bbe4660456502708594900cf2f4e018149baf373c5af2cb,f879037303230307
syn_syn_001451,syn_syn_001451.jpg,mendeley_synthetic,True,syn_grp_0627,train,3,"[2, 3, 9]",images/synthetic/syn_syn_001451.jpg,labels/synthetic/syn_syn_001451.txt,7b9b83f3bce5ed7e4137f150297f87003f0a568f24f77614ab9616245a262da3,f233eed4b83ff3c6ddb1b6d20a38cd51b88dd40ab1739160dea0fb36e2d68c56,0000b47f7ff27400
syn_syn_001455,syn_syn_001455.jpg,mendeley_synthetic,True,syn_grp_0628,train,2,"[5, 6]",images/synthetic/syn_syn_001455.jpg,labels/synthetic/syn_syn_001455.txt,58fccb8c2c41bfdb09def8b12bb896d20ac84c44083864ba32e42973ec86eaa7,7aef91b232f2b99480a8cb7cd151010424ec7b9f04efe5881715abda31033fc9,00784097c6a387fe
syn_syn_001477,syn_syn_001477.jpg,mendeley_synthetic,True,syn_grp_0629,train,6,"[2, 5, 6, 7]",images/synthetic/syn_syn_001477.jpg,labels/synthetic/syn_syn_001477.txt,ac8989daa248a38fb1e786923a96ed281d276c133736849de6789b83fa9f2243,4260897876b85a4deb0c8f4ac0cd3ac42136a13bcc6cd5401754ed0842fd0fd1,0000e1cffbf83637
syn_syn_001478,syn_syn_001478.jpg,mendeley_synthetic,True,syn_grp_0630,train,4,"[1, 2, 3]",images/synthetic/syn_syn_001478.jpg,labels/synthetic/syn_syn_001478.txt,11c89359e907f41863096338013911e778ede11c8e10ed43b4d9b8c55219f583,4e616b53c692e52fbf56509da876909dae109bf61eb69d75f314819383812140,feff1e03080c1d11
syn_syn_001480,syn_syn_001480.jpg,mendeley_synthetic,True,syn_grp_0631,train,3,"[3, 7]",images/synthetic/syn_syn_001480.jpg,labels/synthetic/syn_syn_001480.txt,22f694e060577a80d1a4a724faf5e2f33624fe3c723dfe692ee652b54a87ab7d,0f545d2664237181064bc69687a1fff19a093b5a54b3ec82f974cf64b89bc71e,c3c3f7e3830382e4
syn_syn_001497,syn_syn_001497.jpg,mendeley_synthetic,True,syn_grp_0632,train,6,"[0, 1, 4, 6, 7]",images/synthetic/syn_syn_001497.jpg,labels/synthetic/syn_syn_001497.txt,bab9a7745823dba1a3a167274ff6adc73b2699545475f86d75b144a4cdb2140a,1c8c41c0b16d16c0291ef2076bec6c914b985d48c877d7d6a2307855ca9cbc03,008038f8f9fbf3e1
syn_syn_001517,syn_syn_001517.jpg,mendeley_synthetic,True,syn_grp_0633,train,3,"[1, 6, 7]",images/synthetic/syn_syn_001517.jpg,labels/synthetic/syn_syn_001517.txt,63880245f2360e7b8fc312a9f7e9181cfd67f63555f063db583c22c11d2544e4,e4b6fd296a9dcc7e0c99d5245355b943eaa642e340081e6bed0e7233a60289d5,040e0f0f0f0f0f3f
syn_syn_001523,syn_syn_001523.jpg,mendeley_synthetic,True,syn_grp_0634,train,3,"[4, 5]",images/synthetic/syn_syn_001523.jpg,labels/synthetic/syn_syn_001523.txt,6325292017bada548b2821952b095764b9e552504e21e27f7e4afdd4afdcdf84,5f56fcc97fa279ae60cc7f685ad16be0a7e32298c20248cc921e1e24e12b5b9a,0110110ffff78717
syn_syn_001525,syn_syn_001525.jpg,mendeley_synthetic,True,syn_grp_0635,train,3,"[4, 6, 9]",images/synthetic/syn_syn_001525.jpg,labels/synthetic/syn_syn_001525.txt,5a0a324e817504448e6b39120600a86ee6e2df3b1e93bf7b0731d2ecfe2cbe1f,34ac96ec73909fd735fbedb0d13b230482028081418102b2099330b10cc1625d,f0f0406041e0f3cc
syn_syn_001528,syn_syn_001528.jpg,mendeley_synthetic,True,syn_grp_0636,train,1,[9],images/synthetic/syn_syn_001528.jpg,labels/synthetic/syn_syn_001528.txt,e7cc7f587c8ca452b331f18449aa9fe558e3426f57dc758e695c89015a13ca30,7b86e1c1303549634028d44f2ec868b8c1c7ba257a65744f7ed4bc3a5d90a6ac,80818389898b1f27
syn_syn_001531,syn_syn_001531.jpg,mendeley_synthetic,True,syn_grp_0637,train,5,"[0, 3, 7, 9]",images/synthetic/syn_syn_001531.jpg,labels/synthetic/syn_syn_001531.txt,3b7bad942b909f218f2512beab466c73ea858d1e43911d51d76ed26a97c32c22,4472af70b6828bc2bd287b1dd43546d94f913f236fb8b1529b8e9c331d32c8ae,83a198d8a6c7b7bf
syn_syn_001538,syn_syn_001538.jpg,mendeley_synthetic,True,syn_grp_0638,train,4,"[3, 5]",images/synthetic/syn_syn_001538.jpg,labels/synthetic/syn_syn_001538.txt,b5e3be2fa2eb42ec30468cceff60fdfda6ef8bd7bc1480d5b410f0d5f39dfc9b,7169cf6597283722bd6e101d65b1da804a646c65fce348de44b552298e7e967b,808080fffff9ffff
syn_syn_001548,syn_syn_001548.jpg,mendeley_synthetic,True,syn_grp_0639,train,4,"[0, 2, 5, 7]",images/synthetic/syn_syn_001548.jpg,labels/synthetic/syn_syn_001548.txt,5d61d2679e5c0d49d870f948c41e0947cb57419b5e97fa830cfb7c35cf6a1f20,bda156b7b5a05a25aa1f69a3f612fdb0626936ec8f086a2e08f6bbd0859d661c,6f0b43d1e5f3e1ec
syn_syn_001550,syn_syn_001550.jpg,mendeley_synthetic,True,syn_grp_0640,train,4,"[0, 2, 4]",images/synthetic/syn_syn_001550.jpg,labels/synthetic/syn_syn_001550.txt,0f70e81aac1739640b43f80920dfc2c113d6c59504fbac94035e7b6fa36181f9,1a5be052469f8a1d11212618918a1fab8e579447c8467922de509bd5eec956aa,0e0f6f0707070703
syn_syn_001608,syn_syn_001608.jpg,mendeley_synthetic,True,syn_grp_0641,train,4,"[1, 2, 9]",images/synthetic/syn_syn_001608.jpg,labels/synthetic/syn_syn_001608.txt,cad7b6a84b04c11473fafb31afcc50d28826476f75328eb6d0ac68cb5ff625a8,f7bd08362df27c5fd4c952f46f83b60a36f2a4aabecb76168bc89751fec17a06,001c7efefe7e0000
syn_syn_001609,syn_syn_001609.jpg,mendeley_synthetic,True,syn_grp_0642,train,3,"[1, 6]",images/synthetic/syn_syn_001609.jpg,labels/synthetic/syn_syn_001609.txt,3979fab8515ce63b9c97d631bc51f3bd0022c9448cc7cbb5c7fd0dd704129d30,6ac6fe8dcf2de2e469b8c649fff0e9c0812c48af12415fce325172a6dd9679c8,bb1c16165fcd96c2
syn_syn_001629,syn_syn_001629.jpg,mendeley_synthetic,True,syn_grp_0643,train,3,"[1, 5]",images/synthetic/syn_syn_001629.jpg,labels/synthetic/syn_syn_001629.txt,e708cc165fcff4302b1cfa211d0ffef3935995515f63d7e61b0d2497bdad3756,da22da7e3c7edaa0a83b1df47774521b60fc4fb897cd0c35f964fadb114422fb,e3f3b8783c1e0700
syn_syn_001634,syn_syn_001634.jpg,mendeley_synthetic,True,syn_grp_0644,train,3,"[1, 2, 5]",images/synthetic/syn_syn_001634.jpg,labels/synthetic/syn_syn_001634.txt,4c4e2f7924e0d64288c2cdd08f631d110686043fad527001d758dd9bb5282ee2,aced80cb35ee4d8e1008fee7314c8c951600f3c69febacde787aaaf26c2ddb97,06c2d939e9e0e07f
syn_syn_001654,syn_syn_001654.jpg,mendeley_synthetic,True,syn_grp_0645,train,5,"[0, 2, 4, 5, 9]",images/synthetic/syn_syn_001654.jpg,labels/synthetic/syn_syn_001654.txt,bfad2ebf63097c13e5da2a32c979666c8a929610f3eb0f9520e4a1a074ee09a5,6dbaf62beb2b19b12dd18d0ba909c0670e7977912d1c59e0806cde3a6c6895e5,d8f0f0f2a4acfd81
syn_syn_001656,syn_syn_001656.jpg,mendeley_synthetic,True,syn_grp_0646,train,2,"[0, 7]",images/synthetic/syn_syn_001656.jpg,labels/synthetic/syn_syn_001656.txt,aa9c19a01a93491123dfa0f35dbb3ae7a6f2927f695e813f5a544cc72e8bf5f7,add3a5e633380db698d2b2828774f47d37e2851cfaa4bc16b6a6949d1189311c,c1e1c1e0e2e3e2e0
syn_syn_001657,syn_syn_001657.jpg,mendeley_synthetic,True,syn_grp_0647,train,4,"[0, 2, 3, 4]",images/synthetic/syn_syn_001657.jpg,labels/synthetic/syn_syn_001657.txt,769b839c534421745edb9e7cf8758e896f57afe0e05e85fbd51ad4b002c16be3,7c1248c98112800ae8d0d63c9770e664187ae5bd338914a2f6e369fca1782178,010d3b393d0f0f56
syn_syn_001669,syn_syn_001669.jpg,mendeley_synthetic,True,syn_grp_0648,train,5,"[4, 5, 6, 9]",images/synthetic/syn_syn_001669.jpg,labels/synthetic/syn_syn_001669.txt,39790b9dc015192b30224dfddd2c5a4fe66ff5a8c7f639ede367bd844b84015b,f5dbf8401610b392dc783467d1dca77de6ab8e02bf22221c47c2eb6a8e0f948b,0c04183ce6e0e040
syn_syn_001672,syn_syn_001672.jpg,mendeley_synthetic,True,syn_grp_0342,train,1,[0],images/synthetic/syn_syn_001672.jpg,labels/synthetic/syn_syn_001672.txt,81095afd57bc4e30a228b0b5b467632903f0c3daa46033410910a7875e5c1cf4,81b061979fa0623b90183799a3f5dae51c3ad09cc8d93a2d8a32bc4188a473dc,70f8f8e0e0e0c0e0
syn_syn_001685,syn_syn_001685.jpg,mendeley_synthetic,True,syn_grp_0649,train,1,[5],images/synthetic/syn_syn_001685.jpg,labels/synthetic/syn_syn_001685.txt,ac40fb9fe63516de4d3883327c320258d95a77e11f70c573bf074eea2cc0698b,5be499c104f5912aa0a1fcd9915478fd8f2b63dd205a19c94031b3ee3ec51f7f,7061279b1b0707fd
syn_syn_001686,syn_syn_001686.jpg,mendeley_synthetic,True,syn_grp_0650,train,2,"[0, 6]",images/synthetic/syn_syn_001686.jpg,labels/synthetic/syn_syn_001686.txt,754f54318a7eda1c5941a17ed2a161284c8aac6c9b0ae567a961c1bfe880078b,6fc3d1a7dcc99bc08eefbe669e975ddb6abd3494847432d4170c52c9b41ab347,daf8ececece0fcfc
syn_syn_001696,syn_syn_001696.jpg,mendeley_synthetic,True,syn_grp_0651,train,1,[7],images/synthetic/syn_syn_001696.jpg,labels/synthetic/syn_syn_001696.txt,a0183320c70840cbfa4afbdc9750c28cf67a15ae3e140b720a4c76eb96784f4c,f696b63aa4fd86ef372e67e122f715741f6f58fb612b29e6037cfe7e6dca5ccc,ff9a120e16170f7f
syn_syn_001716,syn_syn_001716.jpg,mendeley_synthetic,True,syn_grp_0652,train,1,[0],images/synthetic/syn_syn_001716.jpg,labels/synthetic/syn_syn_001716.txt,925f4d22c9cef7af3790af14aa77faba5ac6223f0e99ffd5d4fc5d0890e90dfc,2095e81e1c2d9a82eb953dffa5d139b1cef8e596cb830d258d2e493780a96521,efa7c1ee20d0f0f0
syn_syn_001725,syn_syn_001725.jpg,mendeley_synthetic,True,syn_grp_0653,train,5,"[0, 2, 4, 9]",images/synthetic/syn_syn_001725.jpg,labels/synthetic/syn_syn_001725.txt,d067eaf1d5076cb8cae389c3c85e121f7e7af8b31de805cff273cd7bd4fb3824,c6a28097224ff6c8e04d8a13e7a2214d6777d7e3ae6239b7443e4aeb696a8201,001e3e3618586820
syn_syn_001726,syn_syn_001726.jpg,mendeley_synthetic,True,syn_grp_0654,train,5,"[3, 5, 9]",images/synthetic/syn_syn_001726.jpg,labels/synthetic/syn_syn_001726.txt,a5e2437f3e2867d7eb76e6e577f125eed42fa15ff0f96f286671e17930726b6f,a2822db2cbd243f78d608f3d4a20d187addf3755fd13fe95518ec2361c267412,9cf0d848f8ff2018
syn_syn_001735,syn_syn_001735.jpg,mendeley_synthetic,True,syn_grp_0655,train,3,"[0, 9]",images/synthetic/syn_syn_001735.jpg,labels/synthetic/syn_syn_001735.txt,a31351f76e1205a12ddedcdd0441b07831bd62df31648f75c6464799595fa8d4,e823c8c32dd27cd6af9b6f0a11a17f9e9d5eedaa59d0fe3dad2da8791b39bfd4,6121bcfcd87efefe
syn_syn_001740,syn_syn_001740.jpg,mendeley_synthetic,True,syn_grp_0656,train,3,"[1, 2, 9]",images/synthetic/syn_syn_001740.jpg,labels/synthetic/syn_syn_001740.txt,903a55126038bb680fb9d98740115c665a58824e48f27aafd91dce8805cd0f4c,e7317d302cf6d04bdc1a03d2d19a1aea36b751950dc6111312d98413d2727e1d,070102060f070f8f
syn_syn_001743,syn_syn_001743.jpg,mendeley_synthetic,True,syn_grp_0657,train,1,[1],images/synthetic/syn_syn_001743.jpg,labels/synthetic/syn_syn_001743.txt,efb24e8439065d4c70dc82ea3d935ec87d681ed196d902b8dfb1ca45a0ab75e7,5310b5183e7507188b49c7ed02b7719603d6f7b664aca34267cf304f79c9a465,fff9bdddc8c00000
syn_syn_001756,syn_syn_001756.jpg,mendeley_synthetic,True,syn_grp_0658,train,1,[1],images/synthetic/syn_syn_001756.jpg,labels/synthetic/syn_syn_001756.txt,e8689710cd719da31266b496a557aaee573d1d273836539b1a8bb6a6ad2db7bc,6717ee033784331b012dcb6f4c7d542348d3a7ed5d93c686cefe00d3150992a0,61341c3e1e1f1f0f
syn_syn_001757,syn_syn_001757.jpg,mendeley_synthetic,True,syn_grp_0659,train,1,[3],images/synthetic/syn_syn_001757.jpg,labels/synthetic/syn_syn_001757.txt,907ab44db9be33036eb339ec330edb5cfeac515a74e19e87e013e5764c31f99c,14e4547da81b60930c10a2687a70a3541ec341dacc50af95f09344fd68c26701,391c0e2f1f1f1f1f
syn_syn_001774,syn_syn_001774.jpg,mendeley_synthetic,True,syn_grp_0660,train,6,"[3, 6, 7, 9]",images/synthetic/syn_syn_001774.jpg,labels/synthetic/syn_syn_001774.txt,08c554bc6c765f8856b62e72aa1345997dc2855d8027850ad70822ebe8565c38,7d69b10358479626045c8d24677e810871381d6a0caf191b2689957578836204,060f1f0f07131f07
syn_syn_001791,syn_syn_001791.jpg,mendeley_synthetic,True,syn_grp_0661,train,1,[5],images/synthetic/syn_syn_001791.jpg,labels/synthetic/syn_syn_001791.txt,31bc1c1ace542a250f5e6727d259b98d8a6d9b52160a0187e389f99ec8ed170b,adcb356d58b22cf231a59b8d97bccfad0316bde4543c19022eef1b18fbf01a72,c0f8fcfef7ff8000
syn_syn_001795,syn_syn_001795.jpg,mendeley_synthetic,True,syn_grp_0403,train,1,[5],images/synthetic/syn_syn_001795.jpg,labels/synthetic/syn_syn_001795.txt,44a76ac8f21b6b93eec6e02408559f29210c319b9bf2e77a04487300e8024831,0869716288e821a6deb7ed255853d12b93b477cf1d70259af67a4391a3d4c8ac,0303171f0f0f0f0f
syn_syn_001807,syn_syn_001807.jpg,mendeley_synthetic,True,syn_grp_0662,train,1,[7],images/synthetic/syn_syn_001807.jpg,labels/synthetic/syn_syn_001807.txt,8a7fa7014a80b9c6669ce81123632d8b24c1227476eae3abc1e2071d413bd5c1,6a722351a1851edf8d92f99ef07f9d4e0f6a6534c901226f34d0c911261fe2d0,20d03c1e13e0f8fd
syn_syn_001809,syn_syn_001809.jpg,mendeley_synthetic,True,syn_grp_0663,train,4,"[0, 5, 6]",images/synthetic/syn_syn_001809.jpg,labels/synthetic/syn_syn_001809.txt,2bbf5c3958b209bde17205efe74211b4db7eba0bc58d3078835661ed9f525d96,8b0644a7fcb8afb6e6d067aaf49990c707cd251362921c57af9754d2feeee801,ffbf3468c49890c0
syn_syn_001815,syn_syn_001815.jpg,mendeley_synthetic,True,syn_grp_0664,train,1,[3],images/synthetic/syn_syn_001815.jpg,labels/synthetic/syn_syn_001815.txt,77db8b5dd616fdf7a50b3322f575c0e8c517f6a21333a01042adcca2b4ecabd3,20a9456e9551de3c16e741357f071ec642b5bc071c2d81a0622ca796f7dd0344,8e0f030000ffffff
syn_syn_001820,syn_syn_001820.jpg,mendeley_synthetic,True,syn_grp_0665,train,2,"[4, 9]",images/synthetic/syn_syn_001820.jpg,labels/synthetic/syn_syn_001820.txt,988fe05b0e31622273d9da79bd996d781933f3515c2af070cf96980c08d81da6,99bc45042b2a0b850ddbf4c5ea0bb3e7abef405e0eea0918fead176c87bcdadb,00000e07fffeffff
syn_syn_001853,syn_syn_001853.jpg,mendeley_synthetic,True,syn_grp_0666,train,3,"[0, 1, 4]",images/synthetic/syn_syn_001853.jpg,labels/synthetic/syn_syn_001853.txt,1b4496406440b195b88afe9aae1f3b1c907fd2d747ef3633f90b5d90e9294b80,74ead6065cc4c4f3eac7109ddd2c740da5431b3b3c97fe2ed1a7aacc87b46968,001a1f3f3f3f1707
syn_syn_001864,syn_syn_001864.jpg,mendeley_synthetic,True,syn_grp_0667,train,1,[7],images/synthetic/syn_syn_001864.jpg,labels/synthetic/syn_syn_001864.txt,efb040c997d48e597d75a93a0a6944acaeff6569a43d7f44f483bbb7bf81b6fe,980b41cad8dd693e303b3c7d2b9845d913f27f749365730b5d210df6f5a5aae1,4f4f1f6e74760213
syn_syn_001879,syn_syn_001879.jpg,mendeley_synthetic,True,syn_grp_0668,train,1,[7],images/synthetic/syn_syn_001879.jpg,labels/synthetic/syn_syn_001879.txt,9b40a88e47dd442e7cdd5e0ee5f0d1ead8a3342012c28650d7efd8bdc92709fd,4f20ede4f7736deed5e7161ba0c865db144316fbe368bb8bb8e001de82cc1d0a,80e0f6f3e0c0e0f0
syn_syn_001895,syn_syn_001895.jpg,mendeley_synthetic,True,syn_grp_0669,train,2,"[0, 5]",images/synthetic/syn_syn_001895.jpg,labels/synthetic/syn_syn_001895.txt,d8003197744915d87824d280aa0107cd55e56a96a5b54b7cef50c1364e5a5e5b,1ec47d77c49d6016808f882028670760f462780870cf24de087414bf15258733,09183030219f9fcf
syn_syn_001919,syn_syn_001919.jpg,mendeley_synthetic,True,syn_grp_0670,train,2,"[5, 7]",images/synthetic/syn_syn_001919.jpg,labels/synthetic/syn_syn_001919.txt,57938532129545de4a9d6559461f76ad05613ee8b9a55bb2077ccee630d2276c,d7c09699a3366fc02af98cf6a4d3a47df640efddacbb33416418d4c4b9f9383a,d0f6d6c2c3c2c2ff
syn_syn_001940,syn_syn_001940.jpg,mendeley_synthetic,True,syn_grp_0671,train,1,[5],images/synthetic/syn_syn_001940.jpg,labels/synthetic/syn_syn_001940.txt,381ddc3deb24702ef21fad1c2bf6660c1eceeb96def862a6d0063baac6317a72,b97a2cfa26e11faed16188d529cc17c827984aa8b3e4fce39ae2ca4b10750afa,07c3b070ccb6611e
syn_syn_001953,syn_syn_001953.jpg,mendeley_synthetic,True,syn_grp_0672,train,1,[2],images/synthetic/syn_syn_001953.jpg,labels/synthetic/syn_syn_001953.txt,ffd41c7e4e87849142cbf2983f985db31bfc268ae6e6f6cd8f18694e35ebec50,ed48ac74d4efa3a2759724886f5ccccd835064735ca3ad14da0c5eb88c87cb80,00008094dfdfdfdf
syn_syn_001962,syn_syn_001962.jpg,mendeley_synthetic,True,syn_grp_0673,train,2,[5],images/synthetic/syn_syn_001962.jpg,labels/synthetic/syn_syn_001962.txt,c81d5b8d3e9f07a80bd501a7ed371bca63cd872ee5b41659e84ca075d1c2a485,20edc5521ec0dc7c974901daca4c61e43f1293c8586dcc2de5194e827d5c06d1,ffffafccc0830306
syn_syn_001963,syn_syn_001963.jpg,mendeley_synthetic,True,syn_grp_0674,train,3,"[1, 3, 6]",images/synthetic/syn_syn_001963.jpg,labels/synthetic/syn_syn_001963.txt,364a6e3e592c06cc1f1a3f29be828025d639372b29bac0af869b3955a0536ea7,6839fea4fb5b3c08aefa8e58c6711af29c70791873cef67f86bffcb795192291,636d0f4b60616727
syn_syn_001969,syn_syn_001969.jpg,mendeley_synthetic,True,syn_grp_0675,train,6,"[2, 3, 4, 5, 6, 9]",images/synthetic/syn_syn_001969.jpg,labels/synthetic/syn_syn_001969.txt,a3419dd0158402737a7caf2126fa7439e35ee985bf4890677f966e5727e0ca24,ac2a9a218ebedccc749d6a4eaac30003caaaea15abb3f40236d7423cc81c7a14,1fb97fcfefecc0e0
syn_syn_001973,syn_syn_001973.jpg,mendeley_synthetic,True,syn_grp_0676,train,3,"[1, 3, 7]",images/synthetic/syn_syn_001973.jpg,labels/synthetic/syn_syn_001973.txt,16edfbdc2a2e994f3f60218433eacee6903257233343c46d8bbe5fe6d60703bd,f12ad5d8fd68ef94a4a292d65a63bd97305f0b840043e4e1f2cc765695218940,80820f0f07070600
syn_syn_001996,syn_syn_001996.jpg,mendeley_synthetic,True,syn_grp_0677,train,4,"[0, 1, 3, 9]",images/synthetic/syn_syn_001996.jpg,labels/synthetic/syn_syn_001996.txt,bcaa7cf61ff179d28ba6e7be8272e4fe058aa83d6e8a325db61a335d4a91efa0,3e3e5ddc15d0d7c21df03f822affa8041a1053f8b827d3d99661704184787de1,fdffe3e030000000
syn_syn_001999,syn_syn_001999.jpg,mendeley_synthetic,True,syn_grp_0678,train,4,"[0, 1, 5, 7]",images/synthetic/syn_syn_001999.jpg,labels/synthetic/syn_syn_001999.txt,3c94a1d1109000374db0ae0cc18653304d681cd455c923d21bcdf82f07b67012,28ebfad63d4739b7655a988f18b948219b598e1c98e5bcaa60213b27cf859af4,40ece0b0fcec281c
syn_syn_002001,syn_syn_002001.jpg,mendeley_synthetic,True,syn_grp_0679,train,1,[6],images/synthetic/syn_syn_002001.jpg,labels/synthetic/syn_syn_002001.txt,744c7eb50371b9b84de579dc753120f9002f61532dd8b534da92167abe5793a1,9087c4b1cf9155b701dbf97a8b799469188162dea82fbf71bd7f8891be981e23,1c9c1e3e3e061838
syn_syn_002021,syn_syn_002021.jpg,mendeley_synthetic,True,syn_grp_0680,train,6,"[2, 4, 5, 9]",images/synthetic/syn_syn_002021.jpg,labels/synthetic/syn_syn_002021.txt,c84b1551c534e64d77948fee16fce61a0b7c5fe8f8337b069c8aa16d9417cc88,5bdb1a4f43254b5c7597c75aad444f98ca5d830683dddae8da962f525115ce52,80f03cf8f0746000
syn_syn_002029,syn_syn_002029.jpg,mendeley_synthetic,True,syn_grp_0681,train,1,[5],images/synthetic/syn_syn_002029.jpg,labels/synthetic/syn_syn_002029.txt,28b59f239f15de9205a967b1fc140fb81e7d4ae1b411066503d712be30ac8444,69ddacc05d29c7034f0f4b2a0607d39e788cfe232c20f0c9db14db638c2134a7,9d5db2231511d9bd
syn_syn_002030,syn_syn_002030.jpg,mendeley_synthetic,True,syn_grp_0682,train,2,[9],images/synthetic/syn_syn_002030.jpg,labels/synthetic/syn_syn_002030.txt,73b2b4a115aa60bb32c418260a79964510ca6587e9cbf276842f34d502512050,19afa6f58115adbde98fb0f231d00611671b3ff9bf755653e2f6033ed27c2047,e0f2f0180f7f3e7e
syn_syn_002032,syn_syn_002032.jpg,mendeley_synthetic,True,syn_grp_0683,train,1,[1],images/synthetic/syn_syn_002032.jpg,labels/synthetic/syn_syn_002032.txt,5fb2dc52e11d2a516b86026d128c947080a8dc3a61375f0e5b1633f98c49fb20,fd7d93c730044e51785a51371ae494b110fae3f7b473b6c0028a0bdcdaf1bd66,0e800cff3e180000
syn_syn_002034,syn_syn_002034.jpg,mendeley_synthetic,True,syn_grp_0684,train,1,[7],images/synthetic/syn_syn_002034.jpg,labels/synthetic/syn_syn_002034.txt,4c05824e31b664294663e25759301ae8542a5b6fe32b9ecb0b5bf18e144fa7f8,f7ecea63290622528a3de530d61e859e826008c36392028648dab2ee4646c278,0000383c3e1e0000
syn_syn_002041,syn_syn_002041.jpg,mendeley_synthetic,True,syn_grp_0685,train,3,"[5, 7, 9]",images/synthetic/syn_syn_002041.jpg,labels/synthetic/syn_syn_002041.txt,5dfbb47908fc08e2f8e18f21f647455295b6db9f88643226c36fd08a8bbbbe3b,6dc56a7a27cb95567576adebe3e3c4349edddea02264c618b1358862d69b139a,0303c31b134e6735
syn_syn_002046,syn_syn_002046.jpg,mendeley_synthetic,True,syn_grp_0686,train,5,"[0, 1, 4]",images/synthetic/syn_syn_002046.jpg,labels/synthetic/syn_syn_002046.txt,b9b274a8281a90eb8b03040dd1f14eecde9708f92a58db3fcda220126cdb692c,842bae667b136467a54b8c72a4f762b3cbdb116b1ed6d9499c01f227a0bdea24,fcf9c0c1c1d1ffff
syn_syn_002055,syn_syn_002055.jpg,mendeley_synthetic,True,syn_grp_0687,train,4,"[1, 4, 9]",images/synthetic/syn_syn_002055.jpg,labels/synthetic/syn_syn_002055.txt,9a103e1d13304739b257b483f6c28c149e4dcea4640b6a09bb5f7715b6fda768,90bfc613f08152d0283d43d9ea0d062c89e36c5ae4b7897e9e41efe893a3a40e,5c3e1c1a39180001
syn_syn_002060,syn_syn_002060.jpg,mendeley_synthetic,True,syn_grp_0688,train,1,[3],images/synthetic/syn_syn_002060.jpg,labels/synthetic/syn_syn_002060.txt,d86ecd1bdf0d65e591b89ab0e68abfa3d12a9dae324fe79dad6da775d5fcfe59,42cad3af0235d6284d3705609e02b9770f7337d399b1931f43883549528fb4a3,80a1e3c79f3e3ef0
syn_syn_002069,syn_syn_002069.jpg,mendeley_synthetic,True,syn_grp_0689,train,1,[3],images/synthetic/syn_syn_002069.jpg,labels/synthetic/syn_syn_002069.txt,52b05a40cd2e318dab16ef6ce9542d2ba8d59202096ca69291357a63bdc3b125,8e549d188365c877ba335d51df5f1239ab1744c01f649d3c269a7d8b34f2c224,c35331f1f1f42303
syn_syn_002074,syn_syn_002074.jpg,mendeley_synthetic,True,syn_grp_0690,train,3,"[1, 5, 6]",images/synthetic/syn_syn_002074.jpg,labels/synthetic/syn_syn_002074.txt,7e027d6c074403f4982d32b438929dd518ac1907a82c4ed3511738455efd8b66,3e77bcebbcd2263b135516cdf3dda408f98184fa23c59be4d975043677f8bb1c,ffff3f1f7f63010f
syn_syn_002076,syn_syn_002076.jpg,mendeley_synthetic,True,syn_grp_0515,train,2,"[3, 4]",images/synthetic/syn_syn_002076.jpg,labels/synthetic/syn_syn_002076.txt,b24d8b5611a503a18ef7bf11a42718435e2066e03ba3248429eb6fd0112b423f,01b4606a8c0c9909459edd4b0006ea4e7dc07ba45816a14cab5bae22dc69ef82,ff9f9e9c9c84cce4
syn_syn_002085,syn_syn_002085.jpg,mendeley_synthetic,True,syn_grp_0691,train,1,[0],images/synthetic/syn_syn_002085.jpg,labels/synthetic/syn_syn_002085.txt,afdf81c4104abf7590599a460685df359ca7c56c105a1e0646e923233d9bdc57,043ec6ae3a7a7084ca16cd81a44b6f9fc7b7b26be25d64aadb50c85e41e9ec67,3f7fcf80c0c080f0
syn_syn_002111,syn_syn_002111.jpg,mendeley_synthetic,True,syn_grp_0692,train,2,"[0, 9]",images/synthetic/syn_syn_002111.jpg,labels/synthetic/syn_syn_002111.txt,19e4af4a6ef55246de0c92df181656efeae4ca2507461288ea788d38d2186c7d,41cfa851d54bf253b1c590fa5700e123eda3568ad822554b72b7a74051c8b27c,4fcfc7f3c1c1c0c0
syn_syn_002113,syn_syn_002113.jpg,mendeley_synthetic,True,syn_grp_0693,train,3,"[0, 6]",images/synthetic/syn_syn_002113.jpg,labels/synthetic/syn_syn_002113.txt,010d81418b285d5da910556d90c4493c131365497127f3766d668b3b2382a432,0b3bb82c0b7de831ecea3c85728ff0beee5a73c2e62b0912e8a45f90bf50f3f3,00000684cceef6f6
syn_syn_002116,syn_syn_002116.jpg,mendeley_synthetic,True,syn_grp_0694,train,4,"[0, 4, 9]",images/synthetic/syn_syn_002116.jpg,labels/synthetic/syn_syn_002116.txt,beb86977128684a8a01c6865e1ae1ca1e313d422ed0dafb3aae2438e4a3151ab,719d5dbafa1e67e5028bc7f3667237a6b18c674185e62e6d124cf1c7e599f3bf,60073eee7f180000
syn_syn_002117,syn_syn_002117.jpg,mendeley_synthetic,True,syn_grp_0695,train,4,"[1, 6, 9]",images/synthetic/syn_syn_002117.jpg,labels/synthetic/syn_syn_002117.txt,c43c4a18abd016a79a47a0749c2eb303722dad63891e56d8eeef416a2cec6341,f10017ad15f692135422937c9590edf012e083086e071aa52bfc6bb9209d0a71,80bde9c1c1c1c1c1
syn_syn_002141,syn_syn_002141.jpg,mendeley_synthetic,True,syn_grp_0696,train,2,"[6, 7]",images/synthetic/syn_syn_002141.jpg,labels/synthetic/syn_syn_002141.txt,e3719b59efcdf22a377963416755c54c5f87b83fa619f0434f4c9608de2c4f7a,fad1f71dd1afcb8732d43a9489977d15963c7af78e77388ded46cf505b42c08d,fcfcf8f8e0e4a0e0
syn_syn_002143,syn_syn_002143.jpg,mendeley_synthetic,True,syn_grp_0697,train,2,"[3, 7]",images/synthetic/syn_syn_002143.jpg,labels/synthetic/syn_syn_002143.txt,08031ecf79bd40b7214a98e0d23297b60e74f94ce6bcdd01444f1cb1eb40786b,5f1c97a5616ff870bddbb28173f5dd55f248a323eebb619a3158edd842b6aba7,7f7f1f03233f07c7
syn_syn_002148,syn_syn_002148.jpg,mendeley_synthetic,True,syn_grp_0698,train,6,"[0, 1, 5, 7]",images/synthetic/syn_syn_002148.jpg,labels/synthetic/syn_syn_002148.txt,00186fcb318ab3206059022be52dfb9bf8ecf3117e7dc276ea50d6a15427eab4,92b5bb4876232aa8469c58a454125a8a759dd57b77b16f71a918490f5773e597,bf7ed3dbe343c742
syn_syn_002151,syn_syn_002151.jpg,mendeley_synthetic,True,syn_grp_0699,train,6,"[0, 4, 5, 7, 9]",images/synthetic/syn_syn_002151.jpg,labels/synthetic/syn_syn_002151.txt,0ff6f7287acfe7d5380fc562bf1a5defe3de331e505267395efbb6ddc9b79f0f,707dbeba42cf109bcbe02de1aab320500b875e5180c5b0ce66d2b34e44488edb,c3c1e37fff3f00f9
syn_syn_002155,syn_syn_002155.jpg,mendeley_synthetic,True,syn_grp_0700,train,6,"[1, 2, 6, 7]",images/synthetic/syn_syn_002155.jpg,labels/synthetic/syn_syn_002155.txt,44a1fb574bdd34a04b6447d4f74948c4e60921ceed9bdda6d8c8120ab29e283e,a2aa61492f245d7e2eee85e65d6f481720a757676fbbe08bb9cac7d0ed835780,99339f85bd7d4707
syn_syn_002168,syn_syn_002168.jpg,mendeley_synthetic,True,syn_grp_0701,train,2,"[1, 9]",images/synthetic/syn_syn_002168.jpg,labels/synthetic/syn_syn_002168.txt,51787a96e7850190ae723135c9f2f5d23f3fab6c0595a0637f8bf8c7a097f0d2,287972d13bcda94e4b3cb47a0d6533b6f3cb3858247bf322dcb910ad01e1e310,9c1c0040d83f7f9f
syn_syn_002181,syn_syn_002181.jpg,mendeley_synthetic,True,syn_grp_0702,train,5,"[3, 6, 7, 9]",images/synthetic/syn_syn_002181.jpg,labels/synthetic/syn_syn_002181.txt,48d07efb24b0f7fd861fd82e87ae92ce41e64e54435951307f2a8b60611ac9fb,0c71f713ec4c8175cbb338a69decd8be0a94d8a1f02ee365bfaf1f66b3b327ed,e0c0d1c80038f8f8
syn_syn_002203,syn_syn_002203.jpg,mendeley_synthetic,True,syn_grp_0703,train,2,"[0, 1]",images/synthetic/syn_syn_002203.jpg,labels/synthetic/syn_syn_002203.txt,47337b0299bb7ed59885b98576b47a7a97fe18da0ed504e1b799ea33c408a87c,50fa41e9ac66b452c03c9efe46abb1b5438138ef3aff5611a7daffe08018d703,fffefc3030100200
syn_syn_002206,syn_syn_002206.jpg,mendeley_synthetic,True,syn_grp_0704,train,2,"[1, 5]",images/synthetic/syn_syn_002206.jpg,labels/synthetic/syn_syn_002206.txt,955580f27f20c0391d1ace1517ca98396dea49b0716705f226becd1dc955be0d,5051c91cbefdc7251b371f57c655fe00959aeeff544e4f709fe19d1cbc0f7eb3,12101a9bd9d8dcec
syn_syn_002222,syn_syn_002222.jpg,mendeley_synthetic,True,syn_grp_0705,train,5,"[2, 4, 5, 7]",images/synthetic/syn_syn_002222.jpg,labels/synthetic/syn_syn_002222.txt,8e89e8ddf42e2bec6e2977731a668a8e6112a50fd80835623bffecb356a08a7e,e15ec6acfcffd00c2fb6d66e540281ccd108d9ed0b32c5e6a189515f35fd6db4,fdf97436271e1c04
syn_syn_002223,syn_syn_002223.jpg,mendeley_synthetic,True,syn_grp_0706,train,5,"[1, 2, 3, 4, 9]",images/synthetic/syn_syn_002223.jpg,labels/synthetic/syn_syn_002223.txt,7b9bc2476c74fc6694a2245b4f0198fbbaf07ce1dfb9eb4d9f6f75f117f73d22,130c653f5bd39d1b9a2a377723ec7bf20591aae8de2570de6acc7e804aa6dca9,ffff9f0360602000
syn_syn_002226,syn_syn_002226.jpg,mendeley_synthetic,True,syn_grp_0707,train,4,"[2, 4, 5, 9]",images/synthetic/syn_syn_002226.jpg,labels/synthetic/syn_syn_002226.txt,15fb9259e55052b5a618a9121ef8e583f1cf4273b5d3b1601e7a72d158befa88,02551036015b43cf3f4b8094626f7968fc177fc9fbabb096bc545467723c29e9,dd5f637044323438
syn_syn_002243,syn_syn_002243.jpg,mendeley_synthetic,True,syn_grp_0708,train,5,"[0, 3, 4, 5]",images/synthetic/syn_syn_002243.jpg,labels/synthetic/syn_syn_002243.txt,118604b37668b032af0a132f54ba22d35299c767f860bfe669929d4cccc1de7f,02c4ec4becb68c94ae273efd80bc7698b4a77193c5ab014220b5b03898758da7,6c3cf8783e3a3030
syn_syn_002268,syn_syn_002268.jpg,mendeley_synthetic,True,syn_grp_0709,train,3,"[2, 9]",images/synthetic/syn_syn_002268.jpg,labels/synthetic/syn_syn_002268.txt,fb2edf0b0f68bed60a46027aca60f07b046261373c436af4998d328e8eab9bba,cdd47ba9294e382f582c01bf5113ce3c90e6da3a4f6692695da832eee92df3ac,038f8fa76e1f0f01
syn_syn_002277,syn_syn_002277.jpg,mendeley_synthetic,True,syn_grp_0710,train,3,"[2, 4, 7]",images/synthetic/syn_syn_002277.jpg,labels/synthetic/syn_syn_002277.txt,66135c6e8f4cb2464ea198547837f6d5cedcba1cc46a7605cef77d1d1fc4e50c,8162c7c2157d676afa277228b69b338052459f7f3564681a00b71e23bcce17ae,ffffbf0703030000
syn_syn_002285,syn_syn_002285.jpg,mendeley_synthetic,True,syn_grp_0711,train,1,[5],images/synthetic/syn_syn_002285.jpg,labels/synthetic/syn_syn_002285.txt,625ee76db9b217f45fcccff8385dc318aa36b0f2e64d5dc5b89099462268a5d0,3bd319ef5b769934912914ac5274992a43b50435a0e8a6655bbc077a4af8c824,0042420f3bff7f0a
syn_syn_002296,syn_syn_002296.jpg,mendeley_synthetic,True,syn_grp_0712,train,3,"[3, 4, 9]",images/synthetic/syn_syn_002296.jpg,labels/synthetic/syn_syn_002296.txt,dcd6aed036d74aa03c17394073a816347c81e383b5bae9e9dccf30d2ede7e29f,67ed60a007fde655f9faa671f4e4e9ddd7a8eb81cd45c20fd0af613f921c1240,000018dcdcdecc00
syn_syn_002306,syn_syn_002306.jpg,mendeley_synthetic,True,syn_grp_0713,train,2,"[3, 5]",images/synthetic/syn_syn_002306.jpg,labels/synthetic/syn_syn_002306.txt,2734505296346baa876c2f919c2f7a349ec69b45623e5da030ed185709da1713,2e7c97c1540d006c566a6822a87766e043afd813305e30a5a85dedf3ae28856c,000030181a9effff
syn_syn_002308,syn_syn_002308.jpg,mendeley_synthetic,True,syn_grp_0714,train,2,"[3, 6]",images/synthetic/syn_syn_002308.jpg,labels/synthetic/syn_syn_002308.txt,b5f55137b2f42bada1a41e5f1a7e3f2dc375cf0a8e8bd32daa0be2d37e1d8b86,fc7b83a5516af8217ee529eadb50d1e1f9666f1db43ba482bfca51d19dd26e92,e0c0f0b0eef8f0f8
syn_syn_002311,syn_syn_002311.jpg,mendeley_synthetic,True,syn_grp_0715,train,4,"[1, 2, 5, 6]",images/synthetic/syn_syn_002311.jpg,labels/synthetic/syn_syn_002311.txt,f6bda67b08aae4608ace2b1cc8782a55fe9a5628cf4484347b45c25d5f1d8498,acf82064578f71a1181314da577294494dd765ec9475b287af4fe1a743304384,e40e0ecfccc8f2f0
syn_syn_002321,syn_syn_002321.jpg,mendeley_synthetic,True,syn_grp_0716,train,4,"[1, 5, 7, 9]",images/synthetic/syn_syn_002321.jpg,labels/synthetic/syn_syn_002321.txt,fd5acb82d257a22fd437de7959ea053fe2a9a62d7b2cf76c550f7dd104df66fc,7c2a5eeaa13eb15bf32fefc4ecfa3bd78c5e9affcf974bcc8d4d00822125c053,c00082baf8f0fbfe
syn_syn_002332,syn_syn_002332.jpg,mendeley_synthetic,True,syn_grp_0717,train,5,"[0, 1, 4]",images/synthetic/syn_syn_002332.jpg,labels/synthetic/syn_syn_002332.txt,947b8097be23929f10e421c486fd90fe5923973189be1d411965eadbeb71bd2a,b6209e9ecc73cb7bc11baa744cd18778a4c8e34e58d4034d99a670d3ba19172f,3f1f8323239383ff
syn_syn_002341,syn_syn_002341.jpg,mendeley_synthetic,True,syn_grp_0718,train,4,"[0, 1, 3, 4]",images/synthetic/syn_syn_002341.jpg,labels/synthetic/syn_syn_002341.txt,9ba82213b779753cd825e39898c9956539feb3bb14113c68364f394056b2caf0,e8f7f6bea3fe29c9800668796f0989c9f19af6ff183ae148a0ced3b0f3b3a3bf,94b4e4e0e1e082e2
syn_syn_002351,syn_syn_002351.jpg,mendeley_synthetic,True,syn_grp_0719,train,5,"[1, 2, 4, 7]",images/synthetic/syn_syn_002351.jpg,labels/synthetic/syn_syn_002351.txt,2865b1ddd2b32e456493dee1ca0bdcc38853cef570071c0372938c44c751d89a,3110e072ff8cbac301c1c773e926046988cf3d6ebf2ed9bca8417d3180a0f030,10302567ee9bffff
syn_syn_002360,syn_syn_002360.jpg,mendeley_synthetic,True,syn_grp_0720,train,2,[1],images/synthetic/syn_syn_002360.jpg,labels/synthetic/syn_syn_002360.txt,df966d1cbf53e0a7a9d9784f3a2da7f3b166b019e7d3639b5125fb2ddcc8114d,6a25aa7592ceadc6499483c937ce13ceda16731e04c6682ac70179ecdd137866,0020e0c8fcf8e1f0
syn_syn_002412,syn_syn_002412.jpg,mendeley_synthetic,True,syn_grp_0721,train,1,[0],images/synthetic/syn_syn_002412.jpg,labels/synthetic/syn_syn_002412.txt,db848a90894be8b7a0b89edcb6196d8f5d7a2130887da4829bfadb0c0cd435f9,93cd17c7182bf2db8c9367a38b9fe8bae1f2762c5db137df28e4031df99a9989,fffe706e3018090c
syn_syn_002422,syn_syn_002422.jpg,mendeley_synthetic,True,syn_grp_0722,train,3,"[0, 2, 6]",images/synthetic/syn_syn_002422.jpg,labels/synthetic/syn_syn_002422.txt,0b2593d3a3f999126672f2a97d7bed34891a9f4de2423ab0477fab49e5116f3d,efe32ebd26aec0cc521eca74db93b991cc32135b973c369ef631c7a6d185d0ac,e0e0d1d0f0f8e0c0
syn_syn_002424,syn_syn_002424.jpg,mendeley_synthetic,True,syn_grp_0723,train,6,"[0, 1, 2, 3, 9]",images/synthetic/syn_syn_002424.jpg,labels/synthetic/syn_syn_002424.txt,287f6d6b3276480161adc17b50181b33160cac8dedbaf5d77b459a4ca02f9605,521043319884e1e16dde042d0bfd5cbbca8d03a48785b51544a85027f67be1d5,e16272f2eee30134
syn_syn_002429,syn_syn_002429.jpg,mendeley_synthetic,True,syn_grp_0724,train,2,"[3, 9]",images/synthetic/syn_syn_002429.jpg,labels/synthetic/syn_syn_002429.txt,af8798285cf677122a8541ec084823f2aba41c4df62b5e71412b21456bde789a,250645c8f8d6f210ec3b8dcf7e1b64514c7f5cc1b3beeb2a882e2e96af6d8d32,f21cf0d81870bf7f
syn_syn_002431,syn_syn_002431.jpg,mendeley_synthetic,True,syn_grp_0725,train,1,[3],images/synthetic/syn_syn_002431.jpg,labels/synthetic/syn_syn_002431.txt,943653c81d18763e16bc139d0261657794a5a440c02db7e923d64daf0e2e16f8,cf145b8381112a90dc6d7a87ec18075e94861b5c5f433b9d49239bcc3aefc554,9e6cc4f39d18e2fc
syn_syn_002437,syn_syn_002437.jpg,mendeley_synthetic,True,syn_grp_0726,train,3,"[1, 3, 9]",images/synthetic/syn_syn_002437.jpg,labels/synthetic/syn_syn_002437.txt,5ac3481c5e876bb62b4165d7ba1cb688ce48551a3760328228d21d4ed205f252,330d2e38cb0f5ce53d316cf991b31406629512918f37de3d32353be38f00348a,c000012f2fff7e78
syn_syn_002447,syn_syn_002447.jpg,mendeley_synthetic,True,syn_grp_0727,train,2,[0],images/synthetic/syn_syn_002447.jpg,labels/synthetic/syn_syn_002447.txt,74915dc366bd9771d375f3a732eeae4ebcb894cb22b2069493c5521fa2a5345a,14ce202ce07cbeca6be178c69a88ad1e4eb55c7a5fa22f5edf2b6296c97ba4b4,cf337b7b33010002
syn_syn_002471,syn_syn_002471.jpg,mendeley_synthetic,True,syn_grp_0728,train,4,"[2, 5, 9]",images/synthetic/syn_syn_002471.jpg,labels/synthetic/syn_syn_002471.txt,551b8882c44ceeaa1203bf9b5ef07541a220a84be9f21a723f93dbbe03e9cb5e,bc0c62f3bf206cd7dbea3c02f98b7f5cb932683142b1e4f0e76daa49abce8b03,ffc1607220000e1f
syn_syn_002477,syn_syn_002477.jpg,mendeley_synthetic,True,syn_grp_0729,train,5,"[2, 6, 7]",images/synthetic/syn_syn_002477.jpg,labels/synthetic/syn_syn_002477.txt,1accd4dfa35d9d3603d7b66d7c64de9f0594288b95a094155e93e85c9af40148,d1437a0d18d3031be979aa70ff468c3a3aec58bdc13069291eb3e6067f38b493,f8f881e0c8e2e0f0
syn_syn_002483,syn_syn_002483.jpg,mendeley_synthetic,True,syn_grp_0730,train,3,"[2, 4]",images/synthetic/syn_syn_002483.jpg,labels/synthetic/syn_syn_002483.txt,8a0e7422bb5cbb304c64c51f41d1ef5c6c94834c08016a334d2d8ceb8b091871,0d9a035dd37b3dd67d7c20c84c97ad35e2d6b2df55f526e4195a0a33ea413197,07037b3836640707
syn_syn_002493,syn_syn_002493.jpg,mendeley_synthetic,True,syn_grp_0731,train,1,[7],images/synthetic/syn_syn_002493.jpg,labels/synthetic/syn_syn_002493.txt,b4d8fae1808fb3cbd80385a7b1b634c30d58e95d2259e462d6aa782274a6922a,be14cd45cbb42cd2ff218e92c889ee5c5298bf41119c19bcdf552ceed8f80c0e,2c9ecb794d4f4e87
syn_syn_002499,syn_syn_002499.jpg,mendeley_synthetic,True,syn_grp_0732,train,1,[2],images/synthetic/syn_syn_002499.jpg,labels/synthetic/syn_syn_002499.txt,4ba178fcd827b4461adf00df9639ff5bc1741461b20e949788e2dc1bab5423b7,5f6a3223ab3ee51ba7854868f4f528859cba36cdbea4056f2847b60cb306b78f,00000a363efbf37f
syn_syn_002530,syn_syn_002530.jpg,mendeley_synthetic,True,syn_grp_0733,train,1,[0],images/synthetic/syn_syn_002530.jpg,labels/synthetic/syn_syn_002530.txt,0a17f82a705f799fe40ebc3132f6996c0f0a18963d62cb040bf3ce5df36db83e,4c78f9eb7def31f22bf849a1c1584bb928672cb26de934c628b18d427b2cfb7d,80c0c0c6ace0f4c0
syn_syn_002546,syn_syn_002546.jpg,mendeley_synthetic,True,syn_grp_0734,train,3,"[0, 7, 9]",images/synthetic/syn_syn_002546.jpg,labels/synthetic/syn_syn_002546.txt,158bab677188638e15567c0647e60bdd1af4e0ea6e50246b813010901157dce6,abce28883c6beeddb6f53053616a5b2c29e77a89cadc21bc0948c8a56fc2f4a8,000238fc9a1f0707
syn_syn_002548,syn_syn_002548.jpg,mendeley_synthetic,True,syn_grp_0735,train,3,[6],images/synthetic/syn_syn_002548.jpg,labels/synthetic/syn_syn_002548.txt,66715c0e81d0b4bcf45eb6c5ac8586ee62cc36b39c7d91120081fe3327d6beac,b7a9b301f628199273c792abe46c02d4cd8b313e382ea369271bfea22424d0b5,e3ffd6c261010222
syn_syn_002554,syn_syn_002554.jpg,mendeley_synthetic,True,syn_grp_0736,train,4,"[3, 5, 7]",images/synthetic/syn_syn_002554.jpg,labels/synthetic/syn_syn_002554.txt,d2cc6f76372e3650d79134c3f033d201bfbe993b2af37aa7f655046d6ddd090c,a1ecd71368ff52d5ee68e127f52486b91b7213ae18076c04fbc7417d2ae28a12,e9c6b098f0f0f060
syn_syn_002556,syn_syn_002556.jpg,mendeley_synthetic,True,syn_grp_0737,train,3,"[5, 6, 7]",images/synthetic/syn_syn_002556.jpg,labels/synthetic/syn_syn_002556.txt,63016997d65d2497205cdead2352639dd50a93c0c39effa824f12317c758e4bd,c2682ebde27e93e66275620939c351aa34b59e2a5d891e07f777cc74b11bf213,0784cf7b07c760b8
syn_syn_002565,syn_syn_002565.jpg,mendeley_synthetic,True,syn_grp_0738,train,2,"[1, 6]",images/synthetic/syn_syn_002565.jpg,labels/synthetic/syn_syn_002565.txt,b0a8e4ced000003e4e5a625bd5743b1869a852d9d97c4729ab27c1453fd3506f,774280c67004005444e7e10619fbf0bde997574565582201fb53b4df1fe2fe4b,c0000000767f7fff
syn_syn_002574,syn_syn_002574.jpg,mendeley_synthetic,True,syn_grp_0739,train,4,"[3, 4, 7, 9]",images/synthetic/syn_syn_002574.jpg,labels/synthetic/syn_syn_002574.txt,c905c203bb997a9a89aff47be52ec56dd9520c53784aece50bf3eac58385963b,258b67bda3ddc47111215b7ca1766e77dc875ed0c407d6fdd9bf6038e5b2642c,0040c0e067f7fdbf
syn_syn_002578,syn_syn_002578.jpg,mendeley_synthetic,True,syn_grp_0740,train,4,"[2, 3, 5, 7]",images/synthetic/syn_syn_002578.jpg,labels/synthetic/syn_syn_002578.txt,1c1fda11af03b5e7d5e8b914c85496d759d3f70233343c12cd18a9efe0c25f61,c5c4e4ae70bfde974063ea93a3ca1a50724463a6f8cfee06063ec87366613e6a,20c0497bffffffff
syn_syn_002581,syn_syn_002581.jpg,mendeley_synthetic,True,syn_grp_0741,train,5,"[2, 3, 6, 9]",images/synthetic/syn_syn_002581.jpg,labels/synthetic/syn_syn_002581.txt,ec613cc34483070e00dbb1a51a806bed5d1c4538effb3d8c4c06d41c3192ee00,2fb68458a98ea6a0be43a2e02afb33ec1431d493dbad80b780c715fc11182cce,3f1f0f0703c1e1f0
syn_syn_002582,syn_syn_002582.jpg,mendeley_synthetic,True,syn_grp_0742,train,3,"[0, 6]",images/synthetic/syn_syn_002582.jpg,labels/synthetic/syn_syn_002582.txt,c663f8716b64ff7238ea1488e95ee7f91c379f2ae720ab64152df2cac5fcf0fa,1f71c90e6dfdfd530e0d3fe7a8c1484fa99f7556b76241f6877f9ee2a432c744,8e10121fbb890c66
syn_syn_002592,syn_syn_002592.jpg,mendeley_synthetic,True,syn_grp_0743,train,2,"[4, 5]",images/synthetic/syn_syn_002592.jpg,labels/synthetic/syn_syn_002592.txt,9cb5c495e7f1d0772dc1af90f5647b6c6c3415b3848d2839c33a6a7f8d85505d,948be1c6599c74555ec8ecdddc4dc60336081789fbb94ef0e10316abbec981bd,004c0b07070707ff
syn_syn_002639,syn_syn_002639.jpg,mendeley_synthetic,True,syn_grp_0744,train,2,"[3, 6]",images/synthetic/syn_syn_002639.jpg,labels/synthetic/syn_syn_002639.txt,e8bdb0b32cc1bb936dcf9f01b2f77c3903accf0951e81e992e5783442f316549,9514cbd72786e14d164e7e46915ef640841ffd0e4b332759b3b79f362bb17d3e,f1b7afdb62902070
syn_syn_002644,syn_syn_002644.jpg,mendeley_synthetic,True,syn_grp_0745,train,4,"[0, 3, 9]",images/synthetic/syn_syn_002644.jpg,labels/synthetic/syn_syn_002644.txt,b2302b718b2487fff8f139461200665c970ec638825f0317fcb23b138450e2e0,84fdcd724526eb81b631d34c7282543ca0efa08eb2cce3d84a4ddae2c13974ec,dfd3d1c5cdfb3807
syn_syn_002650,syn_syn_002650.jpg,mendeley_synthetic,True,syn_grp_0746,train,3,"[2, 3, 7]",images/synthetic/syn_syn_002650.jpg,labels/synthetic/syn_syn_002650.txt,a9249ff52ef1f59e69f32331a51681dc7b5befad642a73adc05c865d811de327,1e4a753f801ff5f6d18f13801ac40bedce5a4541566fc2f16b9f1ca89f33ca3c,70e0fcf8ecfd1f0f
syn_syn_002655,syn_syn_002655.jpg,mendeley_synthetic,True,syn_grp_0747,train,2,"[1, 9]",images/synthetic/syn_syn_002655.jpg,labels/synthetic/syn_syn_002655.txt,7b558d8c4e4c2641193616cce7736c0262e206bcc3680d835959b0b6eb500b01,308ab22906ab9a6049bb6960d63da750a9c13f475ad88d24a597728965219c0b,80c12013c67b1d07
syn_syn_002656,syn_syn_002656.jpg,mendeley_synthetic,True,syn_grp_0748,train,3,"[0, 3]",images/synthetic/syn_syn_002656.jpg,labels/synthetic/syn_syn_002656.txt,8972b8a7db0168c53ea3f2e609ad9863c885742a6e3128f169d394a9e00b6f3f,c9537c2a02ac2ec83c572a5c3488e998c019d17633eb480ed080502f29dd3861,c1c0f03c18f0f018
syn_syn_002672,syn_syn_002672.jpg,mendeley_synthetic,True,syn_grp_0749,train,1,[0],images/synthetic/syn_syn_002672.jpg,labels/synthetic/syn_syn_002672.txt,9ddd720c03b0eeff5378c3cb5e4ef1359f817024a648b7c2914cf420342dfd03,b9ed0577c407df5785d8b13e584c22f8bd578f374b58a7de724fe589a5dcbbd3,c7abc76f2652180e
syn_syn_002695,syn_syn_002695.jpg,mendeley_synthetic,True,syn_grp_0750,train,1,[4],images/synthetic/syn_syn_002695.jpg,labels/synthetic/syn_syn_002695.txt,8e1471c5c019a7223dbf0ee617f92bc606229cfe5aa8c1d721eb2dda934fda53,711bdf34bd58c718a83745a9765bc0bdd52be2cfaf0d56cc84f31e8242243fca,fff9000000fffe0f
syn_syn_002706,syn_syn_002706.jpg,mendeley_synthetic,True,syn_grp_0751,train,6,"[2, 4, 6, 7, 9]",images/synthetic/syn_syn_002706.jpg,labels/synthetic/syn_syn_002706.txt,e6a0c0823c5b802b066488b3fbe59dc1c43ce35111e1fd8a8b9f77afddc90324,dcb1e318a44716bada6e7b9d7cc77b5ad7215abfa4728594107283dd9ad487c0,c18183ab732b3fff
syn_syn_002710,syn_syn_002710.jpg,mendeley_synthetic,True,syn_grp_0752,train,3,"[0, 2, 3]",images/synthetic/syn_syn_002710.jpg,labels/synthetic/syn_syn_002710.txt,633c38e2730cbd3fb9e3d3faf7d3fdc05426763ece569542cfae08f17ef9049f,394f1f181e8027a022fcb0fe2997ef4fba65c1af171969e87fab7c6425544fa0,eea9439e596e4000
syn_syn_002711,syn_syn_002711.jpg,mendeley_synthetic,True,syn_grp_0753,train,1,[5],images/synthetic/syn_syn_002711.jpg,labels/synthetic/syn_syn_002711.txt,11b521b3e61d2612b18dd36efef63fe6075650208ba8d33684a68d03b07ee09b,61ca372231e90a063f948a9563b817201b5db8c072beefa1b6ef484633132580,0010083c7c7e3f00
syn_syn_002716,syn_syn_002716.jpg,mendeley_synthetic,True,syn_grp_0754,train,4,"[0, 3, 5, 7]",images/synthetic/syn_syn_002716.jpg,labels/synthetic/syn_syn_002716.txt,0b3ee1ec758ceb7ed04793e9c76dd905c2c2a44e3a372f8da5840891d2898194,1d56f7f103787b712df3bd3132a2f22db5795e8d722a58449fa32967bba3b20f,d8f8fc06170b0c98
syn_syn_002739,syn_syn_002739.jpg,mendeley_synthetic,True,syn_grp_0755,train,2,"[1, 6]",images/synthetic/syn_syn_002739.jpg,labels/synthetic/syn_syn_002739.txt,4e2af1e66e42b52d8679afd226ce3abeefa91bb2c7aa2b1b435af85c4037ff2d,cc1ebf2439865b73e9761204e839d2365e5afca914f2c6e275fc7ae68fb92bfa,30b01ae86cfdfc6c
syn_syn_002740,syn_syn_002740.jpg,mendeley_synthetic,True,syn_grp_0756,train,6,"[0, 2, 7, 9]",images/synthetic/syn_syn_002740.jpg,labels/synthetic/syn_syn_002740.txt,5bfe7e934c629c0cc1e92046c964360662fc9b0a779840054abef2824e1a02de,341b55d2cfaa1a242ae64f512f2e8fde9aa192da368f5157859ae407f25b4abf,77878e5f0e20201b
syn_syn_002745,syn_syn_002745.jpg,mendeley_synthetic,True,syn_grp_0757,train,5,"[1, 4, 5, 6]",images/synthetic/syn_syn_002745.jpg,labels/synthetic/syn_syn_002745.txt,e0afbaba67303360ba8b48ccf094ade4ba07eee7f24de075bd81173a3e2dbab3,17a3c43c04f1ed12d37ff7d929e375555437a22a0ae64f552d1b7b45ce020a03,cf8f8ececf8ee7ef
syn_syn_002769,syn_syn_002769.jpg,mendeley_synthetic,True,syn_grp_0758,train,3,"[2, 3, 5]",images/synthetic/syn_syn_002769.jpg,labels/synthetic/syn_syn_002769.txt,7cc080ccb41a7de2ee2ef12363ba84807dacd383eafb266af022af3289a5c541,9112afda541159c9befdaa1ee5f8f8431acc84d1435181a137a65ff8d3003c5d,987acb9413376f1f
syn_syn_002775,syn_syn_002775.jpg,mendeley_synthetic,True,syn_grp_0759,train,6,"[0, 1, 2, 3]",images/synthetic/syn_syn_002775.jpg,labels/synthetic/syn_syn_002775.txt,cbab058734c187e913aac0616aaf35d998535f2d7f50d80152b3f4be9d03c758,eeb3eb5d14c46cc99346ba59b88b496f8bbf09e1104919c368fdd5286fa0438b,f2f2f47e064753c8
syn_syn_002787,syn_syn_002787.jpg,mendeley_synthetic,True,syn_grp_0760,train,2,"[2, 6]",images/synthetic/syn_syn_002787.jpg,labels/synthetic/syn_syn_002787.txt,42485bb6780ff95c59ecbdc4f9aae899809971305ae7348b7e4dd431fb1ae21a,9135fede349863934f90e39b236c72b6f3e63c04666a72ad217753ccec6ddc6c,00010f1f1f0f0f07
syn_syn_002791,syn_syn_002791.jpg,mendeley_synthetic,True,syn_grp_0761,train,5,"[0, 7, 9]",images/synthetic/syn_syn_002791.jpg,labels/synthetic/syn_syn_002791.txt,403f233c880d264c01e7e25dd66e05681641e9f9b02bb7df748716f393d7e8a3,053c74946605c90731c9374015873e89b426872d4c3ea6fd7e1348b5da1eb476,70821c9f3e3e0600
syn_syn_002805,syn_syn_002805.jpg,mendeley_synthetic,True,syn_grp_0762,train,2,"[0, 1]",images/synthetic/syn_syn_002805.jpg,labels/synthetic/syn_syn_002805.txt,fb34caef8e260f248e3c00b1062a328c0260e9e0359a511e6fd339f52438adea,827e505e42013ffb63d167b3715e6ef8ee250ed6b19ce54456bb0f5fbbe9c300,04ffffff1f4c6001
syn_syn_002815,syn_syn_002815.jpg,mendeley_synthetic,True,syn_grp_0763,train,2,"[3, 6]",images/synthetic/syn_syn_002815.jpg,labels/synthetic/syn_syn_002815.txt,f338efb148fc2d85e14614ca2f5cdabb3020e05168b67d55c8ca7be5f934a866,921d1259c76b6fad22181e94f55d0dceadbb73d45e724c0993eb6a519b713bc5,7030801f1f06868c
syn_syn_002827,syn_syn_002827.jpg,mendeley_synthetic,True,syn_grp_0764,train,1,[1],images/synthetic/syn_syn_002827.jpg,labels/synthetic/syn_syn_002827.txt,30a699dd0c6b1d94890e34fa3015a98629bddb5a2446eba57d41d99101530901,8e6d0f9dee59a7b6b06193fa6284414c6ab90aa43316ae1b6166f9c5b2c2f2e4,ff7f7b3100203010
syn_syn_002836,syn_syn_002836.jpg,mendeley_synthetic,True,syn_grp_0765,train,5,"[0, 2, 3, 9]",images/synthetic/syn_syn_002836.jpg,labels/synthetic/syn_syn_002836.txt,a75b9a1ca8ea8201495aa9eca9ececd9fb0bc116188e9987cf0b8f3f7064bfbf,4729d25b6ee13df183c80b7994f3aa200168569284eafd2de13d469576be4264,f1f0e0a2f6f0f0fc
syn_syn_002839,syn_syn_002839.jpg,mendeley_synthetic,True,syn_grp_0766,train,3,"[0, 6, 7]",images/synthetic/syn_syn_002839.jpg,labels/synthetic/syn_syn_002839.txt,9163a587e8c8635989ba441e329a245373c010f121d92ca6912001d39e96d603,886d272bc611353ac8391a1bc23b0bf095ca9a7e319eddf6c5aa4503353312eb,d0c0fd3961783c20
syn_syn_002846,syn_syn_002846.jpg,mendeley_synthetic,True,syn_grp_0767,train,3,"[2, 5, 7]",images/synthetic/syn_syn_002846.jpg,labels/synthetic/syn_syn_002846.txt,f9fcae7ed71c1046f1fce579460a55054fefca1936ca57fdfecdb6cd81ad46c1,346c353f19b1a3340ad85b1d4f4e3f3c1bdf88cef7bde3eaeb0f078714616a4c,fe9810109e989898
syn_syn_002847,syn_syn_002847.jpg,mendeley_synthetic,True,syn_grp_0768,train,1,[3],images/synthetic/syn_syn_002847.jpg,labels/synthetic/syn_syn_002847.txt,7d53cc6f7f4e3d54c7d0319d2698d00b31088d4a56c285cd528827af411d88cb,8f0033ae104f50226c4299230293182080b74c0e396f97f54546e034ec7bf3cf,ff3f000000c30f3f
syn_syn_002850,syn_syn_002850.jpg,mendeley_synthetic,True,syn_grp_0769,train,5,"[1, 2, 7, 9]",images/synthetic/syn_syn_002850.jpg,labels/synthetic/syn_syn_002850.txt,639ea001585455f54633942f7ba16898c8526760ead7c66b69680eb548f86560,3869345277857e5a5037bd9975086e8a4638a2e3e20be042d964e6e76fc9672e,7fbfffefbf830100
syn_syn_002854,syn_syn_002854.jpg,mendeley_synthetic,True,syn_grp_0770,train,5,"[0, 1, 5, 6]",images/synthetic/syn_syn_002854.jpg,labels/synthetic/syn_syn_002854.txt,2adf4d15bcbe8dea95919b7310aebaf85cabfd8340e4842d4849a27fb5f4787a,a173ba17b880d20f53bc9da9c69a1b72b56a9da3e5193fc761306dccfcaaf964,03180b6b697f3326
syn_syn_002864,syn_syn_002864.jpg,mendeley_synthetic,True,syn_grp_0771,train,4,"[0, 5, 6, 7]",images/synthetic/syn_syn_002864.jpg,labels/synthetic/syn_syn_002864.txt,5e8087b1e9d9bb525b007a72e2db5e431813b19a06c908e03acc14c67455a6c7,3c9dcfb8afb7546b5a2ddd7c4f69262fd3825935d90413fe214d78fabc5919a5,7fffff7f00000000
syn_syn_002866,syn_syn_002866.jpg,mendeley_synthetic,True,syn_grp_0772,train,2,[2],images/synthetic/syn_syn_002866.jpg,labels/synthetic/syn_syn_002866.txt,8b6cb07af26f058ffd98679c1c3ed31e1eed37100dba9223d65b38aee8b157d7,076a56a54b421238929494192c40fa176913bd81acefb1f29b1c1ec4ae8e6785,c0fcbc89030313c1
syn_syn_002874,syn_syn_002874.jpg,mendeley_synthetic,True,syn_grp_0773,train,2,"[0, 2]",images/synthetic/syn_syn_002874.jpg,labels/synthetic/syn_syn_002874.txt,a2f68bd1d5b41cacafdaeb3030e44ad9a3d52e4b74ac83f4abea9ead5f7e9543,f1936e8de53515ad3d165054311e86ce63c5c585f93bd48c9c80ae7610f0cd6f,ffffffffef430414
syn_syn_002902,syn_syn_002902.jpg,mendeley_synthetic,True,syn_grp_0774,train,2,"[3, 9]",images/synthetic/syn_syn_002902.jpg,labels/synthetic/syn_syn_002902.txt,d9321de15e64e662961769decf4429eae1f4b461711b18a441b7c5e5ef9f34ea,b4911cb2a86a0ef09a95f6350619a626af3ca3e3cf1e398f2a1a93fd33a3b79d,0046ffefffbcb8b8
syn_syn_002914,syn_syn_002914.jpg,mendeley_synthetic,True,syn_grp_0775,train,2,"[4, 5]",images/synthetic/syn_syn_002914.jpg,labels/synthetic/syn_syn_002914.txt,a7e5325582c5ee7f11450dd405c53c890f98ff6e81c5be02022f5fd30148c6f8,ecee5456daef188b1643860ec9ae544763602153e96ee06d9cd926ce495291ef,80003cfefe0f6070
syn_syn_002928,syn_syn_002928.jpg,mendeley_synthetic,True,syn_grp_0776,train,2,"[4, 9]",images/synthetic/syn_syn_002928.jpg,labels/synthetic/syn_syn_002928.txt,b3af15fe91d8a09d4ed866f9cdd4240ae6b32ce9beb79efed3dd550a02bfbbdd,ff906380422b2a536b7ad7b7724565e958934b271271467fef88f6562609d7c0,0f0f1f1f1f1f3f3f
syn_syn_002932,syn_syn_002932.jpg,mendeley_synthetic,True,syn_grp_0777,train,6,"[1, 4, 5, 9]",images/synthetic/syn_syn_002932.jpg,labels/synthetic/syn_syn_002932.txt,2ebf737e5a27e34f77d6df0100925e55ad2232e81e943dae48024ce730ebfb6b,8799660edcb594e5a1d9801ae9eab5209c4c9b7c0a510cc018ed3e46b6defc22,cfdfbb1981c37800
syn_syn_002939,syn_syn_002939.jpg,mendeley_synthetic,True,syn_grp_0778,train,6,"[0, 1, 2, 3, 6]",images/synthetic/syn_syn_002939.jpg,labels/synthetic/syn_syn_002939.txt,2ef35c20277ea0fc1b2aa46faabd2629ed53df8355e07438b2a737fbe7db04dd,86a534fa9d5da1de933099fd53a1b296b8c45d22f0299304201958f6857d50e2,1c1d4ee9e6b03006
syn_syn_002949,syn_syn_002949.jpg,mendeley_synthetic,True,syn_grp_0779,train,4,"[1, 2, 5]",images/synthetic/syn_syn_002949.jpg,labels/synthetic/syn_syn_002949.txt,bcb09df4f2fbd7c1681ebf66b028c64adf38c0a895147add0cec791940afd4d4,ebfc0ee4c7019b3f302830f77927a56ed6c70bb0690e654706705c8cbe8d53d5,20043cfefe540000
syn_syn_002973,syn_syn_002973.jpg,mendeley_synthetic,True,syn_grp_0780,train,3,"[3, 7]",images/synthetic/syn_syn_002973.jpg,labels/synthetic/syn_syn_002973.txt,0a4570fa4dcea3e437585096973cdeadd557be578ecfb8c06531b8ae40eb0d6e,68ec5f9c8ecdbeb2d8a040323188dd2bfb87a0f38cef35f75ac8d4e39b11c1d5,1e1f3f3f3e7c3c3c
syn_syn_002993,syn_syn_002993.jpg,mendeley_synthetic,True,syn_grp_0781,train,2,"[0, 4]",images/synthetic/syn_syn_002993.jpg,labels/synthetic/syn_syn_002993.txt,40f6508c73ba247fdee527223b93ec5f044f44d9abb3e103e053f937d20c63a4,6f05023f568964bfd9b04001171a16768ec00d97b35f69e67dd176b27e950a6d,f0f3f2f0f0f0f0f0
syn_syn_002997,syn_syn_002997.jpg,mendeley_synthetic,True,syn_grp_0782,train,3,"[4, 5, 9]",images/synthetic/syn_syn_002997.jpg,labels/synthetic/syn_syn_002997.txt,e3ce3f3ebc654225697dec9409eab100daa28875e0f4e8a9663c835a9a5fb7ff,c028bec6b31e47c06db6ed43cc85b2766bb9dbdd9420e2685b598bb014de6509,80c0f8fc7c7c7858
syn_syn_003016,syn_syn_003016.jpg,mendeley_synthetic,True,syn_grp_0783,train,4,"[0, 9]",images/synthetic/syn_syn_003016.jpg,labels/synthetic/syn_syn_003016.txt,bf890644a0a00fce397d603751d96753425c2ea8583814de351aff24d9f9a9ff,63d7628bd0c902b7a34644f482247b347e004eaa34e7ec4de0ff19abc651d196,dfdfc111c501c103
syn_syn_003021,syn_syn_003021.jpg,mendeley_synthetic,True,syn_grp_0784,train,5,"[4, 6, 7]",images/synthetic/syn_syn_003021.jpg,labels/synthetic/syn_syn_003021.txt,6b0248fde37754562c16a7e59dc58ff0ae4100dfe345a0616cf27e90d07e3f04,fb5ea554ce6a3b440874946dfa2da8b8e39dc909f05137ea4fc8bc213403f193,b2b8acb8b8b1baff
syn_syn_003038,syn_syn_003038.jpg,mendeley_synthetic,True,syn_grp_0785,train,4,"[5, 7, 9]",images/synthetic/syn_syn_003038.jpg,labels/synthetic/syn_syn_003038.txt,729d7558c368b4ff26119f76288a7c62832d25ae0b5379545e502e16e94a6a0a,3ddffe43ad59f588b0a70681370f9776875838521d0e7af58f7c5f7f21d30ef7,e7e7c7c757070707
syn_syn_003064,syn_syn_003064.jpg,mendeley_synthetic,True,syn_grp_0786,train,2,"[2, 6]",images/synthetic/syn_syn_003064.jpg,labels/synthetic/syn_syn_003064.txt,2f60c8be776dbe7ce75ba200dee253f130ad2bff6c91e1dabb1fe0fdcd38a812,8a779d50397aa492d78c8f9c2d66503b9b6d3b8ae815b5f2ef47db9d197cde48,01da8288c5dbfbee
syn_syn_003069,syn_syn_003069.jpg,mendeley_synthetic,True,syn_grp_0787,train,2,"[0, 6]",images/synthetic/syn_syn_003069.jpg,labels/synthetic/syn_syn_003069.txt,da35c0d43651cfae0cae3c5c83d17f19c2e385d72f97bd8a8f17b2de9e32b20b,240240a678d090005a9d5b259d55226cf02480aece6dee179bc97458fc15fa96,f0f1791838e8e0df
syn_syn_003072,syn_syn_003072.jpg,mendeley_synthetic,True,syn_grp_0788,train,4,"[0, 6]",images/synthetic/syn_syn_003072.jpg,labels/synthetic/syn_syn_003072.txt,0a45570672dae7f10bec206e812f7cd1db55c240fd7f65fb022a94695e02bcc1,485ccf94da0ffd3f79c4fc00365a3936fd6c183858b4a004c8f61b7151059702,207878ffbe1e0e84
syn_syn_003073,syn_syn_003073.jpg,mendeley_synthetic,True,syn_grp_0789,train,6,"[0, 2, 3, 6, 9]",images/synthetic/syn_syn_003073.jpg,labels/synthetic/syn_syn_003073.txt,f27a3d2bdc763ac22e9c3b86cc44c5f1b2524e64b3eb56c11c9ecf83098d915b,073e3c9ac183ed0d5af12eaa704b938f602569979b2921f2fb67ab574db7edc5,fff7ed0304a48401
syn_syn_003079,syn_syn_003079.jpg,mendeley_synthetic,True,syn_grp_0790,train,6,"[3, 5, 6, 9]",images/synthetic/syn_syn_003079.jpg,labels/synthetic/syn_syn_003079.txt,20c7f7194c9bb9250ac05ccbb2e2873da899f0f1fc5c13577f52e4d390757c9a,d2581bd73f30c9a6670fb88519fbdc396b21c98227e45318e9c2f30ce664efc3,088e46c5f3c1c5d6
syn_syn_003090,syn_syn_003090.jpg,mendeley_synthetic,True,syn_grp_0791,train,5,"[2, 3, 6, 9]",images/synthetic/syn_syn_003090.jpg,labels/synthetic/syn_syn_003090.txt,0b81b6251856c539572677dfd1a01770c0820b7f91b747f27036e2ca3265b73d,c7d36170c5541b497912f9ca3e94f6d950d25526bbb1b45adcd3473a575beac4,317070746ce0e1f3
syn_syn_003100,syn_syn_003100.jpg,mendeley_synthetic,True,syn_grp_0792,train,1,[4],images/synthetic/syn_syn_003100.jpg,labels/synthetic/syn_syn_003100.txt,3b09768bd95f8ecb8e3fe20910b662d136da4b81cae53d9a21e021e6cdac4792,7ffed7f1b2fc3d08280b6807fdcdfe685176b989aeea5df2e48f2a63de2b81a0,ff80f0f0122ed7f6
syn_syn_003141,syn_syn_003141.jpg,mendeley_synthetic,True,syn_grp_0793,train,2,"[6, 7]",images/synthetic/syn_syn_003141.jpg,labels/synthetic/syn_syn_003141.txt,7fe42779afb897776d4598d8e6ddbacafbff34a18f82ebd1377f0de7d612c77f,15f46397637754cea75a3e76b4744712f673edd2f791df7c05e9030c3ceb34c4,ffff838307030187
syn_syn_003148,syn_syn_003148.jpg,mendeley_synthetic,True,syn_grp_0794,train,3,"[0, 9]",images/synthetic/syn_syn_003148.jpg,labels/synthetic/syn_syn_003148.txt,8cea5395446ca5f0dc983038c580ee8b0571a624ae470b424d69914a819c3265,508222a9aa71fd1805be2fbd9f08e11673f4756823c3e2d999a081e99200263c,7f7f000c1c3850f8
syn_syn_003165,syn_syn_003165.jpg,mendeley_synthetic,True,syn_grp_0795,train,6,"[2, 3, 4, 6, 7, 9]",images/synthetic/syn_syn_003165.jpg,labels/synthetic/syn_syn_003165.txt,ee817b7211208a4913b44ea98547cc100aaf3a10a660c1b595fbf9ac37bfc56b,64abe4fe760be686becce9025b81d5b375dd7743eb86c57d0b713f99637845cb,0018387c5e5c6844
syn_syn_003180,syn_syn_003180.jpg,mendeley_synthetic,True,syn_grp_0796,train,3,"[3, 4, 7]",images/synthetic/syn_syn_003180.jpg,labels/synthetic/syn_syn_003180.txt,6ee539ad73e383ee592528b549faf779eaf8fc79b25de6f71a2d988b86cd0cf1,9d5d7cd6a84349c20f6da870eff9655db0971260c62da644e2444f84dea899f0,1f1b11170f03230c
syn_syn_003183,syn_syn_003183.jpg,mendeley_synthetic,True,syn_grp_0797,train,1,[4],images/synthetic/syn_syn_003183.jpg,labels/synthetic/syn_syn_003183.txt,62335a218c9f1527f719c90dbc18f781cc20e1607ce05be0cad13ee33c85b78f,6f66f476b84400dc0dcd7fe300180bf19234e0bddd11f108e8b807907a2302c8,e0fefcfefef0f8f8
syn_syn_003190,syn_syn_003190.jpg,mendeley_synthetic,True,syn_grp_0798,train,3,"[4, 6]",images/synthetic/syn_syn_003190.jpg,labels/synthetic/syn_syn_003190.txt,aaf2f1547ec16c1379519a2193e51b785cedd0250130f41e9f6dcb0d8a634b75,9a1df0b69f2efcdb38368191f9347d6be7e94d6cd619811c2fd58cea6bf37aaa,3d3d7c5c5c5f28a8
syn_syn_003199,syn_syn_003199.jpg,mendeley_synthetic,True,syn_grp_0799,train,6,"[4, 5, 7, 9]",images/synthetic/syn_syn_003199.jpg,labels/synthetic/syn_syn_003199.txt,fbf9ceaf26b3da429c0e2c4308e2e702be6a6f22d6e91bf73699f2635fe3defb,60b8ebdb461a9e96ea8b2b59e51db1231921f7d317ddc8fa295ec76e498b15cd,bb07173b7f170b3f
syn_syn_003201,syn_syn_003201.jpg,mendeley_synthetic,True,syn_grp_0800,train,1,[2],images/synthetic/syn_syn_003201.jpg,labels/synthetic/syn_syn_003201.txt,749d13f22c563805205c3f53fff33cde0ae716131a5582b0243d30e9f575c148,d755773820ef41821c94fd535c0df2d124098e187a3c68df7cb117c0f6d891f5,feff038000020008
syn_syn_003210,syn_syn_003210.jpg,mendeley_synthetic,True,syn_grp_0801,train,4,"[4, 6, 9]",images/synthetic/syn_syn_003210.jpg,labels/synthetic/syn_syn_003210.txt,f68f168b42f4e793e42a90b37511ab02c135da41284a4599357e0bd897b21bab,4143a5d5ced28da2d5d992d12687624266682c7fd87d835b5db3346273bfc3af,0303470f0f1f0d0d
syn_syn_003228,syn_syn_003228.jpg,mendeley_synthetic,True,syn_grp_0802,train,4,"[1, 2, 4, 5]",images/synthetic/syn_syn_003228.jpg,labels/synthetic/syn_syn_003228.txt,601d81ec0914c494cbdd78f92c3003c6ff71103bc53d42d0750ede54183cc66e,27f7b8f8d89d2b56ea013e3baa84c18ae5f82cc8e05b5164b1873ed227c442e3,694d44291f5f0636
syn_syn_003241,syn_syn_003241.jpg,mendeley_synthetic,True,syn_grp_0803,train,2,[0],images/synthetic/syn_syn_003241.jpg,labels/synthetic/syn_syn_003241.txt,e89fc9ba2378a1d38e50fafe1365daacb9d391776047cff15518cd02f2bc3935,5cbed2e6fea87b26417b701f191e88622d50e62d7db5599dff03b20128fa3f9c,ff8f83270787b3a3
syn_syn_003243,syn_syn_003243.jpg,mendeley_synthetic,True,syn_grp_0804,train,1,[6],images/synthetic/syn_syn_003243.jpg,labels/synthetic/syn_syn_003243.txt,ebd8207ce53109e238c7828ca5d51156a2d81beead2e139c8e295202c1f58544,73a147813fc5fdaaae95718fdfadf78e35ed82d0a007d93d831b478a47fbf689,ffffffa300000080
syn_syn_003244,syn_syn_003244.jpg,mendeley_synthetic,True,syn_grp_0805,train,3,"[2, 3, 9]",images/synthetic/syn_syn_003244.jpg,labels/synthetic/syn_syn_003244.txt,27bcb6d173a86f04491d30ee5fb0f0bdc5057dd995efe04ace80d99fc1b59c02,43f7da9520119c372296ddcfc16a9b834ab5812554c1442edfbd4d8a695278fe,7fff77753d070000
syn_syn_003256,syn_syn_003256.jpg,mendeley_synthetic,True,syn_grp_0806,train,2,"[5, 9]",images/synthetic/syn_syn_003256.jpg,labels/synthetic/syn_syn_003256.txt,34a3e1ccfe2e905600496737eda0f01230144b6b9c9b3aa0dc9117d796890a6c,c72b33ff89eeb96fd46c2af96611eb8c4ac56d38ff6f05682f29c8a510ccbc6f,ef8f8f9f1f3f330b
syn_syn_003259,syn_syn_003259.jpg,mendeley_synthetic,True,syn_grp_0807,train,4,"[1, 7, 9]",images/synthetic/syn_syn_003259.jpg,labels/synthetic/syn_syn_003259.txt,0ef413561b1887c4631f420f71b4bbd91f33827c975e87071154885761023a44,b72cccdbe52587fe28b63251a7dcf67190643a632efe926f5e859c27aad6132c,ffffef0000000000
syn_syn_003264,syn_syn_003264.jpg,mendeley_synthetic,True,syn_grp_0808,train,3,"[4, 6]",images/synthetic/syn_syn_003264.jpg,labels/synthetic/syn_syn_003264.txt,8cbc501e75fd3f6b63f4a8d7f0cda490898d7c42831a0253fe9a5b27207d6b99,d734bec1503edbf12be24bee842a6819d10c89119ade52d358b5ee3f2da2ea48,7f1f3f014040f7e7
syn_syn_003272,syn_syn_003272.jpg,mendeley_synthetic,True,syn_grp_0809,train,4,"[2, 3, 6, 9]",images/synthetic/syn_syn_003272.jpg,labels/synthetic/syn_syn_003272.txt,6481a8626a0fce9bde5ecb1f23758188d43d3a828587365691a1d8d070fa5952,fe41d96b21b4281818a54f2cda7b87eb29fdd66661064f5e0b4843a61ec28100,0a191c1c1f0fc0c0
syn_syn_003276,syn_syn_003276.jpg,mendeley_synthetic,True,syn_grp_0810,train,3,"[1, 7, 9]",images/synthetic/syn_syn_003276.jpg,labels/synthetic/syn_syn_003276.txt,3a608e2fa50456eba17d23b3443c9f5c47649589d1aa97bc4b39b0d8fd800117,351b64fefcc39fe173cc7845dd2a84deabca26049cabfccc96d3a34d929c470c,fffff5000030fcf8
syn_syn_003279,syn_syn_003279.jpg,mendeley_synthetic,True,syn_grp_0811,train,5,"[0, 2, 3, 6]",images/synthetic/syn_syn_003279.jpg,labels/synthetic/syn_syn_003279.txt,4e53e245a96624356066ab90554401096e274c3fa2a3731facf71fddec5b5599,c9e0b84115e3d646d1cdf1ff1053b161bb56cf452f81f7a6501ff761f7473cb1,7076bcb870f8f880
syn_syn_003295,syn_syn_003295.jpg,mendeley_synthetic,True,syn_grp_0812,train,4,"[0, 2, 5, 6]",images/synthetic/syn_syn_003295.jpg,labels/synthetic/syn_syn_003295.txt,a23c6aaf7b68c331e7c011ac8e9088ffd3125daa5159a98e26656602e01d6ded,f54c999449c9c52351c29639c2c558bbf568e2e582e3fb3001e5a8e766c2fbfe,1804d46dfe7307a1
syn_syn_003300,syn_syn_003300.jpg,mendeley_synthetic,True,syn_grp_0813,train,3,"[0, 6, 9]",images/synthetic/syn_syn_003300.jpg,labels/synthetic/syn_syn_003300.txt,dc3d055b2f8f053aafaff2ad1a187d51740b006947c6f9d3864bc4a6a1b782cd,43590b23079e673e03e90aaeb14c90c844a61fae725dc70dce78f1c1cde002d0,f8f0d0f0e0c0cdc9
syn_syn_003336,syn_syn_003336.jpg,mendeley_synthetic,True,syn_grp_0814,train,6,"[2, 3, 4, 5]",images/synthetic/syn_syn_003336.jpg,labels/synthetic/syn_syn_003336.txt,7d0ee5716cf60903fa431cac52fa93e81cc8715be227508184d1bf1c6927de10,2aa36800b3d3abefe14bddb3c58b87153172f7c3b20d50e17bf5321a62359187,c73d3fe7e1a0800f
syn_syn_003339,syn_syn_003339.jpg,mendeley_synthetic,True,syn_grp_0170,train,2,"[2, 3]",images/synthetic/syn_syn_003339.jpg,labels/synthetic/syn_syn_003339.txt,69f18d25bd4d36d9afcb0316d23004692c1b40ee0b53d380625bdf3fc7f989d0,6f26a2189999623f6e48240af886ecfab092bba632f30874c915fe86c5c8ea98,c3e7ecf8c0800000
syn_syn_003350,syn_syn_003350.jpg,mendeley_synthetic,True,syn_grp_0815,train,5,"[1, 2, 4, 9]",images/synthetic/syn_syn_003350.jpg,labels/synthetic/syn_syn_003350.txt,e2d6ec56beb7444658507e253b7ce8728be88f18e7df7ba4698ee90f6abd6c8e,ad6b9c24551a19b40cd954508dbbe919402f7c4b690fe34de9186619a060a855,0704fef666b61c0e
syn_syn_003375,syn_syn_003375.jpg,mendeley_synthetic,True,syn_grp_0816,train,3,"[0, 6, 9]",images/synthetic/syn_syn_003375.jpg,labels/synthetic/syn_syn_003375.txt,f96af2f08bd213cb3c280acd919becf545a63b749a2e3b5f389c938f652952d2,303b8fda8d7cd26c80ec2c46409576426cc6e6aca39d11b271bb1f59ed8910dd,c0869a13070f1f1c
syn_syn_003393,syn_syn_003393.jpg,mendeley_synthetic,True,syn_grp_0274,train,1,[4],images/synthetic/syn_syn_003393.jpg,labels/synthetic/syn_syn_003393.txt,c82fb35b027de51ca78422834515f6af595731e714adcf6f9feefe679071acde,7ac7f947be1146f79d5bbd763131c6aca5f96d6ecd03632f455176610a4df4ff,0000020efefeff7f
syn_syn_003398,syn_syn_003398.jpg,mendeley_synthetic,True,syn_grp_0817,train,1,[0],images/synthetic/syn_syn_003398.jpg,labels/synthetic/syn_syn_003398.txt,d16d8007f0c0b5e032d6c585b8607ca4bf4c878258cf45bc847c11e9ff2662a9,6b29c5a80e7c7b7f3d7c065ce9b459572ffc224fc8780d1ac4cc7ac89218fb5c,ffccc4e080d8fcf8
syn_syn_003406,syn_syn_003406.jpg,mendeley_synthetic,True,syn_grp_0818,train,3,"[1, 3, 5]",images/synthetic/syn_syn_003406.jpg,labels/synthetic/syn_syn_003406.txt,a0c4dfdb7a88f173e08ccde8434d55be0a7c5d6f146ec6da360619c0b696f5cb,c8125bd8e14fa30e05e58be950a456dbad51474e700703cbfeab9c4d4a31f936,3f1f038383030301
syn_syn_003412,syn_syn_003412.jpg,mendeley_synthetic,True,syn_grp_0819,train,1,[9],images/synthetic/syn_syn_003412.jpg,labels/synthetic/syn_syn_003412.txt,f278ba2baf5a30e9f5946ec65990ec79289ee1f03993026da42f9715aa15ca04,0d83e45cf7b358ed152f0fad00ca55e78c2206b9ec3b8799a688a9f7266cbd7f,0337079bb8110400
syn_syn_003416,syn_syn_003416.jpg,mendeley_synthetic,True,syn_grp_0820,train,4,"[4, 5, 6, 7]",images/synthetic/syn_syn_003416.jpg,labels/synthetic/syn_syn_003416.txt,1bc013fc11a4e2435ff7beb1f149927a9b52ed8d28cfb7e3871a116b7c32b99a,39677290644433a740f3d4a092ba5a95fb9d550d16f56934f3d2f896ec73151f,b23ce179ece081da
syn_syn_003434,syn_syn_003434.jpg,mendeley_synthetic,True,syn_grp_0821,train,5,"[0, 1, 4, 6, 7]",images/synthetic/syn_syn_003434.jpg,labels/synthetic/syn_syn_003434.txt,b0769cddf3a077fd4ffd87b36f97ae2f2245391a97d86e1beff8cb548f3372f4,b7c47702fb7adaf1f97b8c81563c506e234fb660ce5b266ee789ab30e66f4c2e,fffcccfff1f0f0f0
syn_syn_003437,syn_syn_003437.jpg,mendeley_synthetic,True,syn_grp_0822,train,4,"[0, 5, 6]",images/synthetic/syn_syn_003437.jpg,labels/synthetic/syn_syn_003437.txt,147ca3717819727258043591373817b092c784ec982c671ba3a3429e02482fb4,f7be41f881f344e018f5e55d9504f16d7132b8c12140be52065f9bcd4bd4937c,ffb7903c38eca662
syn_syn_003452,syn_syn_003452.jpg,mendeley_synthetic,True,syn_grp_0823,train,2,"[3, 9]",images/synthetic/syn_syn_003452.jpg,labels/synthetic/syn_syn_003452.txt,bc00c317751769a96df7eeba1249f1e02dabc2cac6eb0d58609fe94e312a1ab6,e45db23ac7bec86c259b5664b68059155fd7c012b079e37cb946bbb59938fd79,1e0c80e0e0f0fc7f
syn_syn_003456,syn_syn_003456.jpg,mendeley_synthetic,True,syn_grp_0824,train,1,[5],images/synthetic/syn_syn_003456.jpg,labels/synthetic/syn_syn_003456.txt,14d41a1ae6db0f8e5cac43c05594494dcdabaed733933d37012e05941918b8e7,1b7e38e29851f3027fa5fef15ebe88afdb999e31c0f607c3e7a529a3433137e6,00000018383cfeff
syn_syn_003474,syn_syn_003474.jpg,mendeley_synthetic,True,syn_grp_0825,train,1,[0],images/synthetic/syn_syn_003474.jpg,labels/synthetic/syn_syn_003474.txt,b1c03189d82fd8ac7c58327febc94f5c42d37b702ef3a42e4bb9217412ddbbee,d1896465e5e22969c71382f8bff0dfc7ff8ce887cf882141b003ad405aeb2951,e6e6e4e4e4ececec
syn_syn_003479,syn_syn_003479.jpg,mendeley_synthetic,True,syn_grp_0826,train,6,"[0, 1, 4, 7, 9]",images/synthetic/syn_syn_003479.jpg,labels/synthetic/syn_syn_003479.txt,bc8840df22ee9c75c28159a30a2e549e35da5ef6ef02f44ffc09625465811987,ff94f5ef072266aed3db72161b953c78ea0014203a38efc273932250710e3b40,0f0f03070f0d0903
syn_syn_003484,syn_syn_003484.jpg,mendeley_synthetic,True,syn_grp_0827,train,4,"[2, 7, 9]",images/synthetic/syn_syn_003484.jpg,labels/synthetic/syn_syn_003484.txt,6eec45c35b59c719436947ad5871d5d589c7f23b934cd5d2399036647eedbd73,c1fa99123cf66d6685264d75187886463b9c8b8f93a4857c26f9d1dfe89ea7fc,7f030107070f3f1f
syn_syn_003499,syn_syn_003499.jpg,mendeley_synthetic,True,syn_grp_0828,train,5,"[0, 2, 4, 9]",images/synthetic/syn_syn_003499.jpg,labels/synthetic/syn_syn_003499.txt,f6f055fe0f405b2a6ac442c5997b90a8c711bfd1761b79327e30208057ad42d9,b169552a21ee60b6e61a724739b348b4e6e4a834b38c5f0faa03207a915d7967,e0406f37fefefc4c
syn_syn_003514,syn_syn_003514.jpg,mendeley_synthetic,True,syn_grp_0829,train,5,"[0, 1, 4, 6]",images/synthetic/syn_syn_003514.jpg,labels/synthetic/syn_syn_003514.txt,b82ef6a07ffdaf39144ee8a069e8000fc05003029ca210b7db35c0e604fd875c,29c84ec7af24a011a7499e468856387748ac0e0531c5ad71a653bd3541742c5e,60f05e7f7f8e0600
syn_syn_003534,syn_syn_003534.jpg,mendeley_synthetic,True,syn_grp_0830,train,1,[1],images/synthetic/syn_syn_003534.jpg,labels/synthetic/syn_syn_003534.txt,6a43128611ec2137181a9a2c6d39e7db9c6735efbd6c60fd96b2edb74a02c850,4f357cc1446e700a461011900274e726b9f1ca3c444679884b0d95d287eb4445,3460c1c1e1fbf2f2
syn_syn_003545,syn_syn_003545.jpg,mendeley_synthetic,True,syn_grp_0831,train,5,"[0, 3, 5, 9]",images/synthetic/syn_syn_003545.jpg,labels/synthetic/syn_syn_003545.txt,b2187d507c7245fc94e7567e325cac88b92eda37347e49bdfe6cd5d326f8b35c,981886957b42aeac44e0463ee5f5884326855a4cc31a4d8667d374699da1eb96,0f0f2f67677d4c4f
syn_syn_003547,syn_syn_003547.jpg,mendeley_synthetic,True,syn_grp_0832,train,1,[1],images/synthetic/syn_syn_003547.jpg,labels/synthetic/syn_syn_003547.txt,c4c6434e14749687513d43b25d784d89c622ffd641a20498a2607ba04bdc9ce7,a0ad374f6cf1c880a2498fbf966f236c71ef74e9019b3bae90c48ee47dd7abd6,03078f0f0f1f0303
syn_syn_003548,syn_syn_003548.jpg,mendeley_synthetic,True,syn_grp_0833,train,1,[6],images/synthetic/syn_syn_003548.jpg,labels/synthetic/syn_syn_003548.txt,96e21428666c73128620e5eb7f1db95dbbdcb9b072ad12908ea58c27a221d9bf,b1768a296da6c38a7e4e04ca20167d017b659b73854d6f7492c074dd9c2e02a8,00003c79fffffffe
syn_syn_003549,syn_syn_003549.jpg,mendeley_synthetic,True,syn_grp_0834,train,6,"[2, 3, 5, 7]",images/synthetic/syn_syn_003549.jpg,labels/synthetic/syn_syn_003549.txt,431f740612e508ceaa66b4ff25843f08234e96518acfc8bfd1d94388fa46463f,c8986276dabe459a45c3d9333a2e38d2118cc3d9d2cd86172948debc91707f29,04040c3eecfcfefe
syn_syn_003551,syn_syn_003551.jpg,mendeley_synthetic,True,syn_grp_0835,train,4,"[0, 2, 6, 7]",images/synthetic/syn_syn_003551.jpg,labels/synthetic/syn_syn_003551.txt,5240b98325a267adc7cea3d3236cd47d7e6baeca425f3a5bcfd693dd7efc4cc9,4c568fa7d39636be8da6648b53bb1b0ba4e565b1f66677aadd5538202618db0b,3f7f0f163670390f
syn_syn_003576,syn_syn_003576.jpg,mendeley_synthetic,True,syn_grp_0836,train,1,[0],images/synthetic/syn_syn_003576.jpg,labels/synthetic/syn_syn_003576.txt,d28e14957a202e72cb92762b53f677c0640e3f23c3fed78f9fd2468e0a9294e2,4ef1c84d145de0a5bb7ea3dfbb68c065bc1cb2ed3183470a4a696416db77ea53,046464043c7e7e7f
syn_syn_003604,syn_syn_003604.jpg,mendeley_synthetic,True,syn_grp_0837,train,5,"[0, 1, 4, 5]",images/synthetic/syn_syn_003604.jpg,labels/synthetic/syn_syn_003604.txt,f77e86e5c1910ab2b584e34039b4158f417db9b2c07a5f8f963d4976c24e3b10,5849ea2dcc74199e4f9b79a328aa41da0faa73ab4da26f73fb393d882835c6ce,3b3b191838f8f8c0
syn_syn_003611,syn_syn_003611.jpg,mendeley_synthetic,True,syn_grp_0838,train,5,"[0, 2, 4, 7]",images/synthetic/syn_syn_003611.jpg,labels/synthetic/syn_syn_003611.txt,55bbe8d9ab4c522997434069a9fdd30b7716ef76e9baef6715a084e788bdcefb,f14f8122b77d13ed41db758710a2387e2eafda5de8802d4516b86cc3f75df189,fcf0e2c0dcfcd8d6
syn_syn_003616,syn_syn_003616.jpg,mendeley_synthetic,True,syn_grp_0839,train,2,"[0, 3]",images/synthetic/syn_syn_003616.jpg,labels/synthetic/syn_syn_003616.txt,dd5a33b4ba1c9d19a69c5cd68cfd3e2aa2b12c967c052d24b8583bb2300ad553,9813369c4a1edae84789e1924712dff2f7628eaae9475570457048e1af406140,00027ce4cf7f7f7f
syn_syn_003633,syn_syn_003633.jpg,mendeley_synthetic,True,syn_grp_0840,train,1,[9],images/synthetic/syn_syn_003633.jpg,labels/synthetic/syn_syn_003633.txt,5d38103035fc7626b79879027686a91467053576ddf1a32053d4f963b55b4ff1,70b3f749044461fa51b1c28d23c9bc05bd4bbcdc7f697aeafb027705d5b17b31,f0f1fffc70800000
syn_syn_003634,syn_syn_003634.jpg,mendeley_synthetic,True,syn_grp_0841,train,3,"[1, 2, 7]",images/synthetic/syn_syn_003634.jpg,labels/synthetic/syn_syn_003634.txt,51cea47d0751f39f9f58178110983adc27f78b63df4dee08e5914e559d43995e,6bd3468473880500af8c91e9258b4bdc9856692b53a78850796b2f972ed04c44,8f8f8f9f8787c0e0
syn_syn_003641,syn_syn_003641.jpg,mendeley_synthetic,True,syn_grp_0842,train,4,"[0, 1, 4, 6]",images/synthetic/syn_syn_003641.jpg,labels/synthetic/syn_syn_003641.txt,c8e301951c844ea64e8e20a5dd4c53fb64e0bf38a63f3608fae29e6e790dc3a2,74727656e556bd8b72b81c2095b2bbf36d8d28e2c57fdaa5cda739718aa42454,0109f1e39f377f7f
syn_syn_003650,syn_syn_003650.jpg,mendeley_synthetic,True,syn_grp_0843,train,4,"[2, 3, 4]",images/synthetic/syn_syn_003650.jpg,labels/synthetic/syn_syn_003650.txt,b6c9fd1deeb99311dd86a3e0a148be8e761ec83769b4ae6fd418780810be7242,4f9d9bd1aaf109f31f9a436d13d0ed34ec945dc050004e13c4e4a525a88855df,ffff7b16d6070000
syn_syn_003652,syn_syn_003652.jpg,mendeley_synthetic,True,syn_grp_0158,train,3,"[1, 3, 6]",images/synthetic/syn_syn_003652.jpg,labels/synthetic/syn_syn_003652.txt,6dd8a15f4ebe971366694b44dc60d863aa63c8a2c9fba660d3cb30b080357a1f,d18e0497acac36148c333e734bf5ed7157aa12ab1b73630293de0b571f6ccc67,1b1fbef9fdfbefee
syn_syn_003655,syn_syn_003655.jpg,mendeley_synthetic,True,syn_grp_0824,train,5,"[1, 5, 7]",images/synthetic/syn_syn_003655.jpg,labels/synthetic/syn_syn_003655.txt,f1c2f5da6345f2f3bcf0d6ba54116ec6badaec411da8ea1fdb6b66dd7b60b0b4,38548d1a249511296952ea7de57aac0fa69417d113b375f4aab95dc1ec86e5bb,0000000c383dffff
syn_syn_003662,syn_syn_003662.jpg,mendeley_synthetic,True,syn_grp_0844,train,3,"[4, 6]",images/synthetic/syn_syn_003662.jpg,labels/synthetic/syn_syn_003662.txt,9b94cf8551c2c87aaea24cdd878ec6ed497bbc5d93c98e01e37587b71455bf19,524ecf7130f84a187a958122c941becd0b229653abde6fba126df002c34f3a39,1f1f1f0313391f1f
syn_syn_003668,syn_syn_003668.jpg,mendeley_synthetic,True,syn_grp_0845,train,4,"[2, 3, 4, 5]",images/synthetic/syn_syn_003668.jpg,labels/synthetic/syn_syn_003668.txt,5a06dade5e6f1ab6c098791ea71160626923754bd49cd4512ceeb238570b4cdd,05931ddbfa1ee2e513f5ce2f17775ad2a1e8fa680c177ff9ad25d842f4b150b6,e0c0d0e1f092f0ff
syn_syn_003672,syn_syn_003672.jpg,mendeley_synthetic,True,syn_grp_0846,train,5,"[0, 1, 2, 3, 7]",images/synthetic/syn_syn_003672.jpg,labels/synthetic/syn_syn_003672.txt,33853873aa34ed1bb700c10caa325429c71167c03cd76ecb375dee11e857eda7,405b350b07ac403e5c08834aa0b194b4b3f03238891051524120c9e2700c9f70,47070075778c0606
syn_syn_003673,syn_syn_003673.jpg,mendeley_synthetic,True,syn_grp_0847,train,1,[2],images/synthetic/syn_syn_003673.jpg,labels/synthetic/syn_syn_003673.txt,a9d6f07280c6e7fc56d57ee00ce95d03638ea11d4968ffdd7d3c5f7a6e00a685,ccab6ccee652434aefcf8ee5cfa3a94f15f31c0db3fb3a8ae14b6f07f14fad9b,010d0fc3c01f1fbf
syn_syn_003674,syn_syn_003674.jpg,mendeley_synthetic,True,syn_grp_0848,train,4,"[0, 1, 5]",images/synthetic/syn_syn_003674.jpg,labels/synthetic/syn_syn_003674.txt,a3a6995917968bc08e8d048b52aa38569c8bc1a5a436a4475ec3541ab5c4835f,b93a82c2b0ac66eb72b7c288129bfa4fb02da3c432d381ad1ece81ebc5409999,f2faf8f0d0c0c084
syn_syn_003700,syn_syn_003700.jpg,mendeley_synthetic,True,syn_grp_0849,train,2,[2],images/synthetic/syn_syn_003700.jpg,labels/synthetic/syn_syn_003700.txt,6b53528302f0c127344d069069192be48c64d1f5aaffb8c3f0dfd262c67184ef,8705db44106b657de22e9cc436453d627e786470f0e2265777c3622ce1081146,00100000337f7fff
syn_syn_003714,syn_syn_003714.jpg,mendeley_synthetic,True,syn_grp_0850,train,5,"[0, 1, 3, 9]",images/synthetic/syn_syn_003714.jpg,labels/synthetic/syn_syn_003714.txt,5942c2b1ca20b0e36a630ff6fa7a3cdb017abb2fc8ce5e589be7f1b10b34b9f4,b20ae8107aeba7a5213e766da5959e5b2682a0d181bdbe09c17ccddb83080e0c,030303070f0f1f3d
syn_syn_003733,syn_syn_003733.jpg,mendeley_synthetic,True,syn_grp_0851,train,4,"[0, 3, 5]",images/synthetic/syn_syn_003733.jpg,labels/synthetic/syn_syn_003733.txt,24df9c4c5346983e3472b785b1884e3c4ba5000a94fbff9da0fb8d248ae50685,9ed25b49154f1f9e8b7c752d88c7e5def0c997b6b6ee82146eac86d9491bb3ed,fff94000008f8f1f
syn_syn_003737,syn_syn_003737.jpg,mendeley_synthetic,True,syn_grp_0407,train,3,"[0, 1, 4]",images/synthetic/syn_syn_003737.jpg,labels/synthetic/syn_syn_003737.txt,efbbf3be555e855240373c639023e938359ae2e0a9b6922c333f98861fe7c3ae,b4370fc83ca63716e1e53d95c41fbcc5439528d77d4d3ca44e0ac8cdb7b8819c,c9dbdece22f9cba4
syn_syn_003751,syn_syn_003751.jpg,mendeley_synthetic,True,syn_grp_0852,train,2,"[0, 6]",images/synthetic/syn_syn_003751.jpg,labels/synthetic/syn_syn_003751.txt,f2745164e74e75caeab8a5df70b9076cdd8e676f14a2f86a9669bc5d6ed1a434,e9923f7722574c9e64bef13533d819d95c769dd1bb23ac4e9330f079a461494c,104004bf7fb0c0c0
syn_syn_003779,syn_syn_003779.jpg,mendeley_synthetic,True,syn_grp_0853,train,5,"[0, 3, 4, 6, 7]",images/synthetic/syn_syn_003779.jpg,labels/synthetic/syn_syn_003779.txt,6d84fa7e0377aa7c8b0f9caa9a653796e8c955bf1d754cb4699a165edcc50e42,71c0d0acc3f9c8c078ba6840f2514d49bb0ed5711444b33ef668a5b4616fcdaf,04121b1c183b3b20
syn_syn_003819,syn_syn_003819.jpg,mendeley_synthetic,True,syn_grp_0854,train,3,"[0, 3, 4]",images/synthetic/syn_syn_003819.jpg,labels/synthetic/syn_syn_003819.txt,5d88957b0a0de72e718ad55d7a56066b986b9efdaec939d68b3f972ba281aebe,0afdeca563a1737fba5917339f5cbd1b6abc0564d473b47b8bc72114aa738af6,083c3878f0f3777f
syn_syn_003828,syn_syn_003828.jpg,mendeley_synthetic,True,syn_grp_0855,train,1,[7],images/synthetic/syn_syn_003828.jpg,labels/synthetic/syn_syn_003828.txt,559c3085457211cddd15362f7fb6f567d015604fbe2a6b474a860880893507ec,2c820bd1aa4da25019655b38a1b2ea3c00abd3a9a85878a2be1fccb6a9c9f1f1,563fdfe73f032004
syn_syn_003849,syn_syn_003849.jpg,mendeley_synthetic,True,syn_grp_0856,train,1,[7],images/synthetic/syn_syn_003849.jpg,labels/synthetic/syn_syn_003849.txt,9202ca70ea50305da0374b2d7fcca9f192b43348707986068124a6d229caf471,25b6fa7728a551d0ed2da8a654feec1f1f8a1328d34e8487a8d8b4bc9f7c6f31,1b181c1c3f3f3f3f
syn_syn_003850,syn_syn_003850.jpg,mendeley_synthetic,True,syn_grp_0857,train,3,"[0, 1, 9]",images/synthetic/syn_syn_003850.jpg,labels/synthetic/syn_syn_003850.txt,f80005057a12a6761b1253854ac734cc1c45b32f0735f330e1f95c0c1864e88a,0fb9bd0e4431354374f95ecd94daf85fcb3d1a69f18ff2652eccbf65f0fb9acc,f378f0f0f0f0f0f0
syn_syn_003867,syn_syn_003867.jpg,mendeley_synthetic,True,syn_grp_0858,train,6,"[0, 1, 4, 6, 7, 9]",images/synthetic/syn_syn_003867.jpg,labels/synthetic/syn_syn_003867.txt,f9de12ffc0111eca95348f45b22c588bb12194dfcd61a3fc6c9eee5ac9661ed1,2c44ab95956f4e4fd8da25759e9b7d85f072ae2d9ed06faa7a726db8890933bb,0028070f0f0e0e04
syn_syn_003872,syn_syn_003872.jpg,mendeley_synthetic,True,syn_grp_0859,train,6,"[0, 3, 5, 6, 7]",images/synthetic/syn_syn_003872.jpg,labels/synthetic/syn_syn_003872.txt,cb5e03e76a75644c7cd50950cee840f00736a0d339da681c4427ea5b7520195f,6164c3205ffd1403f607fa57af52a1aeced388ad102cf5f8d0106c6bf624d4c2,3f010f3f37393f7e
syn_syn_003877,syn_syn_003877.jpg,mendeley_synthetic,True,syn_grp_0145,train,3,"[1, 4, 7]",images/synthetic/syn_syn_003877.jpg,labels/synthetic/syn_syn_003877.txt,8097eb5df51345cfee15882c432c255cd25ab475df1af5e0d4c9d3dbc1b19c28,5c320cda897e47149e40b013d244974d76bedb8bc3454b38e2b5e0b56496c076,0f0f0f0f0f0f0f47
syn_syn_003911,syn_syn_003911.jpg,mendeley_synthetic,True,syn_grp_0860,train,1,[7],images/synthetic/syn_syn_003911.jpg,labels/synthetic/syn_syn_003911.txt,60f9e622c79a9180c11bd3889b04c133f43da373a671bfea661f47a7a8cfc5b4,6b75821e761f9fda295d2530bd6e30d8746ce173ae2b49bde21625eed68ae1bf,ffe0e0e0e0e0c0c0
syn_syn_003929,syn_syn_003929.jpg,mendeley_synthetic,True,syn_grp_0771,train,3,[1],images/synthetic/syn_syn_003929.jpg,labels/synthetic/syn_syn_003929.txt,d1803282848abb6149166842ba65fe884b4c175457a9b3c5a81f2be971e58d5d,6ffbc962ebc23705b6823843852e85941cf340b117a3d98b94239f82c5776a5c,7ffcfffe00000000
syn_syn_003944,syn_syn_003944.jpg,mendeley_synthetic,True,syn_grp_0861,train,5,"[4, 5, 6, 7]",images/synthetic/syn_syn_003944.jpg,labels/synthetic/syn_syn_003944.txt,214fba04ef0ebf77011ed71c619af787af5c1f298fcd7f3952fc0763d09fc92f,0b1a0b05bc4b1c35f326f5de16ff2cb73d9d75d211f43d316b242680c859c9bb,1703404607070f8f
syn_syn_003953,syn_syn_003953.jpg,mendeley_synthetic,True,syn_grp_0862,train,2,"[2, 4]",images/synthetic/syn_syn_003953.jpg,labels/synthetic/syn_syn_003953.txt,7d9b9234306e013f01a52883680f7fb08c5af474e9e5405397068be8d2cbc202,69f969aad2c411de6e8909fdb7db982be0b34332b98deb57fb90830b22332d45,f060888ab2f4b1f0
syn_syn_003956,syn_syn_003956.jpg,mendeley_synthetic,True,syn_grp_0863,train,2,"[2, 3]",images/synthetic/syn_syn_003956.jpg,labels/synthetic/syn_syn_003956.txt,4fbbdae3d01617c832347914d8d060c6fd177aead169c46100802b67e0322a3e,27cdafb155d0224342632b337fe8b13faa87d0fc586a9ab6948cbcbbcd1bc121,0061f7f8880e8f8f
syn_syn_003971,syn_syn_003971.jpg,mendeley_synthetic,True,syn_grp_0864,train,1,[9],images/synthetic/syn_syn_003971.jpg,labels/synthetic/syn_syn_003971.txt,8d3d589d4e964a2a8cf9b77c214031bdd19f1a53fc23a5b2521c07adc7847fe1,afa20386fa6ac83f4ea6cd65243d810cda5fb8f301f1d8bafb27c6dc3bba6a7b,230058ffffedf8fb
syn_syn_003989,syn_syn_003989.jpg,mendeley_synthetic,True,syn_grp_0865,train,6,"[3, 5, 6]",images/synthetic/syn_syn_003989.jpg,labels/synthetic/syn_syn_003989.txt,2a0480ccb74461f824b50709651c421292a71703152128798298de860cd7702f,379f254150ffbce53abeba4bc15aa9b0495dec2539135f7fa6f595165036c3e5,1e1f0f1a3a3f0f00
syn_syn_004006,syn_syn_004006.jpg,mendeley_synthetic,True,syn_grp_0866,train,5,"[4, 5, 7]",images/synthetic/syn_syn_004006.jpg,labels/synthetic/syn_syn_004006.txt,c368e7ccaa70eb71f026ae4aeb2526ae971b70a96ea57d76a3dd7dab8b79e80c,1a3ac2d4cad602ad3a598c4682f3c7fd20b5b8d332967397ee9c5034e6c9e9ea,0e014037966ee485
syn_syn_004009,syn_syn_004009.jpg,mendeley_synthetic,True,syn_grp_0867,train,6,"[0, 1, 3, 4, 5]",images/synthetic/syn_syn_004009.jpg,labels/synthetic/syn_syn_004009.txt,57ff6a787ac6d3bc8e4ab77a2a5129e8a217ab6427783bc84714a754ada0392c,27541760a35a100f51e0f5304d7c114c56c15c5f9b07bedcbb47b4395da15087,3f271b3f39391100
syn_syn_004017,syn_syn_004017.jpg,mendeley_synthetic,True,syn_grp_0868,train,3,"[5, 7, 9]",images/synthetic/syn_syn_004017.jpg,labels/synthetic/syn_syn_004017.txt,88a7e70eb61787bf7dc0698374f3b18606fcd21615debd3a8fc17e04c3e73038,a65ce2f768e3ee00904e692673284c37008d5cdc8cbb962038af0b8e0a9e53e9,cf8f0f0f0f030101
syn_syn_004020,syn_syn_004020.jpg,mendeley_synthetic,True,syn_grp_0869,train,1,[3],images/synthetic/syn_syn_004020.jpg,labels/synthetic/syn_syn_004020.txt,de06f68d28e45b1d63d4c35f809fabce244f840ba8ca43d89f97f633fb1f405e,30e387e8cf3341fc6e67a49c8c3885d430a1be051fc92aacac723c2070d45609,20021edc3cd68000
syn_syn_004026,syn_syn_004026.jpg,mendeley_synthetic,True,syn_grp_0870,train,5,"[0, 2, 4, 7]",images/synthetic/syn_syn_004026.jpg,labels/synthetic/syn_syn_004026.txt,b7df31b43018ad787348c0294065ee9bd5812b57d5a63449ec45aace4bd92caa,1c738911517cacc5cf4f33c617c12eea7b763c1d9fe5c822c27c4dd78d01e566,70e8f8f0f8080000
syn_syn_004032,syn_syn_004032.jpg,mendeley_synthetic,True,syn_grp_0871,train,5,"[1, 2, 3, 9]",images/synthetic/syn_syn_004032.jpg,labels/synthetic/syn_syn_004032.txt,f16d8c86280329dbdfa7e523182d2397b9ee012d17028e97f423a07af6aaf32a,0f9bb38349fac2b6ddad59afa8bbf4a40adc278dc7fb2fc14a79a27fb6310b22,ff3e3fe718181800
syn_syn_004043,syn_syn_004043.jpg,mendeley_synthetic,True,syn_grp_0872,train,2,[5],images/synthetic/syn_syn_004043.jpg,labels/synthetic/syn_syn_004043.txt,e9f0aa721ac13a7d7e60a30359887982891e6d7cff5faf48ba4e5f91c5729193,43c665c94e5cf9c66bae93d90f45a91708bc8470293c7c66de531801a750f6eb,9f7f3f07171f0f0f
syn_syn_004056,syn_syn_004056.jpg,mendeley_synthetic,True,syn_grp_0873,train,4,"[0, 2, 3, 6]",images/synthetic/syn_syn_004056.jpg,labels/synthetic/syn_syn_004056.txt,e637bb8dfe7b08a32513a2b9373534c540bb4d0805ddc6af8845e927617f149c,237327a633bc352faf92cdcc565ded2bf1b344bec3e2741ea6fc971e98864eb1,ffc3cba783cf880f
syn_syn_004062,syn_syn_004062.jpg,mendeley_synthetic,True,syn_grp_0874,train,4,"[1, 3, 6]",images/synthetic/syn_syn_004062.jpg,labels/synthetic/syn_syn_004062.txt,6499d8e31abf1e7b247f2b113720949969d553123f08c2499eec7ff49096a63a,2eddfbe45f9b5e91222d918ce3a96af7e6cc75ef0810f6e213e1cc203407f606,110140f8fecfc11f
syn_syn_004063,syn_syn_004063.jpg,mendeley_synthetic,True,syn_grp_0875,train,1,[6],images/synthetic/syn_syn_004063.jpg,labels/synthetic/syn_syn_004063.txt,cf4763813fa7d3fbfcb79a2208d525950751b4bd382f92294df1e362130f0d71,e6c9b92f77de1ad72748fabf722b96cef47f0160b5db6b07c0b97124d7294f03,1038383838ffcf05
syn_syn_004084,syn_syn_004084.jpg,mendeley_synthetic,True,syn_grp_0876,train,2,"[0, 9]",images/synthetic/syn_syn_004084.jpg,labels/synthetic/syn_syn_004084.txt,361a1309154e2c3adb5038b86d10f810f32be2f06b9651ce744c78498fd87691,31a650e38dbf8c5f51debe561bb5e15f103973548029800dd994a93102874377,cbff9f02231bded8
syn_syn_004104,syn_syn_004104.jpg,mendeley_synthetic,True,syn_grp_0877,train,5,"[0, 1, 2]",images/synthetic/syn_syn_004104.jpg,labels/synthetic/syn_syn_004104.txt,443dbe682318f9fe6aacf639b4680c5d98750d502b300487e7d54bd95b731cec,48aa9762964833bb1840424e43420acba833ee8022a5f1e177782697fe7a5d27,083e3e1c18000000
syn_syn_004109,syn_syn_004109.jpg,mendeley_synthetic,True,syn_grp_0878,train,2,"[0, 9]",images/synthetic/syn_syn_004109.jpg,labels/synthetic/syn_syn_004109.txt,935dab2a026e4ac8c33fe7fbfad3f56abb88efb1ea527edb47e8e87c1c96649d,1997ac687f33f931481588fff92910f09d19088329a71a8de8956d2f0e2fc1d1,e0e0b0f8f0f0b0f0
syn_syn_004117,syn_syn_004117.jpg,mendeley_synthetic,True,syn_grp_0879,train,2,"[3, 6]",images/synthetic/syn_syn_004117.jpg,labels/synthetic/syn_syn_004117.txt,c9fedc7e2ab80bb0a99663aaaae43d6b8fb897de558281142794c72aa9a37d0d,71380f954b8fd611cb129ca7230820cd727ed5efac97d1744847af77739f5ef7,e0d090101fe7f7ff
syn_syn_004118,syn_syn_004118.jpg,mendeley_synthetic,True,syn_grp_0880,train,1,[3],images/synthetic/syn_syn_004118.jpg,labels/synthetic/syn_syn_004118.txt,017e5b4a00ac3ca792680937298769b0701cfa5875bb17badf85fe859ea7d17c,e0c038bea586f622819ac58cc8dd483a3a4a5c331ba4e33b407dbd42fe6a071d,94302074ceef67b7
syn_syn_004122,syn_syn_004122.jpg,mendeley_synthetic,True,syn_grp_0881,train,3,"[1, 2, 5]",images/synthetic/syn_syn_004122.jpg,labels/synthetic/syn_syn_004122.txt,9a9ea7d569463782e957bb414868967d9a19bd2a5b0b84cae9af744dc5652c80,1ce268eacee6b18423af0cb21ad624d3d2ef0eafc0b8308fc7b4e41b26104928,1e0f0f4f67270301
syn_syn_004126,syn_syn_004126.jpg,mendeley_synthetic,True,syn_grp_0882,train,3,"[1, 6]",images/synthetic/syn_syn_004126.jpg,labels/synthetic/syn_syn_004126.txt,05473e684d8c27e0bdc2ee7ef7aff4d0f4a601516dff7ac8489c333f0644fd2d,4f295151bd1bc1ae7b14c81fd8fdbaaac33a998126f13429141339ab9d73bd27,f8f8f1f1f1ec0000
syn_syn_004136,syn_syn_004136.jpg,mendeley_synthetic,True,syn_grp_0883,train,2,"[2, 5]",images/synthetic/syn_syn_004136.jpg,labels/synthetic/syn_syn_004136.txt,01c5c1917034620f7c346f00674de5df2bf5b009554a2c3851f740f09de26ad5,c8d4afd38e03f7f490a4e090e14489568f4aa940143ae9b6e7e3b4e066c86ff3,88002d7ff8c8f0f5
syn_syn_004147,syn_syn_004147.jpg,mendeley_synthetic,True,syn_grp_0638,train,4,"[0, 1, 3, 7]",images/synthetic/syn_syn_004147.jpg,labels/synthetic/syn_syn_004147.txt,c7acb68842b45fdc6681717c9e7b5530e66ce46ce83ad9a249da937ef7314e81,eb03f0309f6ea7d2ee3df8615db140aafa4f8681ea24262d8e0fd0a3d27a5264,8080c0ffffffffff
syn_syn_004160,syn_syn_004160.jpg,mendeley_synthetic,True,syn_grp_0884,train,4,"[0, 1, 2]",images/synthetic/syn_syn_004160.jpg,labels/synthetic/syn_syn_004160.txt,55980771699bfc9c7fcf5a4011b0555c7994f8ff2eb9a2e06f232ee1af705d73,933931aae332ac6b6c2f66ce43c45de1de1d55369f476a446049d09dc2c7f5cd,af26c695a1e0c0cd
syn_syn_004162,syn_syn_004162.jpg,mendeley_synthetic,True,syn_grp_0885,train,3,"[2, 7, 9]",images/synthetic/syn_syn_004162.jpg,labels/synthetic/syn_syn_004162.txt,1113749255b9bc0684fdb402677b3484f756477b460a3d3cd53104589e3c8b4c,064406ca60c271df8e71c32e5f8234cc913f26d328da9e91a5b5636d21bf4779,c8dcf8f8fff200ff
syn_syn_004164,syn_syn_004164.jpg,mendeley_synthetic,True,syn_grp_0886,train,1,[9],images/synthetic/syn_syn_004164.jpg,labels/synthetic/syn_syn_004164.txt,22526ab441150d79b8bfba9af3e44a772a78353cc822aeabdc01eb86567db96a,283eb40910f98a5d9d421b26dda8cbaa29d76ca87cf8845de11ac1e368bafee5,80c080d8f8f8f0f0
syn_syn_004167,syn_syn_004167.jpg,mendeley_synthetic,True,syn_grp_0887,train,3,"[2, 3, 7]",images/synthetic/syn_syn_004167.jpg,labels/synthetic/syn_syn_004167.txt,b17b62cf8cbb16144ad9b53f3b42b44b1dd471cda2b70186833f05abe6a9f4c9,7ff6d4fe9b43597def48eebb5785ca0a542cf5d836ed6f2edd1209ce75d75430,0100881c3e3f1d0c
syn_syn_004171,syn_syn_004171.jpg,mendeley_synthetic,True,syn_grp_0888,train,5,"[0, 2, 3, 9]",images/synthetic/syn_syn_004171.jpg,labels/synthetic/syn_syn_004171.txt,0501399259e452d27d74eb51c6e3713027e5e6f0f83d6da03dc34d5ee843729f,168552359fe734335d75df5eb46d5eefe01592a676eec55b22f73d85c6a68a86,e7e7f7e7c7430700
syn_syn_004199,syn_syn_004199.jpg,mendeley_synthetic,True,syn_grp_0889,train,2,[7],images/synthetic/syn_syn_004199.jpg,labels/synthetic/syn_syn_004199.txt,61d1f0fbb7b644e897d5735c479928b403977581e46e18dbaf7123563acd9bbb,6e244de02498206c32e5deed9e85928e2e8bdbd6523c222cbba012a14bfabd2e,fffffffffcf8e000
syn_syn_004201,syn_syn_004201.jpg,mendeley_synthetic,True,syn_grp_0890,train,4,"[0, 5, 9]",images/synthetic/syn_syn_004201.jpg,labels/synthetic/syn_syn_004201.txt,85ace694f6a7ca9bb91220f4d3e463128a48db604c9a81f2c906e5168534dd5c,b7711b8ad7248bcf5716cf7fd49a1cdb3eafc2fece3148d9b09d75a63fa7715d,00001c3e3f0382f0
syn_syn_004203,syn_syn_004203.jpg,mendeley_synthetic,True,syn_grp_0891,train,2,"[1, 9]",images/synthetic/syn_syn_004203.jpg,labels/synthetic/syn_syn_004203.txt,5d29ea78f2b4809a273cc2016f318919a2958c63ffe5935d2a4a8def250f1fc8,504c1b744cab994608ca516467bf46a5955618c865175da92682655c552210ea,2000903020a4bcfa
syn_syn_004223,syn_syn_004223.jpg,mendeley_synthetic,True,syn_grp_0892,train,1,[7],images/synthetic/syn_syn_004223.jpg,labels/synthetic/syn_syn_004223.txt,0dfee8147f60a3772eefc8e682253a895a9b690140b3e39b3719b01bda70e1e8,d7f2965a1bfe591320418742e3e8f7a0d729e006d0e7bdab763d0079b02e815a,b32343030f1f7f3d
syn_syn_004232,syn_syn_004232.jpg,mendeley_synthetic,True,syn_grp_0893,train,6,"[2, 3, 4, 6, 7]",images/synthetic/syn_syn_004232.jpg,labels/synthetic/syn_syn_004232.txt,bba82d690df4ebccd798e69a956882f7bf1956dfeeb03aebe4aebc9acbf9986a,ee1225de3635efe0824d733d356ed1b836b648fff2d29de1d20607c1609ee52d,6130300e1e1f3f2f
syn_syn_004240,syn_syn_004240.jpg,mendeley_synthetic,True,syn_grp_0894,train,4,"[1, 2, 6, 7]",images/synthetic/syn_syn_004240.jpg,labels/synthetic/syn_syn_004240.txt,5eb458111377829345914db575bfafff69644228db10b78c555708dab825ee6a,8215561bec75766cf94444064b1b92e5da0b3c1801b0dd129634b1e739f3a238,7f1f070000010000
syn_syn_004250,syn_syn_004250.jpg,mendeley_synthetic,True,syn_grp_0895,train,1,[7],images/synthetic/syn_syn_004250.jpg,labels/synthetic/syn_syn_004250.txt,ee0cf92a59b4023fd2f2cf476e69fb92a35b8a9022f405511469919e91bc030b,f599f926cc0c58cfa7370ae6e42953cb5f7386d497b28021c12724c4bd436484,808eb7f2f0c0bce3
syn_syn_004267,syn_syn_004267.jpg,mendeley_synthetic,True,syn_grp_0896,train,1,[0],images/synthetic/syn_syn_004267.jpg,labels/synthetic/syn_syn_004267.txt,ace45ca9928c8e627bed569082e4be7ea6609e03b1fc3a64e11a86d894238510,1a519d890a726b2e3ed1d8eecc21344850d597442547d5bbbfd4cdcf57b69883,0ec00c3f7e580020
syn_syn_004270,syn_syn_004270.jpg,mendeley_synthetic,True,syn_grp_0897,train,1,[2],images/synthetic/syn_syn_004270.jpg,labels/synthetic/syn_syn_004270.txt,25f5f4005702970a5eeb00d5f1099e02e2b3aec12c5edf33a403e8c35d83f2e8,4ffd39c60f59c8e0f0a1002990acdf6cc6163962fa4b0b1b38ca91a933d24cbc,4000181cbcb89810
syn_syn_004272,syn_syn_004272.jpg,mendeley_synthetic,True,syn_grp_0534,train,1,[1],images/synthetic/syn_syn_004272.jpg,labels/synthetic/syn_syn_004272.txt,592bd38ae8ace6ae1168c5a80fe098e64d2ea7fc8703d839568f945f3737196b,42a8f32b52095970531412a24727f48bdfab2784d7c429032dca4f7f76956239,171787c10341cc20
syn_syn_004293,syn_syn_004293.jpg,mendeley_synthetic,True,syn_grp_0898,train,5,"[0, 1, 6, 7]",images/synthetic/syn_syn_004293.jpg,labels/synthetic/syn_syn_004293.txt,8eba3955114cbd0eceaf7c16c5d04a9cb9ba8af5ead3f9991f5e6d636c5936ec,3aee426e1a4463052cd8068e54cfa7d79457dbc47fe1f7b2653c52d3ddaa4a60,fdf5fce478381808
syn_syn_004309,syn_syn_004309.jpg,mendeley_synthetic,True,syn_grp_0899,train,1,[7],images/synthetic/syn_syn_004309.jpg,labels/synthetic/syn_syn_004309.txt,139648f0e5f2a610290bdb04f6fa84ab319702a6054157c9950e9065acab1b2c,58e115889e4e4829da7377709ea0a0384f5b89a17dcfc02fe48ece872da630b3,d2d2e4e3f4f5f0e8
syn_syn_004310,syn_syn_004310.jpg,mendeley_synthetic,True,syn_grp_0900,train,6,"[1, 3, 5, 6, 7, 9]",images/synthetic/syn_syn_004310.jpg,labels/synthetic/syn_syn_004310.txt,9b18fc15d8c7d1c046d9e86ef15678881e27a3bb67cb6b47b42ab594d82614b7,ca91bcf02cd27e4e2c8537e273d235378b5c5dff29952f6c204345e791032678,3f3e40e0be26367f
syn_syn_004322,syn_syn_004322.jpg,mendeley_synthetic,True,syn_grp_0901,train,2,"[2, 7]",images/synthetic/syn_syn_004322.jpg,labels/synthetic/syn_syn_004322.txt,7112c7cdb2406cd644b1170f65ed437cc8d81e233219e1eb29c1b390b1383ea0,f9cf20c0ab7ae1091f0af48c4971b3af607a7234e436052bdde30cda71a52f3d,0d072335371f3f37
syn_syn_004331,syn_syn_004331.jpg,mendeley_synthetic,True,syn_grp_0902,train,3,"[4, 7, 9]",images/synthetic/syn_syn_004331.jpg,labels/synthetic/syn_syn_004331.txt,a27dddda84a3e1ca0132eff33bba3b0bacb13f5486741c97d3658bb27888e2b0,645f1321ae4466e9bfb32dc832d397f205d0ac0e0afeaead066cc8d88b3e8088,00001c4df3ffec00
syn_syn_004349,syn_syn_004349.jpg,mendeley_synthetic,True,syn_grp_0903,train,3,"[2, 7, 9]",images/synthetic/syn_syn_004349.jpg,labels/synthetic/syn_syn_004349.txt,32c43f1f2ea31ae073183a17420a4538b9ec3f1d5615a7f5ccb2105ce75805f6,5f1a44f685c698d9e42b581d95aa00f56bbe9f5c37d452640aea004314dfd047,f1f0dcd83d8c48e4
syn_syn_004350,syn_syn_004350.jpg,mendeley_synthetic,True,syn_grp_0904,train,2,"[0, 6]",images/synthetic/syn_syn_004350.jpg,labels/synthetic/syn_syn_004350.txt,4973618cde768a204a62051dd82af12eba2634025a7e5dcc54cd33df68542074,6eb8d6ff2a330fc976230508c426e0bdf8b32774d640114d92535ee8af9dd493,0000185eda61c39f
syn_syn_004356,syn_syn_004356.jpg,mendeley_synthetic,True,syn_grp_0905,train,6,"[0, 1, 2, 7, 9]",images/synthetic/syn_syn_004356.jpg,labels/synthetic/syn_syn_004356.txt,d45ab7c4cf53c5d1440f426dc20b2941ce1ff4f8171642acfd53688dc222166b,5f796a417a39bb114eefd13e8de281da56ab0c99e009b5d577000cab9b9c41da,070eccbcd8d840f0
syn_syn_004367,syn_syn_004367.jpg,mendeley_synthetic,True,syn_grp_0906,train,1,[1],images/synthetic/syn_syn_004367.jpg,labels/synthetic/syn_syn_004367.txt,c452bc7a90d38136124517e693f510de6218e683bef942323fa2fe216ceb3d04,e36069305db50461ccd946891e1b6669cbc57d7cf953c87f4359083245fdf08c,e3f3d37313239302
syn_syn_004386,syn_syn_004386.jpg,mendeley_synthetic,True,syn_grp_0907,train,1,[0],images/synthetic/syn_syn_004386.jpg,labels/synthetic/syn_syn_004386.txt,114340ed0a00d4d9caa33bac6d78c3e7baa7cd92112cff887174e2d40fa2e5c0,303177fb66e03ef7353be1dce3b316d6b0a117f9e0b5a15c37bc5cecc2a408bc,0000008164e3ffff
syn_syn_004392,syn_syn_004392.jpg,mendeley_synthetic,True,syn_grp_0908,train,6,"[3, 7, 9]",images/synthetic/syn_syn_004392.jpg,labels/synthetic/syn_syn_004392.txt,f3707f2321ba12c1d73290f9d590e505857e2de84ae85a2788cf076f68ee1c95,5c7dd2ca50f9bca0446d76967cf2c3720fff5ecd4e32b0bf932eea8c61dd1d5d,7f63434341e3e91f
syn_syn_004425,syn_syn_004425.jpg,mendeley_synthetic,True,syn_grp_0909,train,6,"[1, 3, 4, 6, 9]",images/synthetic/syn_syn_004425.jpg,labels/synthetic/syn_syn_004425.txt,0769103a5d9c315f9f03227c336bbe0e0ceaaa2bb4bf24c98b11972e80776a62,0e576b32dc307e6d18162e460ef63a9bafbb56d093b5ce641540a0438a523cd9,fd19273f3b300830
syn_syn_004427,syn_syn_004427.jpg,mendeley_synthetic,True,syn_grp_0910,train,2,"[4, 7]",images/synthetic/syn_syn_004427.jpg,labels/synthetic/syn_syn_004427.txt,42f012556f1a13ab3802068830ee54b0c05f3237565949dba3b94c77f1f60282,255543b56b691d88be837ae6ac8449cc9c0602f3515ca315c43f0df6010bf292,cfe721000832323b
syn_syn_004430,syn_syn_004430.jpg,mendeley_synthetic,True,syn_grp_0911,train,2,"[1, 3]",images/synthetic/syn_syn_004430.jpg,labels/synthetic/syn_syn_004430.txt,5b9653ef182a963c56e3d37c63faed0641046f6b4403cf0966b72a6eadf18e3b,804b40efe2f3756ef6c5fa6dc4d23bc3e53a651146eaa972b4e8502ad7fce03a,4f6f62f73e200808
syn_syn_004432,syn_syn_004432.jpg,mendeley_synthetic,True,syn_grp_0912,train,3,"[0, 1]",images/synthetic/syn_syn_004432.jpg,labels/synthetic/syn_syn_004432.txt,35d8e4104fca02c982f45ea05ac3f8e1de6b6a94886323f1d4f272241e02f338,05198b1dd8cf5c9569ae7fce09721768b98801412545728b82b28ec931a48dae,fce0883c3d464300
syn_syn_004447,syn_syn_004447.jpg,mendeley_synthetic,True,syn_grp_0895,train,3,"[1, 4]",images/synthetic/syn_syn_004447.jpg,labels/synthetic/syn_syn_004447.txt,7683fae632865b08b7836b962588ceb05376fada9f8504fb4498349f7e8c4e32,f4c9a6fa7ebff9975ffb003bbaa2ab7de9100c58643b8c7795b0a33beffae37c,808eb7b0f0c0bce3
syn_syn_004465,syn_syn_004465.jpg,mendeley_synthetic,True,syn_grp_0913,train,2,"[3, 6]",images/synthetic/syn_syn_004465.jpg,labels/synthetic/syn_syn_004465.txt,3e00f0273564b7b0648429114a7e641d08edbb1a46b2ff04caaee67bbc53b503,ce2121bc5046d791967fd316159721fce53af0a78f073cbfeefb0e2b057a5419,973e6240dbb369f7
syn_syn_004470,syn_syn_004470.jpg,mendeley_synthetic,True,syn_grp_0914,train,3,[6],images/synthetic/syn_syn_004470.jpg,labels/synthetic/syn_syn_004470.txt,52bc112d990edd1bd28a99a4e723659ae3dea1148dc55dcfb88a61862b9c6302,caafd1964ada11c298b2e620bece0007e32cca82be17158a273e097abe23e5c1,fefe7fffff3c3878
syn_syn_004482,syn_syn_004482.jpg,mendeley_synthetic,True,syn_grp_0915,train,4,"[0, 3, 4, 6]",images/synthetic/syn_syn_004482.jpg,labels/synthetic/syn_syn_004482.txt,4539f08cd9b59253d703feb5d32c8a7362e9dc8ebb8a643f27a96e985ead8ae6,00eb4ee8e3e37d40a29c8613a6a9b10f86ae8e612746983fc117169650cc49ed,c8c8d8b283cb4040
syn_syn_004493,syn_syn_004493.jpg,mendeley_synthetic,True,syn_grp_0916,train,3,"[2, 5, 7]",images/synthetic/syn_syn_004493.jpg,labels/synthetic/syn_syn_004493.txt,80ed6e73c410b565de456b9277b599aecb645b845724fb11e86f542bce262162,d0802e6731b1c34d664a6eb5b818d63b69f39606ac14bbe9ee21cf41d35ecf8e,7f3f1f0f07030000
syn_syn_004502,syn_syn_004502.jpg,mendeley_synthetic,True,syn_grp_0917,train,1,[3],images/synthetic/syn_syn_004502.jpg,labels/synthetic/syn_syn_004502.txt,830ba08b4afb727586aac1e7111034e9246cdcd596efb521a2e649231c844e5c,592d4d1cc5fd48fe59ad912066ddbcbe5d799da0d09de2eeb1742230b0a4cedb,fffffffcf0000001
syn_syn_004503,syn_syn_004503.jpg,mendeley_synthetic,True,syn_grp_0918,train,4,"[0, 2, 4]",images/synthetic/syn_syn_004503.jpg,labels/synthetic/syn_syn_004503.txt,14d1b4895296500bad6ae144e8b58d5aa8d62cf41ae7c8b83d6277eeecb5acf0,d395188cc0f36701fb754d7ebad55f87803198cb29de76dab5b64c9a1d1cd19d,02b6040dd0f801cc
syn_syn_004510,syn_syn_004510.jpg,mendeley_synthetic,True,syn_grp_0919,train,5,"[1, 3, 6, 7]",images/synthetic/syn_syn_004510.jpg,labels/synthetic/syn_syn_004510.txt,17de4b0ae20eb757d2f4fc30385bf4e70805e341e8479f916960ba4cb8616074,ef0fcfcfcc5e4968833da1bcac908009d437064da712e024ac09473dc28d05db,42fadbf7fff98001
syn_syn_004511,syn_syn_004511.jpg,mendeley_synthetic,True,syn_grp_0920,train,6,"[1, 2, 4, 6]",images/synthetic/syn_syn_004511.jpg,labels/synthetic/syn_syn_004511.txt,a19388b0988c7bfd8797203e3a6bd8e8a512d1f79c16c0983e76fc42e6473f21,d0a024337c0cb49352ed0f8d9cc732c3a210cfcf8451bb698aa46a18ce3249d2,1c181c7d3144767e
syn_syn_004513,syn_syn_004513.jpg,mendeley_synthetic,True,syn_grp_0921,train,4,"[0, 2, 4, 6]",images/synthetic/syn_syn_004513.jpg,labels/synthetic/syn_syn_004513.txt,411a58d9600cd448c942e4a3e4387a4c9fed9eaf2c46bc0f5aa6e09a6a8db806,14320fdf142dce388e178897d3f22c067b51d81fed221ff011bbc283420bae39,fe72f0e0e0e4f4c0
syn_syn_004524,syn_syn_004524.jpg,mendeley_synthetic,True,syn_grp_0922,train,1,[6],images/synthetic/syn_syn_004524.jpg,labels/synthetic/syn_syn_004524.txt,809a7e2b9ddbb9a57fa01cfc5babdfb112a888bd790b996857a75df7c0e457dd,6a2f7272f93cefe362c7390e348bcf51a11fdeacf246ccc361e345dbbf5e5321,0ec084873e38a066
syn_syn_004543,syn_syn_004543.jpg,mendeley_synthetic,True,syn_grp_0923,train,2,[5],images/synthetic/syn_syn_004543.jpg,labels/synthetic/syn_syn_004543.txt,7442849e4378ddfb2f9396c3cbcd90984967e17adc5feb284ce1c6d3afbf775d,45312d9480adc5fb0d2c0f0eb219f0bcb03459b88ffee9d7aed0308f0fab0dcb,e0f0f8fcfec6c2c2
syn_syn_004548,syn_syn_004548.jpg,mendeley_synthetic,True,syn_grp_0924,train,5,"[0, 1, 3, 4]",images/synthetic/syn_syn_004548.jpg,labels/synthetic/syn_syn_004548.txt,034ce4761b75efdefe65dde05095a21381b396b203f581f5000fa7520d7a2435,1b3db32530553c0468537754d45582d64e69a26d2ccdd97f8fb62c5cc7add0ed,020080f0fefcffff
syn_syn_004549,syn_syn_004549.jpg,mendeley_synthetic,True,syn_grp_0925,train,3,"[0, 1, 2]",images/synthetic/syn_syn_004549.jpg,labels/synthetic/syn_syn_004549.txt,a5706ce9ffd749dde6893700f577d74fbde8d72d135f82948a305b4a2e3790c3,29283a44a36bcdc91d938d5258e0ddc9136c1fb50576d5c53a1e9f7ba5e4304f,f8f8f8fcfcf8f8f8
syn_syn_004559,syn_syn_004559.jpg,mendeley_synthetic,True,syn_grp_0926,train,4,"[2, 3, 5]",images/synthetic/syn_syn_004559.jpg,labels/synthetic/syn_syn_004559.txt,0acd8a5dd1e2c31b3239d73f0eaf0d39380adebc0c94284c635ab2372909a700,fe9e7ebf9a68c1c6f75f11eea2583a26bfc988c7043633e9cffa273b6f237d6a,00102c089913fff9
syn_syn_004564,syn_syn_004564.jpg,mendeley_synthetic,True,syn_grp_0927,train,3,"[6, 7]",images/synthetic/syn_syn_004564.jpg,labels/synthetic/syn_syn_004564.txt,6f72b4f07e967e4413f2b6bff70af45e9da7b2424a3af303d89e323b116b0a0c,a57a0dfe4e2253b50bc0157247074724cb89ca24dad14f23355fbc874accab65,3f1f87e75b132169
syn_syn_004580,syn_syn_004580.jpg,mendeley_synthetic,True,syn_grp_0928,train,6,"[2, 3, 4, 6]",images/synthetic/syn_syn_004580.jpg,labels/synthetic/syn_syn_004580.txt,30ed5193aed8f0046edeaba52be6b0db98d10b42a8415d94de32f4c395eb55bb,c8a538d29f9b1a4d8e16fe799d13b5468ed453e5cd04743d8b39737a6ddceff7,1804e6e05efe1c00
syn_syn_004596,syn_syn_004596.jpg,mendeley_synthetic,True,syn_grp_0929,train,1,[3],images/synthetic/syn_syn_004596.jpg,labels/synthetic/syn_syn_004596.txt,811f13caba97d13ef26af6e029cf100c045fe2038fa2e72b8900b596aeeee3f3,c15bc501eb14620d6535368c94db42c3e439b8bb2d27165f0597b5eb5453fa2a,fcf6b38307030307
syn_syn_004603,syn_syn_004603.jpg,mendeley_synthetic,True,syn_grp_0930,train,2,"[1, 3]",images/synthetic/syn_syn_004603.jpg,labels/synthetic/syn_syn_004603.txt,ec650bcbbc471a35ce5a44bacf9234934ee58ec285170c056e2c95e56440b4fd,130bacafd38aca0289a0eef4c71d5debbca2262a1a173e19dd7e5803b0545e28,000001dfffffff7f
syn_syn_004604,syn_syn_004604.jpg,mendeley_synthetic,True,syn_grp_0931,train,1,[3],images/synthetic/syn_syn_004604.jpg,labels/synthetic/syn_syn_004604.txt,58a7cdda779ece48c2767722134c2591150d27c9a852dee2515f16b935f4268a,ca1236e5cb2e5a18b2509e843933110a2159f4ea09480b694a6c3e32c069967d,f8f8f8f80e060000
syn_syn_004609,syn_syn_004609.jpg,mendeley_synthetic,True,syn_grp_0932,train,5,"[0, 1, 4, 5]",images/synthetic/syn_syn_004609.jpg,labels/synthetic/syn_syn_004609.txt,94f56347f8ecff562cea646a4a2ebb7f13eb7aec1ecb1c0cab83413b85ccb001,bc3c77c29c441adff59db6f2be515da6f3efe49e3f9791c8224ed211f9416aae,ff3e2c9a85ccec1c
syn_syn_004630,syn_syn_004630.jpg,mendeley_synthetic,True,syn_grp_0933,train,2,"[5, 9]",images/synthetic/syn_syn_004630.jpg,labels/synthetic/syn_syn_004630.txt,9ea6593464c20b4a050b89a8c8784fd90c5a714214de7cb81e9093903bc127d1,050447e7bd81b739f46244e11bbf0d28067fcd8305c7201794d1cd5bfbe7f8d9,3fcffffb72000000
syn_syn_004637,syn_syn_004637.jpg,mendeley_synthetic,True,syn_grp_0934,train,4,"[0, 3, 4]",images/synthetic/syn_syn_004637.jpg,labels/synthetic/syn_syn_004637.txt,25f7cb905dddc5ea66bf8f7abe26cdb1ad13ba48b5db122134080d848468023d,6104e5cdd25b85ab9e261d54ed3950c7f306b4a7bfe3e01878b8ed9ba0a7ed7b,eafba4040ecc80c3
syn_syn_004640,syn_syn_004640.jpg,mendeley_synthetic,True,syn_grp_0935,train,5,"[0, 3, 7, 9]",images/synthetic/syn_syn_004640.jpg,labels/synthetic/syn_syn_004640.txt,1de38ea7f625c709976a0a6937cc269cacce4710c53ed8d8c9f638b49954bddb,ca5b1186f5b8f771e6e6160bb087f106f419d952e1e2f253ce44511bdf69fcbb,e4e0dcfefcf00000
syn_syn_004642,syn_syn_004642.jpg,mendeley_synthetic,True,syn_grp_0936,train,6,"[0, 4, 6]",images/synthetic/syn_syn_004642.jpg,labels/synthetic/syn_syn_004642.txt,07d1f0be9598ef772e00936aec0633695959d58443ee724751178bb85a5f367a,de84e7b0d58906b04c928e515678200bed8ae41708bb1afd4f169887ea61e9c2,000fdf9d09fcfd85
syn_syn_004654,syn_syn_004654.jpg,mendeley_synthetic,True,syn_grp_0937,train,3,"[0, 1, 6]",images/synthetic/syn_syn_004654.jpg,labels/synthetic/syn_syn_004654.txt,5ec6bb315927d63c1fdd6115c4fa9d1151b5332dec23368c58f78957da9f2c8a,0dc79a23bee5512734abde9d5fcbcc6107021570e84fafcbcd1d074b18f19317,8114bf84400f4f0f
syn_syn_004658,syn_syn_004658.jpg,mendeley_synthetic,True,syn_grp_0938,train,1,[3],images/synthetic/syn_syn_004658.jpg,labels/synthetic/syn_syn_004658.txt,25b7fac794ff56d7eac236efda30b09a8178afe0c32414ec7e5617771f801022,153bf34d3dec37cdff2ebf8cefd9ee91afaabba6033ffdf3aa8bc2fedb604430,5f3f0f07c3061000
syn_syn_004682,syn_syn_004682.jpg,mendeley_synthetic,True,syn_grp_0939,train,3,[2],images/synthetic/syn_syn_004682.jpg,labels/synthetic/syn_syn_004682.txt,ea54c9dd753d09c572044dba46ca5dc72c398d35c207bdf7b3d544f456c6ea3a,672483c36c3d35cb105f06fe7b20410bd8d59b9e87ee7e9a9dfe6c2aa6ac3921,fffffb070f060000
syn_syn_004697,syn_syn_004697.jpg,mendeley_synthetic,True,syn_grp_0940,train,2,"[0, 2]",images/synthetic/syn_syn_004697.jpg,labels/synthetic/syn_syn_004697.txt,10b6c518dbe48be74b6c68581a9d8980efff4aae484652b9e0f48f7e68931404,20ffcffa6c0990b4cbca5ff12315f7fd4840562e39493af6c6d66b41a74db00a,08000038ffff0f07
syn_syn_004704,syn_syn_004704.jpg,mendeley_synthetic,True,syn_grp_0941,train,3,"[1, 4]",images/synthetic/syn_syn_004704.jpg,labels/synthetic/syn_syn_004704.txt,309a61e38fa46d3b32a7e6325206f26d5df6b24f85e378a5f50a0dde4f405143,36acd82f142eb0306279391ea02df704e86a9902d95f984747ba367957dc3726,e1c1c349c9e07e37
syn_syn_004709,syn_syn_004709.jpg,mendeley_synthetic,True,syn_grp_0942,train,5,"[0, 1, 4, 5]",images/synthetic/syn_syn_004709.jpg,labels/synthetic/syn_syn_004709.txt,a60bd133a38ae870bdeb918e43493a0bf9c9a9b0d9eca83979a054a856bcdcd6,f2e4753a22b67086cfa9a9369400c34762a132fb4eb07e8620c97bb77c57a316,001a35fbf0f0e060
syn_syn_004716,syn_syn_004716.jpg,mendeley_synthetic,True,syn_grp_0943,train,2,"[0, 2]",images/synthetic/syn_syn_004716.jpg,labels/synthetic/syn_syn_004716.txt,aee2b9f4e157887b83de2906bc3ba260e6c00f0b4b385ddb9af01d3ad4741ce9,872c4dbcea2a2e0434e13a8a5db358702c7664401514d03a17829bedd72c16dc,fbfaf6c6c2044e3c
syn_syn_004722,syn_syn_004722.jpg,mendeley_synthetic,True,syn_grp_0944,train,3,"[1, 6]",images/synthetic/syn_syn_004722.jpg,labels/synthetic/syn_syn_004722.txt,8451868d720f22578c55ec5f5cd101f5876de5e40cfedc9114bd78f50237b84d,c3ea657cd3e63300b08b9c1a0eb2e01bba410a1a7d9ead4f3f41ec718d15ea59,0303030303372303
syn_syn_004726,syn_syn_004726.jpg,mendeley_synthetic,True,syn_grp_0945,train,3,"[1, 7]",images/synthetic/syn_syn_004726.jpg,labels/synthetic/syn_syn_004726.txt,4077db6facf0226bfb4f10f4002378235df964cc0095a016579bdec44f4f104d,65b9dace602f49f12c27afa18547b033b281e41f75b333652067558accc2ab7a,ffff9fc3c0040000
syn_syn_004728,syn_syn_004728.jpg,mendeley_synthetic,True,syn_grp_0946,train,3,"[2, 4, 5]",images/synthetic/syn_syn_004728.jpg,labels/synthetic/syn_syn_004728.txt,cb93eaf9ccf3926e82400816b1892e8acdad771c56d641bf93188c7c71c6e806,c0ce26aa08a690bac889c96d0f19d69cdf22faafb2f2a1580376887788f458b2,003c78b89c1c9cf4
syn_syn_004735,syn_syn_004735.jpg,mendeley_synthetic,True,syn_grp_0947,train,3,"[5, 9]",images/synthetic/syn_syn_004735.jpg,labels/synthetic/syn_syn_004735.txt,baaf03c685ac7131c84312347fd30986292bb7f3f34ee44cfafcf57fc36ca10f,5f24566b0336c37f9531e7a6ae8f12c734d16068b42913041c2035d0998a125c,6be383c3e1607114
syn_syn_004738,syn_syn_004738.jpg,mendeley_synthetic,True,syn_grp_0948,train,2,"[2, 4]",images/synthetic/syn_syn_004738.jpg,labels/synthetic/syn_syn_004738.txt,bdb27ebe3fb418935e44660ccbfce2373b4e11f81a596c4e7276a7366f306cbf,5023e00c97fe2ee8e5ff0de89a587e9ac50fbc108248e96cf63035fd7ba7ee6a,df8f1f1b03070301
syn_syn_004751,syn_syn_004751.jpg,mendeley_synthetic,True,syn_grp_0949,train,3,"[3, 6, 9]",images/synthetic/syn_syn_004751.jpg,labels/synthetic/syn_syn_004751.txt,beaa2a81e2257d3a1b59697eef2e6eb6c609d5702ae4f489f17db8d1f8fe0bd3,8b0b9031ba91ec31ed0a9303994c1ec790828ef116cfe9c41443d2fe00211692,f2e020ecc80130f2
syn_syn_004752,syn_syn_004752.jpg,mendeley_synthetic,True,syn_grp_0950,train,3,"[4, 6, 9]",images/synthetic/syn_syn_004752.jpg,labels/synthetic/syn_syn_004752.txt,f962757f4f6469fa3367fb3dccbbb66c855db358ab204509420838992e1de925,9cacd04469cc762fa7077ab19abed2cb2777082658f8c089d7350074a2b8d92d,00c81f0e7ffcf820
syn_syn_004762,syn_syn_004762.jpg,mendeley_synthetic,True,syn_grp_0951,train,6,"[0, 1, 2, 5, 9]",images/synthetic/syn_syn_004762.jpg,labels/synthetic/syn_syn_004762.txt,fbab856f47ade70730435734a5155a9a8907cc7f7c9eadb87016467770b721fe,45476a5726f69964a672ac2c3420dcef048658be3e8111eea3daa6bc66110b70,03633a02070f3fff
syn_syn_004776,syn_syn_004776.jpg,mendeley_synthetic,True,syn_grp_0952,train,4,"[0, 1, 4, 9]",images/synthetic/syn_syn_004776.jpg,labels/synthetic/syn_syn_004776.txt,fb3e3a584e7200c313a905d515aa502e992904d6a5232f7d7a5031e3cca5935a,d2ccb9c171105ee1247649bda5c7b03995fea7e75443feab3a4dc6cf79502f45,fffef77c0e0c8c40
syn_syn_004786,syn_syn_004786.jpg,mendeley_synthetic,True,syn_grp_0953,train,1,[7],images/synthetic/syn_syn_004786.jpg,labels/synthetic/syn_syn_004786.txt,2c8b9d96843feea46338edec377d4cc4e53331197e06912afee381bf49bf7519,9314a1ce5a1025b6b53c225cb303208941676819b8967f625fddd95043675936,ffffff870898e107
syn_syn_004787,syn_syn_004787.jpg,mendeley_synthetic,True,syn_grp_0954,train,5,"[0, 5, 7]",images/synthetic/syn_syn_004787.jpg,labels/synthetic/syn_syn_004787.txt,4020f706e6083e9518b300cbd75da4474ac91a0dfe396eb4b787b092647ef166,3a1440a77473948ce33c25699ef971233853bd3b532bd8482138d744c7f551fe,c684d4c6f6fe6640
syn_syn_004807,syn_syn_004807.jpg,mendeley_synthetic,True,syn_grp_0955,train,5,"[3, 4, 5, 6, 7]",images/synthetic/syn_syn_004807.jpg,labels/synthetic/syn_syn_004807.txt,1e9c93de76210cbbeba5618d4e9cf9998e5a84c2df54f35074e6720505ee39dc,e6a9f177a3a1d7bd62e9bb285af3fa87283d8ba3941d854e14a88f54e452add7,10303f3fff393818
syn_syn_004829,syn_syn_004829.jpg,mendeley_synthetic,True,syn_grp_0956,train,3,"[0, 6]",images/synthetic/syn_syn_004829.jpg,labels/synthetic/syn_syn_004829.txt,6a2f9c957cf8743da2592c831fbd83eedc522ae047772539054c502cf390afb6,e5c9255cf4dfe9fda7f3e6cc51778bd76f1c90590451cc6cf188fa9fe629e837,08000242ffbfbfff
syn_syn_004834,syn_syn_004834.jpg,mendeley_synthetic,True,syn_grp_0957,train,2,"[2, 6]",images/synthetic/syn_syn_004834.jpg,labels/synthetic/syn_syn_004834.txt,ff79836e61fe5695577e3f39e83ef4bcc79ef4171aeb2b052651124a02662ac1,b2e7d8b31ff3e8aeb294dea6c53153ccb858a415e19a3c51c92161efd6b9f834,fbff7c78f0c0c000
syn_syn_004846,syn_syn_004846.jpg,mendeley_synthetic,True,syn_grp_0958,train,6,"[3, 6]",images/synthetic/syn_syn_004846.jpg,labels/synthetic/syn_syn_004846.txt,885c7fd3c1b2eca21f30370d5d662aee9851590f0e94f68e6df90f4c1ca9039d,88e7a433be88ac102af515ac602eb9f67760a37416092b9a76efcf822d946304,01193b530707071f
syn_syn_004861,syn_syn_004861.jpg,mendeley_synthetic,True,syn_grp_0959,train,1,[2],images/synthetic/syn_syn_004861.jpg,labels/synthetic/syn_syn_004861.txt,b567725969e2917903641b1b6e6e2e43686dcd1428b89551ce7ef82989548da7,dfb40785d18ce25bb5694820148ca399877ae159d0e7e13bc6000b4002a49c67,008080b2fbfbf5e0
syn_syn_004888,syn_syn_004888.jpg,mendeley_synthetic,True,syn_grp_0960,train,3,"[1, 4, 7]",images/synthetic/syn_syn_004888.jpg,labels/synthetic/syn_syn_004888.txt,996475ff809d309a23c61761c5c440c21a00b9c579664a8dcd73c6a11cb252b5,3a23fa8fd7c3712abccc25bc1c67fc66a1798facd04dd13bbbac58e23e26fe33,047c813f3fe2fcf0
syn_syn_004892,syn_syn_004892.jpg,mendeley_synthetic,True,syn_grp_0961,train,3,"[3, 7]",images/synthetic/syn_syn_004892.jpg,labels/synthetic/syn_syn_004892.txt,27933ab6d51d65122ba90888ea376fe3d1a79ab975f98cb89d3a735d6d3257ad,b8d55f8c5a21262ebc6174e8bbe8e99ccdbca533e431d27a0cadd17d13d66c0c,2421c77ff3e318ff
syn_syn_004905,syn_syn_004905.jpg,mendeley_synthetic,True,syn_grp_0962,train,2,"[6, 7]",images/synthetic/syn_syn_004905.jpg,labels/synthetic/syn_syn_004905.txt,9b4bb4fb76452583b37ea835d5ee3c00e916cd7692c8967bd167c099461f6645,eef08adedf9babb7d6482091f8c67c41e7edc59e9fca5ac2314b7193c7ac951d,00001c3fffcfc0f0
syn_syn_004910,syn_syn_004910.jpg,mendeley_synthetic,True,syn_grp_0963,train,5,"[1, 2, 4, 7]",images/synthetic/syn_syn_004910.jpg,labels/synthetic/syn_syn_004910.txt,f6802865ca21f4cb6227b15c5615ebe43816128687bc77994f2cdbcbf4bace6f,9643d3e4d42a7c9d4d3849d0e8f29296831186772c3b254aa7356a6a129a5ad0,70790d36fe5f20e0
syn_syn_004935,syn_syn_004935.jpg,mendeley_synthetic,True,syn_grp_0964,train,2,"[3, 5]",images/synthetic/syn_syn_004935.jpg,labels/synthetic/syn_syn_004935.txt,22daefa88e7757a9e8cc4dfe848ef480edba651e70ba37d5efca1cbdde2f77d6,fde8b981d34937f43b8c9326acd5611f3688955821253f72f72dd9a4aca574e0,e0c0e0882cf0f0f0
syn_syn_004948,syn_syn_004948.jpg,mendeley_synthetic,True,syn_grp_0965,train,1,[9],images/synthetic/syn_syn_004948.jpg,labels/synthetic/syn_syn_004948.txt,1cdf4956713ef21450810a8da50f2ce23282c232c57f34fd7bb0772958d1aa06,75b4d41e8eba4b9df240a5fb25f668b9264070409092dc754e229ce4a06fdc00,1f1f0f6703032fff
syn_syn_004962,syn_syn_004962.jpg,mendeley_synthetic,True,syn_grp_0966,train,2,"[7, 9]",images/synthetic/syn_syn_004962.jpg,labels/synthetic/syn_syn_004962.txt,a54942b071ceb21153f09f6feb81ad70e6cefcc12ca6536c79ec39cee744ac04,44dd285656fee753108fb08e5314a9146fabcd94c7f4e72babaded3e2c43502e,80010161f1bf97ff
syn_syn_004969,syn_syn_004969.jpg,mendeley_synthetic,True,syn_grp_0967,train,2,[0],images/synthetic/syn_syn_004969.jpg,labels/synthetic/syn_syn_004969.txt,ab7af741aa6576b8d05fba116daaaacba3a5f024650fe844a9c6650fd594a020,854dc3418c3d7cec84604e7793e12edfab1a09eafd069056ea6e39a2c4bd5df5,ff17b7612921310d
syn_syn_004975,syn_syn_004975.jpg,mendeley_synthetic,True,syn_grp_0749,train,2,"[3, 7]",images/synthetic/syn_syn_004975.jpg,labels/synthetic/syn_syn_004975.txt,ce212db7bdb9f4cbd36032fd7cac09190056779cea401ae44e49d67ee3f9b4f1,012c246ebc74ecdaf438fb554dfff42d2534b241a19d3dd94cc5f9cde1d4c0fc,c7abc76f2652580e
syn_syn_000022,syn_syn_000022.jpg,mendeley_synthetic,True,syn_grp_0981,train,1,[9],images/synthetic/syn_syn_000022.jpg,labels/synthetic/syn_syn_000022.txt,541efc8efed55c86c37886927284ea96750034f14034e260ea1baefd79b8c1c0,ba7432fbd3ca0d023de043941f5a1fa3758e34ae9a667bec3bbe9c893ff1c2bd,edf1f30d91430b6f
syn_syn_000025,syn_syn_000025.jpg,mendeley_synthetic,True,syn_grp_0458,train,5,"[2, 4]",images/synthetic/syn_syn_000025.jpg,labels/synthetic/syn_syn_000025.txt,8876cac8ac63d8c25c940a9a4f833fa56681bbcb406335306bd0a946afc126a4,6e6d718ce96366800e5ac11244a1185c52d115bc6c66084b9dbca2e51aee24b0,220000040c7cffff
syn_syn_000040,syn_syn_000040.jpg,mendeley_synthetic,True,syn_grp_0982,train,3,"[3, 6]",images/synthetic/syn_syn_000040.jpg,labels/synthetic/syn_syn_000040.txt,63cda0b1718b014a93940ebe1d3d796c2fc40c1382a67881050f1a4683e649d0,837bf04ee326e04524b477ed7c0bf241c3d135f8d94385df58d7926f69681dd2,c0c04bde500cc1e3
syn_syn_000054,syn_syn_000054.jpg,mendeley_synthetic,True,syn_grp_0983,train,6,"[0, 3, 7, 9]",images/synthetic/syn_syn_000054.jpg,labels/synthetic/syn_syn_000054.txt,0d83a6cb35fe24405c85acae3897a31975a2bebc98c9da9cf28aed58507ffc88,954961b205eb1628484af802875a6ee7461aa3dab291687301e5399105809f58,f0ee80f2f6b08873
syn_syn_000078,syn_syn_000078.jpg,mendeley_synthetic,True,syn_grp_0984,train,5,"[0, 3, 5, 9]",images/synthetic/syn_syn_000078.jpg,labels/synthetic/syn_syn_000078.txt,3767e5aadfae8cecc3b7a7ae5fad24d1eb705e1bb5028e975f7c16ea5c108f18,20769ed7490d31e90712b958fbc40781a6b8ee25c272695fc0aaefa9836bb909,07073727273e1f0f
syn_syn_000087,syn_syn_000087.jpg,mendeley_synthetic,True,syn_grp_0985,train,4,"[0, 1, 3, 7]",images/synthetic/syn_syn_000087.jpg,labels/synthetic/syn_syn_000087.txt,cfd296eabb7de8ab9f78e93f3e69cd27efd7be03b541c09eae33313dacaaacc8,b02615b94542248c1b95d186e8b5f6ed13571fb984b49ff584744150b79d5578,3f1f89090981e1f8
syn_syn_000093,syn_syn_000093.jpg,mendeley_synthetic,True,syn_grp_0170,train,2,"[6, 7]",images/synthetic/syn_syn_000093.jpg,labels/synthetic/syn_syn_000093.txt,3c0f7643203260c40f3094acdf9da467478132dd32e954896f75b74236a623e2,685c1bb4e4f308966d923edf6f14a70e3375857ecfe267e75998e048003d937f,c3e7eef0c0800000
syn_syn_000094,syn_syn_000094.jpg,mendeley_synthetic,True,syn_grp_0986,train,1,[0],images/synthetic/syn_syn_000094.jpg,labels/synthetic/syn_syn_000094.txt,28f61da57799104712d06968d1921780916a78225fe6238851e9a74cd12c12b6,56e152ec8837eb9ad804e3ff75e0206815e1c342b6cfb44fe332170b534c7db9,4befeee1c1c0f0f0
syn_syn_000097,syn_syn_000097.jpg,mendeley_synthetic,True,syn_grp_0987,train,6,"[0, 2, 3, 9]",images/synthetic/syn_syn_000097.jpg,labels/synthetic/syn_syn_000097.txt,43baaf6c9dea21a76fc85416e1d7d1275c7b719f5c01c9593a32834463b54ed6,161c2364ea4ce681d64a4990ab051732a6cdb8e588eb90a416d1c43f00bd050d,0406cef1f7fbff1f
syn_syn_000112,syn_syn_000112.jpg,mendeley_synthetic,True,syn_grp_0988,train,4,"[1, 3, 9]",images/synthetic/syn_syn_000112.jpg,labels/synthetic/syn_syn_000112.txt,54dc537500e51116aeb22443056e440f72c280fa770626a5a1e99ed705e90eab,efd39becc1e9ab6c56c50f04feba6351ee3184253b170c228c1ca982c24bf882,004c4ff9f9f200ff
syn_syn_000122,syn_syn_000122.jpg,mendeley_synthetic,True,syn_grp_0989,train,3,"[1, 4, 5]",images/synthetic/syn_syn_000122.jpg,labels/synthetic/syn_syn_000122.txt,40e98c4c31db1d574f5d7dbbcab5f944829ba3b9e52ff64759b391f416dd8743,4e50fee8602881146a195b974126aad7ec7512e735f435f01c8cc5cdfb776b8f,07efef1c0103070f
syn_syn_000124,syn_syn_000124.jpg,mendeley_synthetic,True,syn_grp_0990,train,4,"[2, 4, 6, 9]",images/synthetic/syn_syn_000124.jpg,labels/synthetic/syn_syn_000124.txt,830761984fbd5661f1796888d2b9b6bf88c1111e3e89f2a4614ddfbd31c52953,cb9cb999f9b5f3c8ea4ae28416d5fb519ccff40307dbe7a9f05145c8ddfc648b,07bbb93cb4a2a208
syn_syn_000129,syn_syn_000129.jpg,mendeley_synthetic,True,syn_grp_0991,train,5,"[2, 5, 6]",images/synthetic/syn_syn_000129.jpg,labels/synthetic/syn_syn_000129.txt,1a32a759dcf7e59ec91ea84ddba32f63edb744f27cadc7abc74277176a717979,f168adce0dcadaa275e3784793b344e4e627c0054b5751e3f61312615d24ca19,9090b0ace62686e0
syn_syn_000159,syn_syn_000159.jpg,mendeley_synthetic,True,syn_grp_0992,train,5,"[0, 2, 3, 5, 7]",images/synthetic/syn_syn_000159.jpg,labels/synthetic/syn_syn_000159.txt,1ca5a9aef4812c30b28f12c730f1b107f95949fb78068fd13d2ae6c567725eda,f237db6df3aa3f8a692456f0c1f2756b9e8af7c8f8d9192ded870282bc72b74d,013177778787070d
syn_syn_000161,syn_syn_000161.jpg,mendeley_synthetic,True,syn_grp_0993,train,3,"[1, 7]",images/synthetic/syn_syn_000161.jpg,labels/synthetic/syn_syn_000161.txt,cacfc942638bab67efd16b35477f01e519127c14f8c13f15ab583130e95f8e86,37a284ad5865fad54e0273a74391dd4bc548ffa71efe33e6f2cf2fba5da5ea45,86021e1ba38f0c66
syn_syn_000175,syn_syn_000175.jpg,mendeley_synthetic,True,syn_grp_0994,train,1,[9],images/synthetic/syn_syn_000175.jpg,labels/synthetic/syn_syn_000175.txt,f13a766b38406ad1c933b5cdc2fa3f6c089275994495c43a5265c83ae0fe2912,e726a74befe3a904110e293fc5e09d4edd479e9fc6cc0e1df9f3fd6a44136393,fffe7e371f02c040
syn_syn_000179,syn_syn_000179.jpg,mendeley_synthetic,True,syn_grp_0995,train,5,"[3, 4, 6, 9]",images/synthetic/syn_syn_000179.jpg,labels/synthetic/syn_syn_000179.txt,b61ec253e362129ae125dce0dc3d1e72f71e0032ac0d151315f091e67f273d8e,ef9f1f45cb5892abd1868b1b347d09d322de4cfe40f40b5a40acea9ae5a12f37,000000387efefe40
syn_syn_000183,syn_syn_000183.jpg,mendeley_synthetic,True,syn_grp_0996,train,5,"[5, 6, 7]",images/synthetic/syn_syn_000183.jpg,labels/synthetic/syn_syn_000183.txt,fd33577f4c76f4d8f8cb2c57e753dfe7dcc2f7ecf72f40dca4f4993a6ca9db52,e79d02aac062be955abb2a180a3575961e76756e6058dc5b54766a55ab296b31,ffff130020303cc4
syn_syn_000191,syn_syn_000191.jpg,mendeley_synthetic,True,syn_grp_0997,train,2,[0],images/synthetic/syn_syn_000191.jpg,labels/synthetic/syn_syn_000191.txt,b4e094e81d26082bf67bf8cef9daf2509663ac5c8bc1adf682b88519baa331c5,0d95c93481c1ed8e1e00640210ffd4b3d6f399afc14e9adf05d46abae58d8dbf,c583c3c6c3c6d6fb
syn_syn_000192,syn_syn_000192.jpg,mendeley_synthetic,True,syn_grp_0998,train,1,[0],images/synthetic/syn_syn_000192.jpg,labels/synthetic/syn_syn_000192.txt,a1cbcbd1dd68e2d1c71a5e982d2a439a12cbe7f6fe10df15026de27bb7abb755,810d26c8c2728a436effd64915d98a79bd2067560d0583a7ce2cb325acd0d51c,2e006e7f7084c660
syn_syn_000197,syn_syn_000197.jpg,mendeley_synthetic,True,syn_grp_0999,train,2,"[5, 7]",images/synthetic/syn_syn_000197.jpg,labels/synthetic/syn_syn_000197.txt,755af501a7de757c210ce6f442c0a20692c2c009b03a8eaefdd24580f22ce23a,85d5fde47d2561bf50660ab49480087be1d96bb46496d7b0d7686bb3daa1286c,000203033f5fe3cf
syn_syn_000204,syn_syn_000204.jpg,mendeley_synthetic,True,syn_grp_1000,train,1,[9],images/synthetic/syn_syn_000204.jpg,labels/synthetic/syn_syn_000204.txt,1f48d3c017868d28f88d839a3cc7a0742e63b941e41550221d0ee00229a4bbda,3a5e05cb781e4b2fb8ae1abd5e7f7f2cf7fd1337f446dda66a879d6ed66ae4d0,f6c67bb10834371b
syn_syn_000206,syn_syn_000206.jpg,mendeley_synthetic,True,syn_grp_1001,train,3,"[0, 3, 9]",images/synthetic/syn_syn_000206.jpg,labels/synthetic/syn_syn_000206.txt,e52ba5cf87488997900c099802febe3754124f59aafe0223f52e14c823f4bebd,a9d4695ceb77a8ee284065834f50f7a6337e46ac4d3c937ad5df2d6a884757d1,c1e9acfc777f3705
syn_syn_000210,syn_syn_000210.jpg,mendeley_synthetic,True,syn_grp_1002,train,2,"[1, 5]",images/synthetic/syn_syn_000210.jpg,labels/synthetic/syn_syn_000210.txt,b5cbad747093df9d85a053e7d2a96a1bd8a951e8d48d6449b14c6f20badd5a1a,468aeed96d5fcc8ff2f9b86a47157cc0a94d519a4409c86caf1b298b803c43ef,040407071f1f3f3f
syn_syn_000218,syn_syn_000218.jpg,mendeley_synthetic,True,syn_grp_1003,train,1,[2],images/synthetic/syn_syn_000218.jpg,labels/synthetic/syn_syn_000218.txt,97b941390a28b48be1e08e1dcd1dd8be1ba7de03a3eafce2878ccd51ed6c9a56,ff246edb56c7ff91847b6129a8facdcb4defdd45a225c8b8a20cb4bdb4be8bc0,0c141c9cacedffff
syn_syn_000242,syn_syn_000242.jpg,mendeley_synthetic,True,syn_grp_1004,train,6,"[0, 1, 5, 6]",images/synthetic/syn_syn_000242.jpg,labels/synthetic/syn_syn_000242.txt,7b5029acdf035d02b64c7c9c681b05e5a1e3f4ed4a14fe289e63dea97f0fc9b6,7a0625accb909020df3e1450404faa2c64edd315d35dd6250f2b0423fa0c0d1d,617e5fc3c1a988d9
syn_syn_000259,syn_syn_000259.jpg,mendeley_synthetic,True,syn_grp_1005,train,3,"[1, 4, 9]",images/synthetic/syn_syn_000259.jpg,labels/synthetic/syn_syn_000259.txt,8643491fbf9019cb371cdfd63b1c4ad6d03db62a97ea099401a7116e5b3248ed,484592e3e0124e74f0f313db76a03378b9b6e269c776ac1b149a3aa296d26443,3070001c39ef7d7f
syn_syn_000276,syn_syn_000276.jpg,mendeley_synthetic,True,syn_grp_1006,train,6,"[1, 3, 7, 9]",images/synthetic/syn_syn_000276.jpg,labels/synthetic/syn_syn_000276.txt,a2b777516f827b91634f49c0db4e0d151eddbcd11a3900632a7ec55bcc2f0021,a6883b3bcbc9241f3150ec12be975533cf52ba087072be14b98741d865e90d23,bbe7cf6327378000
syn_syn_000291,syn_syn_000291.jpg,mendeley_synthetic,True,syn_grp_1007,train,3,"[0, 2, 9]",images/synthetic/syn_syn_000291.jpg,labels/synthetic/syn_syn_000291.txt,7d1413ad56cc7ea8c2587942677cd4370bd176f3828a40b98d7ef06f3d167e26,1034c104d052ab20454b5430932e16f5b83169a616a57d54d093568b2eadbe99,7fffc38381930183
syn_syn_000293,syn_syn_000293.jpg,mendeley_synthetic,True,syn_grp_1008,train,1,[2],images/synthetic/syn_syn_000293.jpg,labels/synthetic/syn_syn_000293.txt,90d2e5c0e21987db0d508aed61926530687829d06ad742f71117ae7165f31636,cd06ffe7df1f7ff26bd7a4a78392acf65b0acaa7748f1c418cbabec8aea2bcb3,17170d0d0787c3e3
syn_syn_000307,syn_syn_000307.jpg,mendeley_synthetic,True,syn_grp_0158,train,2,"[3, 5]",images/synthetic/syn_syn_000307.jpg,labels/synthetic/syn_syn_000307.txt,30b7e8e9fd6c8083806454fbbac1918bfb6cfbc89694098695c5f3223b6ec126,6b6a7539e67db0e37c6a0eb1ccf4399d2f458e90576ac1c4008255028be86471,1b1fbefdfdfbfffe
syn_syn_000308,syn_syn_000308.jpg,mendeley_synthetic,True,syn_grp_1009,train,3,"[3, 4]",images/synthetic/syn_syn_000308.jpg,labels/synthetic/syn_syn_000308.txt,14a56dbee5580b2e168ce738517a3e234b702d0c8f46c31f2dea0c7602c45eea,97ba777de63d2ee661433e0521053639c836b5ef6598db86367e22d33d00121a,1876ffff3e3b0400
syn_syn_000314,syn_syn_000314.jpg,mendeley_synthetic,True,syn_grp_1010,train,3,"[3, 9]",images/synthetic/syn_syn_000314.jpg,labels/synthetic/syn_syn_000314.txt,c9239e303e61d7c3efe67f6c7f16719350cb06ab6525aa0dc84af4804bda1705,d84f1d53c8aea197fd983cff13a14166e11db75cff26d1efaf893610fbd014c1,21018383c3c3c3e3
syn_syn_000318,syn_syn_000318.jpg,mendeley_synthetic,True,syn_grp_1011,train,6,"[1, 2, 4, 6, 9]",images/synthetic/syn_syn_000318.jpg,labels/synthetic/syn_syn_000318.txt,4050b19647bdffe801be7ca058eea8082713f16ece64303c8e474c2200b35937,aefdf1ef7f09fef05a3bd4c5bd72f5c8972093c13f2251f6b184106bd7607a90,1b36368a333bcef6
syn_syn_000320,syn_syn_000320.jpg,mendeley_synthetic,True,syn_grp_1012,train,2,"[5, 9]",images/synthetic/syn_syn_000320.jpg,labels/synthetic/syn_syn_000320.txt,9905bb3875dc8790cb0381c75221efa497999cd1433d30fe5b87b2f28238bb88,27fcacfa3db251c7ad3c1eb167c9d4e86547f8f53bef8a063564ad8e4b0b5471,0000080977f7f7ff
syn_syn_000332,syn_syn_000332.jpg,mendeley_synthetic,True,syn_grp_1013,train,3,"[4, 6, 9]",images/synthetic/syn_syn_000332.jpg,labels/synthetic/syn_syn_000332.txt,02d4aff254eb45dd1ddc8106b623b5a6b06f5026b4fe44ccbd7493974859f765,1ffa2e830ab778ddff702aa4ef5db26dd6b1f7a6a08a08118be15cf0d4b6fba3,fffffe7ec3880030
syn_syn_000333,syn_syn_000333.jpg,mendeley_synthetic,True,syn_grp_1014,train,4,"[0, 5, 6]",images/synthetic/syn_syn_000333.jpg,labels/synthetic/syn_syn_000333.txt,f2d52ff41b4c8a55b973928ffd2ec5877585e9c4ef7680695512cec2f7dfc5aa,f8cc96d850c56ceda95375c4133109e46ef4424da14e6fdb0a005863b248ec88,0060f1e1e1ffffdf
syn_syn_000338,syn_syn_000338.jpg,mendeley_synthetic,True,syn_grp_1015,train,3,"[0, 2, 9]",images/synthetic/syn_syn_000338.jpg,labels/synthetic/syn_syn_000338.txt,7bb9bf6d0c0d087f91c32f9c1a76571c5cf8661f84f1371bc097934ad3e8e696,bf5c46c362c073b134f8957242b7f7153691d0afba753c2b5cb017c10817209f,0f31f1e0ebebe3c0
syn_syn_000344,syn_syn_000344.jpg,mendeley_synthetic,True,syn_grp_0907,train,1,[7],images/synthetic/syn_syn_000344.jpg,labels/synthetic/syn_syn_000344.txt,a41bbde81832d7a7634f6c2b59f7d97d10733882f7bcb738b921f22fcea80fd6,079963d1ce481b85ee6ed156d0deab3dd0ce710a2bc16313370bc78bd7bf1ba8,0000008184e3ffff
syn_syn_000358,syn_syn_000358.jpg,mendeley_synthetic,True,syn_grp_1016,train,1,[6],images/synthetic/syn_syn_000358.jpg,labels/synthetic/syn_syn_000358.txt,c4465834abe7f4e8bb3f0b37a0336375cc47ce90cb62d0394b2019d8637b2980,3669f1664795857dcf19d481863c56cab9270488a92555eb7d88c7d1fb72b185,ffff7f3703033b00
syn_syn_000388,syn_syn_000388.jpg,mendeley_synthetic,True,syn_grp_1017,train,1,[9],images/synthetic/syn_syn_000388.jpg,labels/synthetic/syn_syn_000388.txt,328f97864eef57cb7453b8650eba265d947646c4461e301fe13b91f4b0081287,e7297d97457942cfb36f97265daa8ff72641f7a5475779fcef8f2018a3ba7acf,e8f8f8e0f0ecfc7c
syn_syn_000397,syn_syn_000397.jpg,mendeley_synthetic,True,syn_grp_1018,train,4,"[0, 3, 4, 5]",images/synthetic/syn_syn_000397.jpg,labels/synthetic/syn_syn_000397.txt,06ad0e1aca09576fc6565d8c04e3685f2acfa039a99273ccd94170d2eb377f07,454d6c3d3e05f9860e7d0b38df3886f33165227ca89542079b67263b50a2afdf,0050ffefe7e76300
syn_syn_000402,syn_syn_000402.jpg,mendeley_synthetic,True,syn_grp_1019,train,6,"[0, 1, 2, 4, 9]",images/synthetic/syn_syn_000402.jpg,labels/synthetic/syn_syn_000402.txt,1244c65f3976e81157c51b7e0a113ea20a168fc2db7be6c659a575c7a38e7380,88d0cf178322b27d41581542392bcf2f2bd7ba41bb8d936a630af67e081ddfcd,56321fd0b03c7c58
syn_syn_000416,syn_syn_000416.jpg,mendeley_synthetic,True,syn_grp_1020,train,4,"[1, 5, 9]",images/synthetic/syn_syn_000416.jpg,labels/synthetic/syn_syn_000416.txt,295ca3aabf6c8a4664fafa623dd725817715a3e12967ed02adc1a9afc2cbcedc,1e29b35a8e30131232b43a10db3c874ce9927cc04d840bcaaf8e6dd0b2927dae,60ff7f0f3f1f170f
syn_syn_000426,syn_syn_000426.jpg,mendeley_synthetic,True,syn_grp_1021,train,5,"[1, 2, 3, 6, 9]",images/synthetic/syn_syn_000426.jpg,labels/synthetic/syn_syn_000426.txt,44870983ab60ac383f7401ea8cdf23e4012e4144f54b90173ded4caaad79dcac,ba98af5a365f291e8571177705c7329f6b5ad5aadffe010397e4e9ce19953297,03070f0f0fef3f7f
syn_syn_000429,syn_syn_000429.jpg,mendeley_synthetic,True,syn_grp_1022,train,3,"[0, 3, 5]",images/synthetic/syn_syn_000429.jpg,labels/synthetic/syn_syn_000429.txt,3fe8149f7bf0f03aeb4fe77c37f964e892afdf1434a1a4d6dfcc723c144f5eeb,f7469933b237dde34df2ac2ec1b9b6f353a5d8ca7b466271c2ff86353adabae2,0726307060e0e1fd
syn_syn_000435,syn_syn_000435.jpg,mendeley_synthetic,True,syn_grp_1023,train,1,[5],images/synthetic/syn_syn_000435.jpg,labels/synthetic/syn_syn_000435.txt,e618654d2cdd70ab18beaf7ad9e81a57be54d8fd738c33acd53d8ef2bf8dfbe1,abcbb264ce7638afba4096846510e65b09d3528d46fa41f233d349d66d137cb3,003b0303277fffff
syn_syn_000438,syn_syn_000438.jpg,mendeley_synthetic,True,syn_grp_1024,train,2,"[0, 4]",images/synthetic/syn_syn_000438.jpg,labels/synthetic/syn_syn_000438.txt,3dfe56bd1dd741622460b41f04c3d76f59e6e39e3ccd7271dcefbf18962c04bd,283a9964befb892d1fa06370eecabe9ec8d480c51a0ab501d3f58634f17e4ba3,ffec8008decf0000
syn_syn_000444,syn_syn_000444.jpg,mendeley_synthetic,True,syn_grp_1025,train,3,"[2, 4, 7]",images/synthetic/syn_syn_000444.jpg,labels/synthetic/syn_syn_000444.txt,96341e045d4d4886da545ba22d40ab8da5c10373b46152a2a62ec3780866494b,a5f9a1c60664f7300fa532dcf11d85937d501c9605077fb4f97a9944863e813d,8603d39731352b2b
syn_syn_000452,syn_syn_000452.jpg,mendeley_synthetic,True,syn_grp_1026,train,5,"[3, 5, 6, 7]",images/synthetic/syn_syn_000452.jpg,labels/synthetic/syn_syn_000452.txt,5f0ad89eaeb7c50f6a5b975445619b994b37fef7527a34cf5745f29a755f8bfc,cafedf79baac9fef2195f3e82c9f08ba2b136bc17f2a9f9746f672e725d7aa4f,0020dfff9e0f0308
syn_syn_000460,syn_syn_000460.jpg,mendeley_synthetic,True,syn_grp_1027,train,3,"[5, 7, 9]",images/synthetic/syn_syn_000460.jpg,labels/synthetic/syn_syn_000460.txt,7884efd89aab9ce7d6f4b27963a5285692a2efbc7365bf92d1a087cb5038f7d3,eedd30313204e220452faa67b4763381f3e202daa7caba06bdd3513c4ec6ee43,0319121118fccfc8
syn_syn_000462,syn_syn_000462.jpg,mendeley_synthetic,True,syn_grp_1028,train,4,"[0, 4, 6]",images/synthetic/syn_syn_000462.jpg,labels/synthetic/syn_syn_000462.txt,8655e9eff648093bbabdb0e9a954348532ff3d362c576564056dcf94fd65d8a5,7aa100e13f90712df29ef608b68c1e943a76780e74fe398c83b0dee9c4826ed6,c7071f1d0e2f0e00
syn_syn_000466,syn_syn_000466.jpg,mendeley_synthetic,True,syn_grp_1029,train,1,[2],images/synthetic/syn_syn_000466.jpg,labels/synthetic/syn_syn_000466.txt,94822a41b3b9fbbc8cba8b601060b2613a2a3a56c58195b542e0f78ac75c59a9,9718d7a6bc57e29960f25763eae5be7b64d1732369c87ed7e19e248c09f36c23,82c880c1e1e1e1fb
syn_syn_000473,syn_syn_000473.jpg,mendeley_synthetic,True,syn_grp_1030,train,3,"[1, 4, 7]",images/synthetic/syn_syn_000473.jpg,labels/synthetic/syn_syn_000473.txt,ea18bf1a6454559fea14bdb1dd269338d741dcc2388e4a6cbce6ac3fc42c41af,ad41b416489866ffede6ea378d944d0a227cd4d0d3d8e1c48e1b4de4eb006319,1018004c0d0f9fdf
syn_syn_000474,syn_syn_000474.jpg,mendeley_synthetic,True,syn_grp_1031,train,5,"[0, 2, 5, 7]",images/synthetic/syn_syn_000474.jpg,labels/synthetic/syn_syn_000474.txt,ffba4d0840188480f2898e72f5149792c9562fb18a64fd94cb2458d59ed29d96,d6574085122fcdc43d50681c54147b6af2ebf906fd27bdbca3f6d5e958376f0f,ffb9f1020460e030
syn_syn_000486,syn_syn_000486.jpg,mendeley_synthetic,True,syn_grp_1032,train,2,"[0, 4]",images/synthetic/syn_syn_000486.jpg,labels/synthetic/syn_syn_000486.txt,b6eb7415b7558d686e29b67fe29217362871c4724034149cad2706abea258500,6e7daf97987878c45d66eac4db4cc1847a7e419a94a16b232d92ce9b1d43647b,7f83829e8eb9dac8
syn_syn_000496,syn_syn_000496.jpg,mendeley_synthetic,True,syn_grp_1033,train,3,"[2, 4]",images/synthetic/syn_syn_000496.jpg,labels/synthetic/syn_syn_000496.txt,ce10baa1e9b7825484082c403b93145ad4e9eb61a7b0a0f57f2401754c519c2a,a8bdcb55a1b143db402829d27dc160f59f1cd1abb175288f209deafff6c14e17,e7efc9cddcdcc8e0
syn_syn_000510,syn_syn_000510.jpg,mendeley_synthetic,True,syn_grp_1034,train,1,[4],images/synthetic/syn_syn_000510.jpg,labels/synthetic/syn_syn_000510.txt,602a1b7249914189f4ca6c4cadfafe540707c2b107739b1769c2ad514fc28467,ca7bd8e0036b7239b929b45b8470ff40b097d438a46c2c069fd67ad195aed5c1,0808103e2670feff
syn_syn_000520,syn_syn_000520.jpg,mendeley_synthetic,True,syn_grp_1035,train,2,"[7, 9]",images/synthetic/syn_syn_000520.jpg,labels/synthetic/syn_syn_000520.txt,f28ef957d5450edd198161758feda180126352a80f1c09aa7af93a03fe678701,6e1b1d27125c26859a060859a48aacec39728984427cc13d7f31b71d72772294,e0e4e0e4e6e6e6c6
syn_syn_000529,syn_syn_000529.jpg,mendeley_synthetic,True,syn_grp_1036,train,6,"[1, 4, 6, 7, 9]",images/synthetic/syn_syn_000529.jpg,labels/synthetic/syn_syn_000529.txt,f50447c824186c14485ab1395897d6d7b338b34176ccf6822d6bd3141b1ae23f,73f525d713f615833a4136983e3f555214962d77cbc1682387bfb6a032202e73,1fff7f3753070602
syn_syn_000536,syn_syn_000536.jpg,mendeley_synthetic,True,syn_grp_1037,train,5,"[1, 5, 6, 7, 9]",images/synthetic/syn_syn_000536.jpg,labels/synthetic/syn_syn_000536.txt,0697107bd458f7308adb09e6c744f8dfd2e4a4296dbbaf19609922ea0c36020a,9e281235cb982b68f2f57ebb831043bd7a3a0ec60e13c1c710478dc14154c60b,4fc1e3e0e2c8f87e
syn_syn_000539,syn_syn_000539.jpg,mendeley_synthetic,True,syn_grp_1038,train,5,"[1, 2, 3, 4]",images/synthetic/syn_syn_000539.jpg,labels/synthetic/syn_syn_000539.txt,055b0ca12e1d778af6fc42a8091482a7c857d4330e901bfd6d8ef22972407261,1c38edcea0d38dbf1f0b68b122cfcff82c593b5d6fa6d63b9a689cbf64888ce6,003a381c1c93f13f
syn_syn_000543,syn_syn_000543.jpg,mendeley_synthetic,True,syn_grp_1039,train,2,"[0, 4]",images/synthetic/syn_syn_000543.jpg,labels/synthetic/syn_syn_000543.txt,67b6a8c78ea5d6d8cba4e5578d1380f4491f8cb62c6c560e468cdf9643df85ce,469446a90218bec6bc2b0899453e33aad901345ecdd17182ac3db61046e26e44,4040c0e0e0e0e0e4
syn_syn_000550,syn_syn_000550.jpg,mendeley_synthetic,True,syn_grp_1040,train,1,[7],images/synthetic/syn_syn_000550.jpg,labels/synthetic/syn_syn_000550.txt,8e7c804432659ba47e7cf35d8a5120f9d0d6f9510e3c6593f6edf208447e119a,16b03016ae8ac575ea19bad6a2d4647a42cbc8650e604fafff32e425881d723b,00c0fcefeffff7f6
syn_syn_000562,syn_syn_000562.jpg,mendeley_synthetic,True,syn_grp_1041,train,6,"[0, 1, 3, 6, 7]",images/synthetic/syn_syn_000562.jpg,labels/synthetic/syn_syn_000562.txt,33ac06b930068efc4059312717f092ec7b6b5bf8beddcfd6f6ad2a7bd521ddec,abbb3c921b7659869915b6fb1ea74bdda6f64e5853c8cc4e3ea287fa9f49d4cf,83bd38707000fffc
syn_syn_000584,syn_syn_000584.jpg,mendeley_synthetic,True,syn_grp_1042,train,4,"[4, 6, 7]",images/synthetic/syn_syn_000584.jpg,labels/synthetic/syn_syn_000584.txt,06acde238c52d91c0245c9f09b53fb5e5fa5d1b35f4457980978f0067ab3dadb,9f5517d82a351ff7cfae7cf00e2ad967b984d89a5890e0b60b1745443568aa8a,1b3a337766fc5c8c
syn_syn_000590,syn_syn_000590.jpg,mendeley_synthetic,True,syn_grp_1043,train,3,"[0, 3, 7]",images/synthetic/syn_syn_000590.jpg,labels/synthetic/syn_syn_000590.txt,77b2eda29404a6c83dc5f604a7df79d4f95ddb5328510b38ad7a15c52b63963f,0933507e4a0ba7774463718129ec55989826098876de66ec1fb57ca29adb291d,03020c0f0700efff
syn_syn_000616,syn_syn_000616.jpg,mendeley_synthetic,True,syn_grp_1044,train,4,"[0, 1, 6, 9]",images/synthetic/syn_syn_000616.jpg,labels/synthetic/syn_syn_000616.txt,1466c3c7f4839f1b5c445396ee0265a931d197f729c0f9e2baca7492d486e00f,aa3a2feba399d73dfd0fcadbfc64c5649d23c1e8eaf626f1aadd0e124bbeb904,6f73787c1c0c0e00
syn_syn_000618,syn_syn_000618.jpg,mendeley_synthetic,True,syn_grp_1045,train,2,"[1, 2]",images/synthetic/syn_syn_000618.jpg,labels/synthetic/syn_syn_000618.txt,66d6adcf31c4a21c8b66fa6138b2f22f6c01044d4eb0086fbf58424e01e385cd,927a072b6ac190a15782c40d802e2e3cdc02cf30cec6f65fd0f3513b02f85665,001f183e3d390303
syn_syn_000639,syn_syn_000639.jpg,mendeley_synthetic,True,syn_grp_1046,train,3,"[5, 6, 9]",images/synthetic/syn_syn_000639.jpg,labels/synthetic/syn_syn_000639.txt,628c6676c4581681b033de0d65d88561873d34cafb2e677ee9f83868e32e6190,b169beebf496ee800a6afd0dbb6e1b874be3ffd5629bd1e0fef82c8b5c25811e,fc707c7818307060
syn_syn_000640,syn_syn_000640.jpg,mendeley_synthetic,True,syn_grp_1047,train,4,"[0, 4, 6]",images/synthetic/syn_syn_000640.jpg,labels/synthetic/syn_syn_000640.txt,eab7d8f0c6373d6c21d50ad559f1aaa003c0f931c799e047939216f05c17407e,209acb4e79ff5aad9a66c8aea7bf20232528dfe729d55372162fc02be17ba9fe,ff87c6fcf8000000
syn_syn_000652,syn_syn_000652.jpg,mendeley_synthetic,True,syn_grp_1048,train,1,[1],images/synthetic/syn_syn_000652.jpg,labels/synthetic/syn_syn_000652.txt,7ac534caa5dc21c68ca91c200b89e82c007e625098af844d3fc34e8cb92311e6,3113188ea403a46f6411df3178dbf919e44016f5ca0cf12bc6fced5435e2fbed,ffffff2c00081800
syn_syn_000660,syn_syn_000660.jpg,mendeley_synthetic,True,syn_grp_1049,train,5,"[0, 2, 3, 7, 9]",images/synthetic/syn_syn_000660.jpg,labels/synthetic/syn_syn_000660.txt,bda123a8a7534ef79b5d63144505c4e3eccd9acda27ae0a873b2dea843ced1c3,8675e87d9f109fb8ddf057670ac5674d31daf1a1ce123b58d11d788c83616a0c,40f0e4c0f8f0731e
syn_syn_000671,syn_syn_000671.jpg,mendeley_synthetic,True,syn_grp_1050,train,3,"[6, 9]",images/synthetic/syn_syn_000671.jpg,labels/synthetic/syn_syn_000671.txt,36d6ee67d6994a9558c02d91356cd17f0a94b01cf649dae9702991dc30387052,daf24485a42efb9e059abb62f831a748b0db37723a7f9561c27d19ee9526cc77,ffefff7f66000001
syn_syn_000678,syn_syn_000678.jpg,mendeley_synthetic,True,syn_grp_1051,train,4,"[6, 7, 9]",images/synthetic/syn_syn_000678.jpg,labels/synthetic/syn_syn_000678.txt,5280a3e170e8eb37992c95f56a362afe99f2294751bd19cdb2fa161744441cfb,eaf993dfbe5187d10f91fae620406359122bb7ceec4748fa6f42c90263d33d79,2012727c6efaf4f6
syn_syn_000697,syn_syn_000697.jpg,mendeley_synthetic,True,syn_grp_1052,train,2,[4],images/synthetic/syn_syn_000697.jpg,labels/synthetic/syn_syn_000697.txt,f88ec68b2b6abe802f6a2f6e621d793347fd64a8b3643ac137a1516101cfc0dc,6f83913359175c73c0e133bafe93648a8f2c8da7f52b0537e2c4b1cf6c108a72,80818183878f1f23
syn_syn_000724,syn_syn_000724.jpg,mendeley_synthetic,True,syn_grp_1053,train,3,"[1, 4, 7]",images/synthetic/syn_syn_000724.jpg,labels/synthetic/syn_syn_000724.txt,25ff15a992fb57e887940b45425cd88a4c5614a77910e8b759c07c5c6d10b309,6418a0fea72310c0ade1adddb4fd902e94ba1c72b724c4f7ddc16e2366fe3886,7f62f4fefe70080c
syn_syn_000737,syn_syn_000737.jpg,mendeley_synthetic,True,syn_grp_1054,train,6,"[1, 2, 4, 6, 9]",images/synthetic/syn_syn_000737.jpg,labels/synthetic/syn_syn_000737.txt,08353695f0edf952a9d0d04737c4b9804a376f79841bf9b88d63127a8b6d3635,49bf4066640a529d504ffc92b929d4eefa029fe119e23bf0e0353b0072c9ae85,0060787c7e3e0400
syn_syn_000738,syn_syn_000738.jpg,mendeley_synthetic,True,syn_grp_1055,train,2,"[5, 9]",images/synthetic/syn_syn_000738.jpg,labels/synthetic/syn_syn_000738.txt,1684321ba2574c0644837e102e1cdf7e212164998cd8d1fbdabffc49626bf5fa,c53fece9302fc89a0f6206044b2a51a3565846a0d3292b59fd1820cf965c8ab1,0c18343c36373b3f
syn_syn_000742,syn_syn_000742.jpg,mendeley_synthetic,True,syn_grp_1056,train,1,[5],images/synthetic/syn_syn_000742.jpg,labels/synthetic/syn_syn_000742.txt,09f64a1f4240022afd3784c5c11b57f0b9073a9c671db585abc3c5df48afff31,e7bcc0fb76eb812a9e2922cf6b6f7c049979cbb165cda5c46a2ee6cc641861b9,48f0f87166f6a70d
syn_syn_000744,syn_syn_000744.jpg,mendeley_synthetic,True,syn_grp_1057,train,5,"[0, 2, 3, 4, 6]",images/synthetic/syn_syn_000744.jpg,labels/synthetic/syn_syn_000744.txt,549b99272ed4f00eeac3dcf370629949723cb150cbf882e7fd51a394562fedad,be441d4ead777091346a0adbccaeeebe5970cecb181a78f097622519b6d69e4c,0000c0f3d3f7e5ff
syn_syn_000747,syn_syn_000747.jpg,mendeley_synthetic,True,syn_grp_1058,train,3,"[2, 7, 9]",images/synthetic/syn_syn_000747.jpg,labels/synthetic/syn_syn_000747.txt,0585b38bfb490efb0a243f1f530bf530004ac144829ba7cd8f0ebce0508a17b6,93a59c576122950c7b66742e4769705c3d9f9f41a8b167d5bc074fce3e1f70be,ff310f037030e36f
syn_syn_000772,syn_syn_000772.jpg,mendeley_synthetic,True,syn_grp_1059,train,6,"[1, 2, 4, 5, 6]",images/synthetic/syn_syn_000772.jpg,labels/synthetic/syn_syn_000772.txt,2ef7d8d8f527d78fa48c12328803a6668596724cbf6c488f8c43768d8e80427d,aef40e42cefc7acbd1df1b4c4f78e403fbd1495c856297c268af5edf92f9d6e0,18bb0f0f0d1f0d01
syn_syn_000786,syn_syn_000786.jpg,mendeley_synthetic,True,syn_grp_1060,train,2,"[2, 4]",images/synthetic/syn_syn_000786.jpg,labels/synthetic/syn_syn_000786.txt,00d235e306411312779c9b8e1534a5e0e1c9315bc92c7397e76330d4be6cb85e,c957b914a4b28d54a470cf0f5316594b38a24dad4f7eab374b73a94c7f78bb9d,e0f0f83cbe3c1e1b
syn_syn_000788,syn_syn_000788.jpg,mendeley_synthetic,True,syn_grp_1061,train,2,"[1, 6]",images/synthetic/syn_syn_000788.jpg,labels/synthetic/syn_syn_000788.txt,a6f67281ee175b4079839b3e006da0f2731db1d8d2828d1e3ad3021854a66090,a1c8f03f58263411c62785339463b11b4ea9d8c1e81b8e98be52b357b40ad101,00183e3e1e3e1c00
syn_syn_000828,syn_syn_000828.jpg,mendeley_synthetic,True,syn_grp_1062,train,6,"[0, 1, 3, 4, 5, 7]",images/synthetic/syn_syn_000828.jpg,labels/synthetic/syn_syn_000828.txt,7a7f2e5bdb8f734240e5d0439a4a1849905cef1bbf2bb17426d092c76346106e,46ba08c1b7168c9fa08ccf5d2fb0abd7a6387de172e37150a08c723d3f54d2de,830190108fffff37
syn_syn_000832,syn_syn_000832.jpg,mendeley_synthetic,True,syn_grp_1063,train,1,[1],images/synthetic/syn_syn_000832.jpg,labels/synthetic/syn_syn_000832.txt,0de7b542f3861926bc5f76aaab9c948b6f31ddb4b966cab8a52793a48072e177,62a95a1501f65c34e5c94a8aa1649d9a5a162ed28b283e089df89328d63a1468,0100001f3f7f7f7f
syn_syn_000835,syn_syn_000835.jpg,mendeley_synthetic,True,syn_grp_1064,train,5,"[3, 5, 6, 9]",images/synthetic/syn_syn_000835.jpg,labels/synthetic/syn_syn_000835.txt,b78fff280ac70d1862691adaf08777be8d148220c2367ad800a3e4aecde91a35,10cbdd867810a0fa25e1498a4ff079af38f2c3903459ae6f1426db178fc95c1b,0008277dffff3f1c
syn_syn_000848,syn_syn_000848.jpg,mendeley_synthetic,True,syn_grp_1065,train,6,"[1, 3, 5, 7, 9]",images/synthetic/syn_syn_000848.jpg,labels/synthetic/syn_syn_000848.txt,8a2ff6499d1bf86de7e80ca43687d2ff95b7fe7cb53144e696cc7319961f0b96,417333af60040e16e9a56ed7451b30454e34a24417850b653aeb8caab206e5af,7f79faffef3f1f1c
syn_syn_000868,syn_syn_000868.jpg,mendeley_synthetic,True,syn_grp_1066,train,1,[9],images/synthetic/syn_syn_000868.jpg,labels/synthetic/syn_syn_000868.txt,c10b666be274f875d20ea4617c30b1e30636fcaa84c2b423588a71d99719f7d8,15b7baf2c503f07b04464a6102d4465615330c16f0a9052a807c0dac4ccf8bb9,0f0f0f0f0f07276b
syn_syn_000871,syn_syn_000871.jpg,mendeley_synthetic,True,syn_grp_1067,train,5,"[4, 6, 7]",images/synthetic/syn_syn_000871.jpg,labels/synthetic/syn_syn_000871.txt,a9572e652286a7a6d24faee410cdb91f97b86caf7b35b4aba64e6b023dca2fdd,da7756c92f01248cef95c1808ab715a2fb92d23df8a5cdf628863c270863dd33,0b5e000001070f1f
syn_syn_000873,syn_syn_000873.jpg,mendeley_synthetic,True,syn_grp_1068,train,5,"[0, 2, 3, 4, 6]",images/synthetic/syn_syn_000873.jpg,labels/synthetic/syn_syn_000873.txt,67f1ecb5a777e95054734a5d7e2fbaab10f8ad70377656ba115f501b1bc56b7e,e2e96fd85b41a730b63a3548f63943f6098d5e39c01d1cc19c38b27354081a7a,244409170d1c3f3b
syn_syn_000889,syn_syn_000889.jpg,mendeley_synthetic,True,syn_grp_1069,train,4,"[2, 3, 4]",images/synthetic/syn_syn_000889.jpg,labels/synthetic/syn_syn_000889.txt,102d656a3445e2c1ffc0877167d3c3a870ecbb83e216d13fbf3913bfaade1040,a4307d6d37f76ae2efe7ccfd079ae67903f29097f3f01b0029df8e6da7d37ca2,fe00030fffc77ba3
syn_syn_000901,syn_syn_000901.jpg,mendeley_synthetic,True,syn_grp_1070,train,3,"[4, 5, 6]",images/synthetic/syn_syn_000901.jpg,labels/synthetic/syn_syn_000901.txt,91e065c734800994185f1ba0c07e296e4be50bf2583a218f0ef11be93db32402,447af58f12a2111ff596acf0a72c881639061109dc01626369ee638085352aa2,3ffffd3058882040
syn_syn_000906,syn_syn_000906.jpg,mendeley_synthetic,True,syn_grp_1071,train,3,"[3, 6]",images/synthetic/syn_syn_000906.jpg,labels/synthetic/syn_syn_000906.txt,5e712c91c937e19e00c2f4c44e7568e6db0f315c13c83909760c1aab666303f5,6392753202f1e60b9372df0765e1ca2ad7ace3f8cd1580c2552ae9ca54de93ae,273f1f3f3a030707
syn_syn_000910,syn_syn_000910.jpg,mendeley_synthetic,True,syn_grp_1072,train,1,[6],images/synthetic/syn_syn_000910.jpg,labels/synthetic/syn_syn_000910.txt,c2ba102e1e7baa88b0e380c6d14a0fbe1af8186a64aaa03b6a8683aad0d0d2f0,d0a6ca4fb993656257cf96078bb627ab16a9525c78732f00a9e8c6a16ef2a7a2,0b1f1b53183e0f08
syn_syn_000930,syn_syn_000930.jpg,mendeley_synthetic,True,syn_grp_1073,train,4,"[0, 1, 4]",images/synthetic/syn_syn_000930.jpg,labels/synthetic/syn_syn_000930.txt,0ba3716a02629bb5b70d90a925b2e6bbbd91a5b771c95d60515072fe06fad17d,d5cac88e722e70f888848e7e4b231bab8f66f138bb5f556497e2c16c898fb560,c08084c0e1efffff
syn_syn_000934,syn_syn_000934.jpg,mendeley_synthetic,True,syn_grp_1074,train,3,"[1, 5, 9]",images/synthetic/syn_syn_000934.jpg,labels/synthetic/syn_syn_000934.txt,e6b75500bce977ec3b070b5336fe5d56761671097f4c2cb28ae2ef1cf669ae5a,9181003a38223dd9fdccd2d06593fd73eebbee159c9e32bbe17b4653b6d3ea1d,01210f1f0f507f63
syn_syn_000952,syn_syn_000952.jpg,mendeley_synthetic,True,syn_grp_1075,train,6,"[1, 6, 7, 9]",images/synthetic/syn_syn_000952.jpg,labels/synthetic/syn_syn_000952.txt,5edf276055217720c96527f06fdeb1b9e8be1e6f7b747e92061f4bc5608b7080,84969bcde6a01c5cc5ca3a75d69166e718f57baee99f30fb7e01752e1f6e12c4,70e0b0faff1f1c00
syn_syn_000956,syn_syn_000956.jpg,mendeley_synthetic,True,syn_grp_1076,train,6,"[2, 4, 5, 6, 7]",images/synthetic/syn_syn_000956.jpg,labels/synthetic/syn_syn_000956.txt,f0455dd4444c7ff3d426d032536c744c2137a71ef1d91b145fcd06159771897b,e8ec1838a4ae0a6922cfa3253b7191348e885e939caf4c57ffccd1f0e6529dbd,e8181888071f9fff
syn_syn_000959,syn_syn_000959.jpg,mendeley_synthetic,True,syn_grp_1077,train,6,"[2, 3, 5, 6, 7, 9]",images/synthetic/syn_syn_000959.jpg,labels/synthetic/syn_syn_000959.txt,c12ed9fd1c8a1f0d1af4983f486d9be41e370f582aff5055b96a32a48ed4c3c9,da544ada3ecd28124917ea6918d20563a483933c959b506422443544d751240b,afbf3f2721a0e0c2
syn_syn_000989,syn_syn_000989.jpg,mendeley_synthetic,True,syn_grp_0274,train,1,[7],images/synthetic/syn_syn_000989.jpg,labels/synthetic/syn_syn_000989.txt,a8d52229ddf68b3eb3cffa84518fe9ae142492809e41d1790e4e2d0e61754f05,af9fd1167b7175a21c3da7894b1755f827e79ac94835f43f72a344db41ef8190,00000000dfffffff
syn_syn_001011,syn_syn_001011.jpg,mendeley_synthetic,True,syn_grp_1078,train,1,[2],images/synthetic/syn_syn_001011.jpg,labels/synthetic/syn_syn_001011.txt,dbaea5f49392ca50c728ff8c2c25ba20c06f5dc04d881a027e6847f08800bc3c,90862528f4c14386a49d30c60cb7455733d421eae339c130c0cc222707d4dca0,c0c0c0f3f0f1f1f1
syn_syn_001018,syn_syn_001018.jpg,mendeley_synthetic,True,syn_grp_1079,train,2,"[3, 7]",images/synthetic/syn_syn_001018.jpg,labels/synthetic/syn_syn_001018.txt,2b9da9f7c53d00ec056e7a2e6e42d3caeb6cb243c62a4062639747ba1606efeb,ebb13beec7e1cee6b86d64f717edfb45f56b43b1e326c29884a924e4b39201bd,7878767f79720004
syn_syn_001020,syn_syn_001020.jpg,mendeley_synthetic,True,syn_grp_1080,train,4,"[0, 1, 3, 7]",images/synthetic/syn_syn_001020.jpg,labels/synthetic/syn_syn_001020.txt,e8460efed7a58d5b5d8fef37ef62beba9e60d5c6679ae94434862ad8c6ff9735,2b7af8a027cc0f1caa4c913e68951b775d15adfc6af19d20c4ecabfa626d6145,fffffcf808000000
syn_syn_001023,syn_syn_001023.jpg,mendeley_synthetic,True,syn_grp_1081,train,2,"[5, 9]",images/synthetic/syn_syn_001023.jpg,labels/synthetic/syn_syn_001023.txt,79542cb165885672590dacde6681a776e076e25454bd93b52e810cb9a8532be9,41f49e3c8e66e18224a2f7f1ab7a0e74cd1cd53c1ff4a4b57a6dcd701215b339,8185f1e0e0e1f070
syn_syn_001025,syn_syn_001025.jpg,mendeley_synthetic,True,syn_grp_1082,train,1,[9],images/synthetic/syn_syn_001025.jpg,labels/synthetic/syn_syn_001025.txt,a8e57f294d9b7bb923fa1cc453f0cb35dd381e16024068d297ef62b1c761689d,b9899ee29c8f8741dea3587270c853a5f16337879a1bb962af5ed6e45fab4357,00607078b8b90103
syn_syn_001029,syn_syn_001029.jpg,mendeley_synthetic,True,syn_grp_1083,train,2,"[6, 9]",images/synthetic/syn_syn_001029.jpg,labels/synthetic/syn_syn_001029.txt,63a9873737724fd8c1ca8fb08bf90f41d5a87cde6f25b45b99519403f0f50a78,8f2dfd42d3938e897e57ccf627631d1ab5a71acaf6e451df99442787ac1efbe5,0f1b030707276f0f
syn_syn_001031,syn_syn_001031.jpg,mendeley_synthetic,True,syn_grp_1084,train,4,"[0, 3, 9]",images/synthetic/syn_syn_001031.jpg,labels/synthetic/syn_syn_001031.txt,b6fa6e3c352b4a3f98c9896ea354b03a2bcfe131268d098f27ccd3842049f3b5,4441365aec3d8fb38ab8b5e18373ff069c00ec3563fdcb5d4b054a357243497d,e3c9c39bdb1f1f00
syn_syn_001034,syn_syn_001034.jpg,mendeley_synthetic,True,syn_grp_1085,train,5,"[0, 2, 4, 6]",images/synthetic/syn_syn_001034.jpg,labels/synthetic/syn_syn_001034.txt,6be4bf04871ba29311f43c1b44373b285d1664e555cc76e18491b16fecb39cbd,8eea9aa222636f38da46c907b44dd620fb2051d17e531e58c81c46db4f396d7a,f0fce707438e8c01
syn_syn_001037,syn_syn_001037.jpg,mendeley_synthetic,True,syn_grp_1086,train,1,[2],images/synthetic/syn_syn_001037.jpg,labels/synthetic/syn_syn_001037.txt,66cbeaa2e1ebdd5f79ab24a6a9b1a41ce65b303426d52abebcc16f6b54f5a40e,19929b9a23e0716dcb350434399c49095b11ce1e48c6478451af24a9ca56c7c7,04e4c87876f1e1a8
syn_syn_001044,syn_syn_001044.jpg,mendeley_synthetic,True,syn_grp_1087,train,3,[5],images/synthetic/syn_syn_001044.jpg,labels/synthetic/syn_syn_001044.txt,377077446ea329092959dab484f5114ad46e33ea8075f997da8032183109d0ee,429a0d8d03085f97e5db5504fcf4c794d5f415ccd116b306765e486da9be9872,c0c0c2cecec6e2e0
syn_syn_001047,syn_syn_001047.jpg,mendeley_synthetic,True,syn_grp_1088,train,2,"[0, 2]",images/synthetic/syn_syn_001047.jpg,labels/synthetic/syn_syn_001047.txt,2beb1d048e2e4c561580fafd0a8dd1e89c7d4830c248b96622e4fd5ab548f50f,3f665e6b841e6048dbb5a49df9a8fdb081ec3c8fe9df35bbd32c3d2a87a5e9a0,47197603333b9e7f
syn_syn_001057,syn_syn_001057.jpg,mendeley_synthetic,True,syn_grp_0501,train,5,"[3, 4, 6]",images/synthetic/syn_syn_001057.jpg,labels/synthetic/syn_syn_001057.txt,add80ad1f4b84b4d004213de83ed9b172b4d3a903b8dce6622c0b8f642f556d0,62926cc74d75c1c08a49ddae24d05d28c591926e78f5d6834e1dfa9099e2c045,e0e0e0f0e0e0f0f0
syn_syn_001058,syn_syn_001058.jpg,mendeley_synthetic,True,syn_grp_1089,train,4,"[2, 3, 9]",images/synthetic/syn_syn_001058.jpg,labels/synthetic/syn_syn_001058.txt,2150fab2d22c08b13c740585b07c4de28c02fc87706c1de92abb570accd2c843,1aec385f5cc328e21637c4e5828734278a9bb9158fd2fb7bd584592270648afc,fed082d6b4980020
syn_syn_001066,syn_syn_001066.jpg,mendeley_synthetic,True,syn_grp_1090,train,1,[4],images/synthetic/syn_syn_001066.jpg,labels/synthetic/syn_syn_001066.txt,7284f1463eb5d95e233d48c094fad93a18279164387fce1cea607200e6a6e1ef,80c2c678dbfe0a4ab9bde379c3d27b7c4d5896aa140630fb9ce88dbbf1c98bb6,184c1e260e0f0606
syn_syn_001129,syn_syn_001129.jpg,mendeley_synthetic,True,syn_grp_1091,train,4,"[7, 9]",images/synthetic/syn_syn_001129.jpg,labels/synthetic/syn_syn_001129.txt,d07b29b7465ea70c7fb1f92142489fbc8c137e39d9f4b09c4d21a2be89142385,f0eb85a7dd9d0aa54921089b80fa00c33b34cb091d86f319c853d8da8283bcf6,ffff3f030b0b0703
syn_syn_001142,syn_syn_001142.jpg,mendeley_synthetic,True,syn_grp_1092,train,4,"[0, 4, 7]",images/synthetic/syn_syn_001142.jpg,labels/synthetic/syn_syn_001142.txt,60ebbb4ace1a46cd871967d36a3f5a57dffa0b4084a0155ba8d46de1659d88d1,d67ef0ed38e6ad45ad97fa3a1ba0b1c5fdbbd8ef9bf991d82e2f2d3f13d38c4d,c181c7841f1e021f
syn_syn_001160,syn_syn_001160.jpg,mendeley_synthetic,True,syn_grp_1093,train,5,"[0, 3, 5, 7]",images/synthetic/syn_syn_001160.jpg,labels/synthetic/syn_syn_001160.txt,fb18859bccbe566a682260ecfcaa0b8ca316544a8c7dfbeae7b0b15fd4537b18,26725e2853cd98c7bd629d3eebc1dcab20f0b40ecef88a11d73f5b65788f9ee0,df0f0f0e06c2c2fc
syn_syn_001186,syn_syn_001186.jpg,mendeley_synthetic,True,syn_grp_1094,train,3,"[0, 1, 9]",images/synthetic/syn_syn_001186.jpg,labels/synthetic/syn_syn_001186.txt,833cf83ebd9f42b583b4aa094120160708e76d7afa6ad6c5e28cc0311ee72cff,efa755de6c2eab1045e063fde5966ebe9af01fe8adbc9b67fd7d8aef258046b4,fefe787030362c38
syn_syn_001211,syn_syn_001211.jpg,mendeley_synthetic,True,syn_grp_1095,train,6,"[1, 2, 7, 9]",images/synthetic/syn_syn_001211.jpg,labels/synthetic/syn_syn_001211.txt,554d7b481a55e43e1a028fefd50da1a5b2c8b4da208357213898c8af1f8b49ae,f8a66eae56f572802a1a12b474f7d589bde4d8a58e16affbb4edf8f34f932583,0787ff1f090f0703
syn_syn_001285,syn_syn_001285.jpg,mendeley_synthetic,True,syn_grp_1096,train,1,[9],images/synthetic/syn_syn_001285.jpg,labels/synthetic/syn_syn_001285.txt,0ca79fb299580159fc8bc5cee0dc99d6701c5bafb8c7f67203dfb8bfe9866a83,9e54dacbd8c26389f79308ee7d4628acf94072b3e017750b5cb4c728b6563f01,fcfcf4f0f8c8f8f0
syn_syn_001338,syn_syn_001338.jpg,mendeley_synthetic,True,syn_grp_1097,train,1,[6],images/synthetic/syn_syn_001338.jpg,labels/synthetic/syn_syn_001338.txt,b8b2734d5ee2a6ccf49cdb22ad6302aeebd2745f3aa123f9d422bb30c0ea7ce6,c8b59eef4ac68af6139b8480859757f7e33ed3010fd6cc06393e42fd88176e98,cf2610b8fce12d85
syn_syn_001348,syn_syn_001348.jpg,mendeley_synthetic,True,syn_grp_0346,train,5,"[3, 5, 7]",images/synthetic/syn_syn_001348.jpg,labels/synthetic/syn_syn_001348.txt,04cc75203f90a90233b493ecd1b215dbd0970e798c5d01b2f1a3033c07c53410,3aeebaab11970c5520cfc093c4e0bae4a6dfb710d815b2367ae657dd0bec889a,8eca41c1c1e0f2ff
syn_syn_001400,syn_syn_001400.jpg,mendeley_synthetic,True,syn_grp_1098,train,3,"[2, 4, 7]",images/synthetic/syn_syn_001400.jpg,labels/synthetic/syn_syn_001400.txt,6b4c107db8cac1b4c85de327d90dde37f9b21f0ca57194dd3647b2c9e9c5a17c,b03080c0c93911956ec254f1e2d7a44ff6d875766de553b44d1365dc7e9528c8,0f8fc1c387e3e3e7
syn_syn_001486,syn_syn_001486.jpg,mendeley_synthetic,True,syn_grp_1099,train,4,"[1, 5, 9]",images/synthetic/syn_syn_001486.jpg,labels/synthetic/syn_syn_001486.txt,7dc3d38e545d44adb84371f053adb798a765c3a368f7e655d992a7aaedddc54a,60cf9f32aa0edcfe2dd9f881cea74c36ecb149d0e9a61ed0daff9cec84809e16,2f37360636f0fcfc
syn_syn_001561,syn_syn_001561.jpg,mendeley_synthetic,True,syn_grp_1100,train,1,[9],images/synthetic/syn_syn_001561.jpg,labels/synthetic/syn_syn_001561.txt,c5648cb206f9ca89f9e81ba000c09b403d9fade674c60ada7598ac342f57af97,324b99cd18af965bfeafe378a41b15932f989f488c72847181b12f118355d0a6,e0e070fcf0f0f0c0
syn_syn_001579,syn_syn_001579.jpg,mendeley_synthetic,True,syn_grp_1101,train,4,"[2, 4, 9]",images/synthetic/syn_syn_001579.jpg,labels/synthetic/syn_syn_001579.txt,5f78c4b766e7e26f653eda5f968b68c507854a7d2e92a0ba9bb603ece8ac6274,2c81de4405635b6d034c0815f4fdc0f569280f5b347f374c08e70ab3f37c1f64,0302009170fcfeff
syn_syn_001584,syn_syn_001584.jpg,mendeley_synthetic,True,syn_grp_1102,train,4,"[0, 6, 7, 9]",images/synthetic/syn_syn_001584.jpg,labels/synthetic/syn_syn_001584.txt,0b1a4da0111f64449ae25db44d9365bc61b465038d140db2d405c97d75aad655,babd3414917dc9a54342964c94db8eb00b4891175dd1cb5f6e2f2783ce233ada,cc039c7e9bc67268
syn_syn_001602,syn_syn_001602.jpg,mendeley_synthetic,True,syn_grp_1103,train,1,[0],images/synthetic/syn_syn_001602.jpg,labels/synthetic/syn_syn_001602.txt,ba759d830bc290e757eb660dc91e728a8ddd7db4a8d091cd8a8dd4554aee6d41,880f088f9af5aa40c6e64f3dd863b062f2187718a18cc3147732a1c3e0758cd3,000afcb070c8c687
syn_syn_001649,syn_syn_001649.jpg,mendeley_synthetic,True,syn_grp_1104,train,5,"[1, 3, 4, 7]",images/synthetic/syn_syn_001649.jpg,labels/synthetic/syn_syn_001649.txt,8e62f6c73e7e14c3f91a3cd2f93089924bd940707eb8398ea03a3659977555cc,b3b77568c29ac95b85883c822c5bcb34b4cc1eda932d3ab5584d29d376fa9ace,0006bee63c7e428b
syn_syn_001718,syn_syn_001718.jpg,mendeley_synthetic,True,syn_grp_1105,train,1,[7],images/synthetic/syn_syn_001718.jpg,labels/synthetic/syn_syn_001718.txt,24fd49f786a2229e4a48df119af692dd4844f254d79bdcfeca250c33d18800e5,14db7ebac8a050d8582df4daee5e7825bad9e8ec5d11f86a605a4462fc01a65e,3f3f3f1f1c1c181b
syn_syn_001728,syn_syn_001728.jpg,mendeley_synthetic,True,syn_grp_1106,train,6,"[2, 3, 4, 5, 9]",images/synthetic/syn_syn_001728.jpg,labels/synthetic/syn_syn_001728.txt,e8147aab656af4e9c16668e13592150a2436382a3471f62108d785b68f73aecc,1b7f32c2e5baf623c1d0f9ae57d88540d5da458b35d21016936193595585a17c,e17edec286c14030
syn_syn_001729,syn_syn_001729.jpg,mendeley_synthetic,True,syn_grp_0158,train,2,"[2, 9]",images/synthetic/syn_syn_001729.jpg,labels/synthetic/syn_syn_001729.txt,3e1aafaefae4a084493658ee5899da1de46ef8e882fdb3f6baf5f061fb760fb5,bd75fdfe3704e5b81199fc80146c8be7b7d789975fa5180faff2a3e34dcf5012,1b1fbee5f5fbfffe
syn_syn_001752,syn_syn_001752.jpg,mendeley_synthetic,True,syn_grp_1107,train,3,"[0, 6, 7]",images/synthetic/syn_syn_001752.jpg,labels/synthetic/syn_syn_001752.txt,9574e6529af38d6517d8defcdfd132ae64f4201ec5d5beaa297720771f9dc148,a465da78540f4e8ff2fe65e065c9a6a459ba7be3abbf9525cd379dd97e27d268,d8fefaf8f8781e02
syn_syn_001767,syn_syn_001767.jpg,mendeley_synthetic,True,syn_grp_1108,train,2,"[6, 9]",images/synthetic/syn_syn_001767.jpg,labels/synthetic/syn_syn_001767.txt,8ddca9917f381c29903eb1175415ee4f7f042fb55285d1f8cab66a10d512f311,59de01d2df23642a8e88801bf9e9ae8a3b5f71203da8573af0198fb3f288afe9,393f4f679b07079b
syn_syn_001904,syn_syn_001904.jpg,mendeley_synthetic,True,syn_grp_0170,train,3,"[0, 1, 5]",images/synthetic/syn_syn_001904.jpg,labels/synthetic/syn_syn_001904.txt,f02df5645038d6597b81d684481d2f34639209b9e2bce5f872d07eecef81d3ab,c1064f3dba509211340771c45c4574e2be48e8a8b414f44a22b2c588a3354779,c3e7eef0c0800100
syn_syn_001949,syn_syn_001949.jpg,mendeley_synthetic,True,syn_grp_1109,train,2,"[0, 1]",images/synthetic/syn_syn_001949.jpg,labels/synthetic/syn_syn_001949.txt,058cdfc80b48060f6a13629bdb7c6e050148a3accdf9da33ff70663fbb814706,75c10107c9cc188a7e8c3ad3e7a721759a34a66c617bb7a78f1aacda14555aab,e202080007fbffff
syn_syn_001991,syn_syn_001991.jpg,mendeley_synthetic,True,syn_grp_1110,train,1,[3],images/synthetic/syn_syn_001991.jpg,labels/synthetic/syn_syn_001991.txt,917e470f2fc23ccf389eaeb29d309a136fce823ae5315dcc10827f40f068d7fe,7027ac02883a4941c8acff5faaf758550e45878d75fca15d1090eb4511520e9d,c0e0f2f2e2f0fefe
syn_syn_002039,syn_syn_002039.jpg,mendeley_synthetic,True,syn_grp_1111,train,4,"[0, 6, 7, 9]",images/synthetic/syn_syn_002039.jpg,labels/synthetic/syn_syn_002039.txt,4f3dcca49148b925d2c1dbd0cd798151f3fbefcae078f95a45767343f9381f11,7c50d9cf5a8e804770d7fdace2e89f07b7c54f4c06eec2c6d4a39c3f4713cdf5,9e6cc4e39d40f2f4
syn_syn_002057,syn_syn_002057.jpg,mendeley_synthetic,True,syn_grp_1112,train,1,[2],images/synthetic/syn_syn_002057.jpg,labels/synthetic/syn_syn_002057.txt,7c1ab3791f105c9563c3ffcc6242d5e972d3d6db5a34d83df7776cf55fcd3cd5,9e369776a0d34be09f5bf42dd62a77a4e262f46b1c26d285b80d3ed5b637a91b,c0c0c4fcfcd8c040
syn_syn_002059,syn_syn_002059.jpg,mendeley_synthetic,True,syn_grp_1113,train,1,[2],images/synthetic/syn_syn_002059.jpg,labels/synthetic/syn_syn_002059.txt,17ba574875fc1c2bf1e4ac0165808a2325a57aa7f4c0e90ff3e609720363de8b,52e27daf1e0a4665f72b2ba7f510300e8fe96b8455805640841456bc2362b076,007efcfcff0498f8
syn_syn_002093,syn_syn_002093.jpg,mendeley_synthetic,True,syn_grp_1114,train,1,[9],images/synthetic/syn_syn_002093.jpg,labels/synthetic/syn_syn_002093.txt,48ad97223323ce80c038cfb39fdfb8b5088882a9a1b26d66930f5d5df8f92be3,a0deae7094348ecfdf12438753849c7ecb2fcd205aead2b0b49dd854b1df154f,d05057dee4e4e6f7
syn_syn_002169,syn_syn_002169.jpg,mendeley_synthetic,True,syn_grp_1115,train,1,[9],images/synthetic/syn_syn_002169.jpg,labels/synthetic/syn_syn_002169.txt,3298e352bf63f92f45055ab1d5b868eeb88c4f4bfa4d1c0f72adb111d50d79ff,d6a0e384e1198f63f8c1675f9e40339485720845566930565eda3c67387d1cd4,f0e07c7c7d7c0080
syn_syn_002219,syn_syn_002219.jpg,mendeley_synthetic,True,syn_grp_1116,train,1,[3],images/synthetic/syn_syn_002219.jpg,labels/synthetic/syn_syn_002219.txt,76fdc6bfb6bb719021bbaaec2cdf202021b55f272e746dd7b1046be57c51efbf,c102e9a6594dc58c580dc2213def2727090f3392b0a8a8654ea3d03b64cfa085,0707071f8fcfeccd
syn_syn_002242,syn_syn_002242.jpg,mendeley_synthetic,True,syn_grp_1117,train,1,[5],images/synthetic/syn_syn_002242.jpg,labels/synthetic/syn_syn_002242.txt,4aad288da3160069def910006c65979e44c557aeb710c1553649782d56c195c5,1148afffd6cfb14ecfa43ae2573dba8dba1be1c4aa9d8f0f7cb72c9ce9c1776f,c4091ce0853ca402
syn_syn_002249,syn_syn_002249.jpg,mendeley_synthetic,True,syn_grp_1118,train,4,"[2, 3, 4]",images/synthetic/syn_syn_002249.jpg,labels/synthetic/syn_syn_002249.txt,05e94ecb727416e1d5046abd957ca5b91a2413f226fe603174fc1fba9a729e8a,c2313a1c4d26f6ea0bae508e205e3477dfdf244d8bebd57af7eed136628aac0c,ffefcf6c00000ec4
syn_syn_002278,syn_syn_002278.jpg,mendeley_synthetic,True,syn_grp_1119,train,3,"[0, 5]",images/synthetic/syn_syn_002278.jpg,labels/synthetic/syn_syn_002278.txt,ede3d4b9fbc2d71372c74a7f69c070071062327e465212f1fff5db7c794cc9c0,568ed10d76ef642866d76a8b289e1d507fda7405a100732ed7ff1115a7e1af7f,000024242fffffff
syn_syn_002299,syn_syn_002299.jpg,mendeley_synthetic,True,syn_grp_0850,train,1,[4],images/synthetic/syn_syn_002299.jpg,labels/synthetic/syn_syn_002299.txt,3c87fb8142ddd6a138626884825ad6c1a4441c8f7969d9836eabc0f880577f83,71fe9d1f8bc33561ce9f93c40ca94a722cdb2247d9861b8ae564c910b9e56159,030303070f0f1f3d
syn_syn_002380,syn_syn_002380.jpg,mendeley_synthetic,True,syn_grp_1120,train,4,"[2, 4]",images/synthetic/syn_syn_002380.jpg,labels/synthetic/syn_syn_002380.txt,fc8b28c7a17a27e487b4ad909f9ba5dadde130c0368e0526a22d4f4e99739a94,ec84615ebff87172b3c621d4d484d88e2009cfa843a9cff4621c140e3a1525dc,6fe33470030f01ff
syn_syn_002418,syn_syn_002418.jpg,mendeley_synthetic,True,syn_grp_1121,train,1,[3],images/synthetic/syn_syn_002418.jpg,labels/synthetic/syn_syn_002418.txt,af42385c9a6d1edc04f4ad1ba16731fc4c85c3cfffabcbff6bcabfd06b321a2b,cd3eb11a9c63435eedd578e5c6dd127575a1699e1f3bb99e2f158a5c65d6eacc,18183093f3fbffff
syn_syn_002442,syn_syn_002442.jpg,mendeley_synthetic,True,syn_grp_1122,train,2,"[6, 7]",images/synthetic/syn_syn_002442.jpg,labels/synthetic/syn_syn_002442.txt,380ded4c8e0582cab57c686f56725de89e8804727b352959d5b4b5286548b8c4,c161133ae15bd310f343b37f3bdb96daa786965ae653de18a603ffac978c96da,f0faf0e0f0c1bbff
syn_syn_002445,syn_syn_002445.jpg,mendeley_synthetic,True,syn_grp_1123,train,3,"[4, 5, 7]",images/synthetic/syn_syn_002445.jpg,labels/synthetic/syn_syn_002445.txt,c8b79ff2d8197e69556e7640992f95c31558d126d828db43a81be98a05c3482d,c1704bc1353e66e9abaa79417b0a282c32778a255ea8ca36ba841010d8cd29a1,025205060d0f7fff
syn_syn_002494,syn_syn_002494.jpg,mendeley_synthetic,True,syn_grp_1124,train,6,"[2, 3, 4, 5]",images/synthetic/syn_syn_002494.jpg,labels/synthetic/syn_syn_002494.txt,d2587126a2dfa3df0ac9f49cfd1936803a22d9d13050ea97634544de52a2a6b3,182eabd1eb95c6ecd4e9227ecae2f69a2bfd8dc1aa21c50c6e280397c9fdceba,673f30202f0f1c19
syn_syn_002520,syn_syn_002520.jpg,mendeley_synthetic,True,syn_grp_1125,train,2,"[3, 9]",images/synthetic/syn_syn_002520.jpg,labels/synthetic/syn_syn_002520.txt,c1fb02338bb2ac6eee79c94ed7a90ba5934655df6c862ebebc9d8869a52cc038,03f81b48ff9ac7e92e4df83e020145dc14e0dba21d43e5116231959b59c2be61,9f7f3f2f3f1f0f07
syn_syn_002588,syn_syn_002588.jpg,mendeley_synthetic,True,syn_grp_1126,train,1,[0],images/synthetic/syn_syn_002588.jpg,labels/synthetic/syn_syn_002588.txt,b231f7f0c0fec55aca409af70a8d0012cb50a88b2bc5fd447f36b85d66bc8505,7321b2039495fca4d922d27187c2e43612534201ffd06cf0ab838ff18767095f,070c0ca33713730e
syn_syn_002718,syn_syn_002718.jpg,mendeley_synthetic,True,syn_grp_1127,train,1,[0],images/synthetic/syn_syn_002718.jpg,labels/synthetic/syn_syn_002718.txt,a8b166f105618413dd1955c8ad1ec0f9766cbafd759919d70eebf50f23afe34f,8123c4c7e59401d2e7fadc79b4932917fc70000142c285d1046a1eca3daf3bf0,000003101dffbbff
syn_syn_002772,syn_syn_002772.jpg,mendeley_synthetic,True,syn_grp_1128,train,3,"[3, 5, 9]",images/synthetic/syn_syn_002772.jpg,labels/synthetic/syn_syn_002772.txt,a534e77658dabd08f7b45da73caff8db8ab4ad345cab4dee054739b428c72a65,993233558c4f5ce05bd61f4f6b2c135de199a32d95fa7e199f5889c12734ab55,f0f6080c0c47e7ff
syn_syn_002832,syn_syn_002832.jpg,mendeley_synthetic,True,syn_grp_1129,train,3,"[0, 2, 7]",images/synthetic/syn_syn_002832.jpg,labels/synthetic/syn_syn_002832.txt,4c3a0684f80e32da0362700e54a35e36e836c540b799b23e20ad76d62b0e9f8e,568510e948b8c1cadd05e1c7534549c94bf2546847c68743478810c98f51d8b0,feb95fbe5b070442
syn_syn_002838,syn_syn_002838.jpg,mendeley_synthetic,True,syn_grp_1130,train,1,[9],images/synthetic/syn_syn_002838.jpg,labels/synthetic/syn_syn_002838.txt,f9748c278881fbf1bca2813e1c168bdd256c1401ef5dc9ee4bed29fc02d74883,a4d3a6c3d08a843f4d5734aa24f2bc46c3a8bf56c74898796648c0910ab6fbf9,1c0f070707050500
syn_syn_002907,syn_syn_002907.jpg,mendeley_synthetic,True,syn_grp_1131,train,2,"[7, 9]",images/synthetic/syn_syn_002907.jpg,labels/synthetic/syn_syn_002907.txt,413eab6d769f9464d8f93ea68e6f61d57555eab05db38f50b175eb8720068237,103769c043fd28534a83dd0c472077b51e1db747cadad3d0dc9027b034e01672,1d1f93bb59576fc6
syn_syn_003076,syn_syn_003076.jpg,mendeley_synthetic,True,syn_grp_1132,train,1,[1],images/synthetic/syn_syn_003076.jpg,labels/synthetic/syn_syn_003076.txt,674eec42298d41bb550b30b812facc937185efe0c45079fad57ec1253f34204c,04ea2707e1ddbe520467c7e6c18919ce58e6c24aa180ea0a32b09a862b832549,1e07011f1f0f1f0f
syn_syn_003094,syn_syn_003094.jpg,mendeley_synthetic,True,syn_grp_1133,train,4,"[0, 7, 9]",images/synthetic/syn_syn_003094.jpg,labels/synthetic/syn_syn_003094.txt,2a222af69eb8fe71c3bdf9afc2932de8e751a001fb83759a3629ca028ef9c15c,790582cbaf252d9386fbfe45b205ffe7ff45afe6e66588c2f87ce71d4c234837,f2e3038303031337
syn_syn_003222,syn_syn_003222.jpg,mendeley_synthetic,True,syn_grp_1134,train,2,"[2, 5]",images/synthetic/syn_syn_003222.jpg,labels/synthetic/syn_syn_003222.txt,ab70aee9c3bea328c10eb3ff94899accac306521578a5d8c53d2baf98d456726,e432756e9323afb70e39e84d8e55cd29692173a6369f352238b6c0e04ced4cca,60fc3e1f0b70fcb8
syn_syn_003227,syn_syn_003227.jpg,mendeley_synthetic,True,syn_grp_1135,train,1,[9],images/synthetic/syn_syn_003227.jpg,labels/synthetic/syn_syn_003227.txt,6d557702d39d4130fd48fd94c6a860e5ef878af12ee566791979e6ebf41c4f86,b032c189f8d31f3696e69b959c325146fe0bd9818f6223a3f2a7e824c4fea0ba,0010047cef46f6f2
syn_syn_003308,syn_syn_003308.jpg,mendeley_synthetic,True,syn_grp_1136,train,3,"[6, 7]",images/synthetic/syn_syn_003308.jpg,labels/synthetic/syn_syn_003308.txt,6d9246079184bea9cc912463b6487c0006aaae28f0e7f1e2d91c1cdf943ed525,e27b2e9850f14b766ad2094dc2f5ea185a17b8b93d04fe76a91f45f7b0c72f16,030b7838213f1e0f
syn_syn_003326,syn_syn_003326.jpg,mendeley_synthetic,True,syn_grp_0373,train,2,"[3, 5]",images/synthetic/syn_syn_003326.jpg,labels/synthetic/syn_syn_003326.txt,42a02183111204638d5a7b6bcef72bb1c9f794be6d6ed78ae87215a465479926,e23bb6d0894a3cae2c3b015abf22b9932ca455c3c443eab73bcdccbab751e6b0,00bec5013d7fff00
syn_syn_003357,syn_syn_003357.jpg,mendeley_synthetic,True,syn_grp_1137,train,3,"[3, 9]",images/synthetic/syn_syn_003357.jpg,labels/synthetic/syn_syn_003357.txt,4041613830c6d537dd35daac982b0be9e87a205acaee63e5b90cc6fa7996d064,17e509bef2c83a72e46102bfbeb21484efc322297adc4903b31659727681b8ee,000307073d343e7f
syn_syn_003457,syn_syn_003457.jpg,mendeley_synthetic,True,syn_grp_1138,train,1,[1],images/synthetic/syn_syn_003457.jpg,labels/synthetic/syn_syn_003457.txt,2bddc0c4e73194c8179ad351a51d02c2939cc8627f056bf0be6d39dbb8f5a6e2,cb65122971fbc1642ff16181e83340deabac84d5600bb331af06870e783db806,000300999b1f7fd9
syn_syn_003460,syn_syn_003460.jpg,mendeley_synthetic,True,syn_grp_1139,train,4,"[1, 7]",images/synthetic/syn_syn_003460.jpg,labels/synthetic/syn_syn_003460.txt,13817253f18561c1f91c3c0f1effd5e1b091a14ffbcb2a43c18f4c1b1b2fe315,097e22e03dda2a14a20271c3ed4be025a6546cc770448dfc3f68c4c3181e1cba,ffffb5ff91816160
syn_syn_003565,syn_syn_003565.jpg,mendeley_synthetic,True,syn_grp_1140,train,3,"[2, 5, 9]",images/synthetic/syn_syn_003565.jpg,labels/synthetic/syn_syn_003565.txt,4cefb8cd2719159bf7fe84768aa9c2c439dcea9bba374a0777e07aaf4b50a9b7,259d35b8b2ef0281c1e2f16b05504d6aa8ff639e50fde9f31a089567223c08f3,2480037f7c381800
syn_syn_003579,syn_syn_003579.jpg,mendeley_synthetic,True,syn_grp_1141,train,1,[6],images/synthetic/syn_syn_003579.jpg,labels/synthetic/syn_syn_003579.txt,a3c4364ecb716371c535d655e46995ea0df5c887d0c63b74f4fa411d0439edef,12ed738d647fae338f39e7bdb00b50f01c9d39211365184f4fa8dae76d983c5a,c3c1e0f0faf0f0f0
syn_syn_003640,syn_syn_003640.jpg,mendeley_synthetic,True,syn_grp_1142,train,5,"[1, 3, 4, 7]",images/synthetic/syn_syn_003640.jpg,labels/synthetic/syn_syn_003640.txt,ef61ee20be2e93242ff9020adbf03c1113409270371ffa549ac3adaf07597c14,dea9ce231ceef9a7730e1850bff0d1c2e188a754431636b7c235f974313d9e40,f8e0b8fcfcf80072
syn_syn_003688,syn_syn_003688.jpg,mendeley_synthetic,True,syn_grp_1143,train,4,"[2, 3, 5, 7]",images/synthetic/syn_syn_003688.jpg,labels/synthetic/syn_syn_003688.txt,3e4f874ff7d14a7f933c6141c0b3f70600da4da4dc97b92e4b3e9152d3c2fd75,2be81ec9ffc6fa6add1e365e6977551c1a52bb3bc61c29b28bc6b4714023d944,b28080e0e2c2e0e0
syn_syn_003757,syn_syn_003757.jpg,mendeley_synthetic,True,syn_grp_1144,train,6,"[0, 1, 5, 6, 7]",images/synthetic/syn_syn_003757.jpg,labels/synthetic/syn_syn_003757.txt,aa9f6c85a1beda4a3e6d4c08f1c17279b088d3c8c31c3637b99abc454841dc63,f456148d92ea2847251ed0d0240d18e9b99b0ae81de26a0ed2fdbddf85b210f2,c2c2febc068f0501
syn_syn_003771,syn_syn_003771.jpg,mendeley_synthetic,True,syn_grp_1145,train,3,"[0, 9]",images/synthetic/syn_syn_003771.jpg,labels/synthetic/syn_syn_003771.txt,072ff9c27984a8eda3b8d1a0b2f12ae121683e50efac0f76c90ca7e40a517fd1,9801789cbbb98c188334dfbe458f88d615f2bb22be62c6984750f39d5d66f832,06060f0e0e1e4418
syn_syn_003818,syn_syn_003818.jpg,mendeley_synthetic,True,syn_grp_1146,train,4,"[1, 2]",images/synthetic/syn_syn_003818.jpg,labels/synthetic/syn_syn_003818.txt,d386730daec711878561278243178e58e18a63d72a64e9edfdaf45add0fded96,764edd2e6fef3768b2ad1b0c914c9b3c8d3ede4d7b618b97a3f9bf1e6012bae6,0000181e3f38f8f9
syn_syn_003859,syn_syn_003859.jpg,mendeley_synthetic,True,syn_grp_1147,train,1,[3],images/synthetic/syn_syn_003859.jpg,labels/synthetic/syn_syn_003859.txt,6e9a380d496956e75b7d1342602ade23730dac6bc6f0c933c9091503334bac18,8f779e3995304d6f46a08a3a60e255aa775f3a5fd86566f685a4a88f104c28e1,100c7d6d285dfc20
syn_syn_003875,syn_syn_003875.jpg,mendeley_synthetic,True,syn_grp_1148,train,4,"[0, 3, 5, 7]",images/synthetic/syn_syn_003875.jpg,labels/synthetic/syn_syn_003875.txt,de29c184054a03ea41c24adc51aec77ce6f0e60aee24995b92451e9992cd66c7,2309cd903500e44ba9726b719527e9e2f3e3165adf42ea0934fa3b3bb3e1eaaa,f7cfc9d1a140f8fa
syn_syn_003933,syn_syn_003933.jpg,mendeley_synthetic,True,syn_grp_1149,train,3,"[1, 5, 7]",images/synthetic/syn_syn_003933.jpg,labels/synthetic/syn_syn_003933.txt,fe9286e5e0ac78e3b387ab88a178ae575a28afa5ff9b9a8ffffc4756f09a9cbb,b4a892f674275ba803aa048e7fa82a5dd76d5a7a7a80c5637f0217cf7a63d1b3,00000078fc1c1f9f
syn_syn_003966,syn_syn_003966.jpg,mendeley_synthetic,True,syn_grp_1150,train,4,"[1, 2, 4]",images/synthetic/syn_syn_003966.jpg,labels/synthetic/syn_syn_003966.txt,1fbbd2a83638f84cfaf0ad42de93a1a94f3486f13308503ac6535aeafa6c901b,de0692b4e5effa0ba2ad96a6557991f371bf6e83684427a495df212383302997,fdfcd8880417070f
syn_syn_003968,syn_syn_003968.jpg,mendeley_synthetic,True,syn_grp_1151,train,6,"[1, 2, 7]",images/synthetic/syn_syn_003968.jpg,labels/synthetic/syn_syn_003968.txt,f5b10a2afea435ff42ab671b114942b474efd810d6d862ec57d6515fca4f8b89,d35e84fbfbb8f345560677c363858817fc7607daefc8eed71c4369c048b1fa6e,001c76b6bf7e4000
syn_syn_003990,syn_syn_003990.jpg,mendeley_synthetic,True,syn_grp_1152,train,5,"[0, 3, 4, 5, 9]",images/synthetic/syn_syn_003990.jpg,labels/synthetic/syn_syn_003990.txt,190b74d5a6314a635af234e25225249acc588e41deeb1aa917388c3407e819ee,283415dc872e9c78fd065ca8601082626fe85041284846c23653bfd8d54f6bbb,0764647c0f171801
syn_syn_004038,syn_syn_004038.jpg,mendeley_synthetic,True,syn_grp_1153,train,1,[7],images/synthetic/syn_syn_004038.jpg,labels/synthetic/syn_syn_004038.txt,ebc76228be137afb50e8eaa8471c984fbd16ba039030da04082950b8bf4829e8,a01fd64d1fba2dd61e67180956cedd94421501465527884051b22bc65d01f748,bd7efafb87c2e342
syn_syn_004185,syn_syn_004185.jpg,mendeley_synthetic,True,syn_grp_1154,train,2,"[3, 7]",images/synthetic/syn_syn_004185.jpg,labels/synthetic/syn_syn_004185.txt,3d0cca0e160bac5965b080c13363b2adfd50f41d1a5ecdbee061b7af911c5114,8561f91b03fa978c54cd516884fa6d255e6393a96fe30646c3e054dfe5264e5d,ff7f7e96879b4701
syn_syn_004253,syn_syn_004253.jpg,mendeley_synthetic,True,syn_grp_1155,train,5,"[0, 1, 6, 7]",images/synthetic/syn_syn_004253.jpg,labels/synthetic/syn_syn_004253.txt,444afdfe1b5affd7b5818170918517740c1705eebbaf3a84e45fc155916931c4,74101ce89961d7c1599ab6a3703aa2b6de8b9e4c867bce74e9cccaa2f9b7e115,040c00276b6bffff
syn_syn_004274,syn_syn_004274.jpg,mendeley_synthetic,True,syn_grp_1156,train,1,[5],images/synthetic/syn_syn_004274.jpg,labels/synthetic/syn_syn_004274.txt,e56957000668b825ff0ec1cbb03773cd195d4b3bf437c051e118507e42b45389,79e2cf9ababb6688c0658f804ef62fbfda46da859afec44ac50e037a05e7f8d2,ffff830000018fff
syn_syn_004285,syn_syn_004285.jpg,mendeley_synthetic,True,syn_grp_1157,train,6,"[0, 2, 3, 4, 6]",images/synthetic/syn_syn_004285.jpg,labels/synthetic/syn_syn_004285.txt,257bb606195c9f382cf1b2a8f5da28e1de8b703e5602938267f23041bbfcf106,c974e997fe464de8ebac9e86f37908223d1528f21f94460e8634d9b45dd39c72,fee6e7c1c0e0e0fb
syn_syn_004377,syn_syn_004377.jpg,mendeley_synthetic,True,syn_grp_1158,train,4,"[2, 5, 6, 9]",images/synthetic/syn_syn_004377.jpg,labels/synthetic/syn_syn_004377.txt,b346caaf83d18c2bf93236bd532e181d627f7ac06bdb99f7756f1d2d20d0ec3a,27aaf361c347d8f5245cf722f5bbe3ed00e0247129b2b15037cff14a3ce5f305,3ff3d9cf80140800
syn_syn_004383,syn_syn_004383.jpg,mendeley_synthetic,True,syn_grp_1159,train,6,"[2, 3, 4, 9]",images/synthetic/syn_syn_004383.jpg,labels/synthetic/syn_syn_004383.txt,153dd3bc638f97945a7aaf814a0a71caf3675e801d0a67b5496bacd14b0099bf,260b673b3622776c388a0a58c58b6ed632d4cdeee45068c28f0cc34ebae9497f,9ccf6727f9d1031c
syn_syn_004385,syn_syn_004385.jpg,mendeley_synthetic,True,syn_grp_1160,train,5,"[2, 4, 6, 7, 9]",images/synthetic/syn_syn_004385.jpg,labels/synthetic/syn_syn_004385.txt,0e7f9af306c99f6724fa71900008d50781c77a4d4d5dce35ecf0276a441a487b,d3e845058bad4d91c136e73ae7094ca40538641c730b1e89696e3ddd2cf3894a,0030d06010c9fcff
syn_syn_004389,syn_syn_004389.jpg,mendeley_synthetic,True,syn_grp_1161,train,1,[5],images/synthetic/syn_syn_004389.jpg,labels/synthetic/syn_syn_004389.txt,afd631938b513f5fc8472e73d2a3c76d7f9a8f62d36b81096dd4737e5e225ee0,7af2a1e90f5c35a28993c95e056c969415285bef0e06d4dbaec84227d8fde28b,8b0f071f0f4f0f1f
syn_syn_004457,syn_syn_004457.jpg,mendeley_synthetic,True,syn_grp_1162,train,3,"[1, 2, 5]",images/synthetic/syn_syn_004457.jpg,labels/synthetic/syn_syn_004457.txt,67248393eb8d79211e6d2c770e9d41b1f06bd02b333f0e39b741dd486d3aab89,3292ca0b5b39825455ccbf50157286330fdc75ba844f803ce12625366803ab08,c0febebcbcbc8000
syn_syn_004466,syn_syn_004466.jpg,mendeley_synthetic,True,syn_grp_1163,train,2,"[2, 4]",images/synthetic/syn_syn_004466.jpg,labels/synthetic/syn_syn_004466.txt,f61d8bfb16b185abcbbfad16a9156944e46fd8e0bc4f26111a636addc9142c95,61dc029d4cd2dc99ed646a01526206429732190c4212374710265c56dc257e3a,ffece0488080b0f0
syn_syn_004474,syn_syn_004474.jpg,mendeley_synthetic,True,syn_grp_1164,train,6,"[3, 4, 5, 7]",images/synthetic/syn_syn_004474.jpg,labels/synthetic/syn_syn_004474.txt,eb40be747cab097e326808a723e4b7c1ff2ddf61ccba5056790d46a9c7b1676d,51d3bfefd4fc23aea066b21ac208e882f15e93d7b5ff62eec65ecd4b51b207d5,3fffb7e4f7ebe0c0
syn_syn_004517,syn_syn_004517.jpg,mendeley_synthetic,True,syn_grp_1165,train,6,"[0, 1, 3, 5, 6, 9]",images/synthetic/syn_syn_004517.jpg,labels/synthetic/syn_syn_004517.txt,104d6438f54c0e60329209f77b892d3a0bcc7d00e6bb4f0e5110c696deeb3619,96791a7d9b057e647b4eb47332d94e6c6400d92abfb52ba60afe37f51993ec80,fbefff3e3e200000
syn_syn_004529,syn_syn_004529.jpg,mendeley_synthetic,True,syn_grp_1166,train,3,"[0, 7, 9]",images/synthetic/syn_syn_004529.jpg,labels/synthetic/syn_syn_004529.txt,5fd2807f1d05a82c3601092214dcdde3d0772173acd869fc6fd6cfd55a18dfbb,110d14d1c9cf20836de36b198bc9542ed020ae4584b05b3ad0cb36277055cf33,6060f17064f83218
syn_syn_004544,syn_syn_004544.jpg,mendeley_synthetic,True,syn_grp_1167,train,6,"[2, 3, 5, 6]",images/synthetic/syn_syn_004544.jpg,labels/synthetic/syn_syn_004544.txt,57d99dc6883127ff6cb35b2d3f490a5dbb310a7c3996b1d53bbcde348323a125,6ca910f876904045620643a70978622c6fdc61adf720950d6087a95f2c79255c,00181c3f7f3c1800
syn_syn_004643,syn_syn_004643.jpg,mendeley_synthetic,True,syn_grp_1168,train,1,[9],images/synthetic/syn_syn_004643.jpg,labels/synthetic/syn_syn_004643.txt,6a60de6dd197b54098df075677f054dfb07f9d2d40ba18042b344b56f4695571,3ac9a00873c580ead44ef222461d27bbbfa3c84cd06b2bed9666007fec590d00,84e4ca787ef981a9
syn_syn_004653,syn_syn_004653.jpg,mendeley_synthetic,True,syn_grp_1169,train,2,"[5, 6]",images/synthetic/syn_syn_004653.jpg,labels/synthetic/syn_syn_004653.txt,223baad5c61997305adb8774c1f22c940284864bd4b725c34e3ecc1c8233b7d8,8440b9ecf879458bc71e4a937bb477ec653cadb183b90776e78f80ada2836570,a0f8efb8fddf8703
syn_syn_004785,syn_syn_004785.jpg,mendeley_synthetic,True,syn_grp_1138,train,1,[3],images/synthetic/syn_syn_004785.jpg,labels/synthetic/syn_syn_004785.txt,ef92fb2115af1613fc74bad83e0b59ddccce24be7c10ac16df65b0cd23707d0c,f92e803f3a249bc8815e5bd4b3109b92f3458e5613fc2752f2b50f2fd9d21d87,000300999b1f1f19
syn_syn_004828,syn_syn_004828.jpg,mendeley_synthetic,True,syn_grp_1170,train,6,"[0, 2, 4, 5]",images/synthetic/syn_syn_004828.jpg,labels/synthetic/syn_syn_004828.txt,ec865831ec4b815a74bb9b85f28d3bfbed613f06cb5af5bfa381582f1bd80980,a25c66df42b5fb942eb286bd23d2428615e318ca40733ed5f4244115cde74f1b,3f9f7a3830000000
syn_syn_004835,syn_syn_004835.jpg,mendeley_synthetic,True,syn_grp_0145,train,3,"[1, 3, 6]",images/synthetic/syn_syn_004835.jpg,labels/synthetic/syn_syn_004835.txt,f7c6daa91c7048ab37238261777370c88c71bb57603f14a261cb28718791376e,77e87c258c951e22ed3bf4fb426098536cacc7fc03d85ed8e2190dfc34019605,1f0f0f0f0f070707
syn_syn_004909,syn_syn_004909.jpg,mendeley_synthetic,True,syn_grp_0760,train,4,"[2, 5, 9]",images/synthetic/syn_syn_004909.jpg,labels/synthetic/syn_syn_004909.txt,bfc862fe328b4751af0246b0c264749202083014cb39900897ad16ed8b8bbe38,b5cbc71bc48258d17446b6e6e515d7d92db54401b51c3f3aa877f3229041c066,00010f1f1f0f0f07
syn_syn_004925,syn_syn_004925.jpg,mendeley_synthetic,True,syn_grp_0145,train,3,"[5, 6]",images/synthetic/syn_syn_004925.jpg,labels/synthetic/syn_syn_004925.txt,9872b3f37bf8aeaf623d596149748a5119d791e01a3b7a925fd2ad639b69b43c,e01142edd2d0fa1c362056eef95f9315849d4a1bcadbbf709af31d3bda5ccb80,020f0d071f070707
syn_syn_004931,syn_syn_004931.jpg,mendeley_synthetic,True,syn_grp_1171,train,3,"[1, 2, 5]",images/synthetic/syn_syn_004931.jpg,labels/synthetic/syn_syn_004931.txt,402990d24e555d9fed648c67bfb0546c7a039682bd28c0e742c40980b9b93745,deebf25584cbda57fb6e7df001680f75d9789770214fd4b28b75f5c96136c25c,ff3b3f3f3f181000
syn_syn_004940,syn_syn_004940.jpg,mendeley_synthetic,True,syn_grp_0572,train,2,"[7, 9]",images/synthetic/syn_syn_004940.jpg,labels/synthetic/syn_syn_004940.txt,c063313e16f1f00a8794f2b4bd43a8cd91994f8edb862669da92f868d141d6b1,06af8dfaf22fbdfd0b02ab3c26a02ede6fce74fe58587686d7bcfeb725a6c85e,00fffbfb73000000
syn_syn_004945,syn_syn_004945.jpg,mendeley_synthetic,True,syn_grp_0276,train,2,[7],images/synthetic/syn_syn_004945.jpg,labels/synthetic/syn_syn_004945.txt,888d7724f1b0c4099682226128a995c6cc5abad5aa201d01936754a6f230bff2,f434ccc096556fa98b567136ab20141f3d96144f33b1423988fc09963c18e64c,2f0f0f1f1f1f1f5e
syn_syn_004957,syn_syn_004957.jpg,mendeley_synthetic,True,syn_grp_1172,train,6,"[0, 2, 3, 6, 9]",images/synthetic/syn_syn_004957.jpg,labels/synthetic/syn_syn_004957.txt,612fbdab726d230fbc30cdaae97c389523b13ffe5c419252e4389e9a6e62042e,970168a09d4e2ece7f8f94a64e3a891562c743e8b1387039389ead88b3fbb60b,8e8e7e7c34000004
syn_syn_004970,syn_syn_004970.jpg,mendeley_synthetic,True,syn_grp_1173,train,2,"[2, 9]",images/synthetic/syn_syn_004970.jpg,labels/synthetic/syn_syn_004970.txt,31de84ee7f76f2900273ac79548044ddb1c3a9e324ec5e612676d53d90419744,833026efdaa279ab04b0f748fb3661a2b6d40a5feb09067694cf1fa9470b0b5f,0341414303870f1f
syn_syn_000010,syn_syn_000010.jpg,mendeley_synthetic,True,syn_grp_1188,train,6,"[0, 1, 3, 4, 7]",images/synthetic/syn_syn_000010.jpg,labels/synthetic/syn_syn_000010.txt,71d0bdbad5a1fd64908b98f494a9c01ef39a7d57e997ba9c8bb0dc025f06fead,9c823b1c4ca5c3078e2ba178a6c762c08802d0f0fbcb315a9b3b75c6e68ca4b9,0e05e3e3d38393ff
syn_syn_000015,syn_syn_000015.jpg,mendeley_synthetic,True,syn_grp_1189,train,3,"[6, 9]",images/synthetic/syn_syn_000015.jpg,labels/synthetic/syn_syn_000015.txt,77e9498049e63b5e84789a5ef93607a7b5bbf3576382d313134d1333ea32513d,33565d6e19a6ae7db24c21689398da2404ca6932ccd96ce3b132a5801d4528aa,ff7e380804030f6f
syn_syn_000031,syn_syn_000031.jpg,mendeley_synthetic,True,syn_grp_1190,train,1,[2],images/synthetic/syn_syn_000031.jpg,labels/synthetic/syn_syn_000031.txt,a1b09e05649f56a541effd8aec2c2b2557d81155390ada3a72368f680f29cbe8,c6c78330960ba6ee52e7b3ab9670611d1c738e7ed483c9614765d05413505799,3f1f0f07632303c1
syn_syn_000034,syn_syn_000034.jpg,mendeley_synthetic,True,syn_grp_1191,train,1,[0],images/synthetic/syn_syn_000034.jpg,labels/synthetic/syn_syn_000034.txt,d7bd9a825c6c97d1c1ae0242753a819721df4d3c04c419f11a1dacc2a01c2388,3e36d121ff8dd2628b4070f5a88ce3bf05dd145b47ae31024c614e8346a155f9,fbf3bffe270fa101
syn_syn_000035,syn_syn_000035.jpg,mendeley_synthetic,True,syn_grp_1192,train,3,"[1, 2]",images/synthetic/syn_syn_000035.jpg,labels/synthetic/syn_syn_000035.txt,b1abe4a9ed9dfb70a2562ab22ceb192b06ed1da816a3bee40097f66ce127a29c,b4bc75bdd8196e315d4798a36e46ed1fe907c869490e62dc16b3267f997ffe6f,f8f8e6e9f1696def
syn_syn_000037,syn_syn_000037.jpg,mendeley_synthetic,True,syn_grp_1193,train,3,"[2, 3, 4]",images/synthetic/syn_syn_000037.jpg,labels/synthetic/syn_syn_000037.txt,0c64cc125153d1f4b6acd2bc5e84ccfb79a28896a8658a9e376944943be152b0,7328637c28a3b1a39b5b2f8a35e309cd3e5388cf1cc3c67200cc3f03b94b7fa2,b820e0f2b2f3f37f
syn_syn_000075,syn_syn_000075.jpg,mendeley_synthetic,True,syn_grp_1194,train,6,"[0, 2, 3, 4, 5]",images/synthetic/syn_syn_000075.jpg,labels/synthetic/syn_syn_000075.txt,7875cafecf5a282e35127cb032df1bfef36efdba08d9875680c0bddbe4496785,afee4a697cf8005723f15ee1eac10c32607b24f88148db7716e9084d5838debe,00007070f85e1fff
syn_syn_000079,syn_syn_000079.jpg,mendeley_synthetic,True,syn_grp_1195,train,2,"[3, 4]",images/synthetic/syn_syn_000079.jpg,labels/synthetic/syn_syn_000079.txt,dace0bbf57e133c4e8ab5e81c024345ea7bd57f012ca37b768fb946dad9a8231,0c4c75acaf0dbaa8ddf23ba2f281f33e443a1f736be9c22b511fc13b83a6b8a6,fff9793939212113
syn_syn_000084,syn_syn_000084.jpg,mendeley_synthetic,True,syn_grp_1196,train,1,[7],images/synthetic/syn_syn_000084.jpg,labels/synthetic/syn_syn_000084.txt,ab0dcea011c66c6fca92109619458217050db4cd26ee648c3e7939b0812493fa,18716e708e1dfea6650d6092edaa55c6577ae0bb8bac6fc5aab60a31a31b609c,80c8c0f0f0f8f0f0
syn_syn_000116,syn_syn_000116.jpg,mendeley_synthetic,True,syn_grp_1197,train,6,"[3, 4, 5, 6, 9]",images/synthetic/syn_syn_000116.jpg,labels/synthetic/syn_syn_000116.txt,48c12e586b8290076f441a8cf5c489d9eee9ea813c728b4a989b0642a34c4670,aa1d4e69f0afe4b7cef8e88a85d695fa411c4e36c62cae9360e1a7cc597177ea,73c1c0f8f810dfff
syn_syn_000117,syn_syn_000117.jpg,mendeley_synthetic,True,syn_grp_1198,train,2,"[5, 9]",images/synthetic/syn_syn_000117.jpg,labels/synthetic/syn_syn_000117.txt,dd2003b87d4806d3f92b35a06a10e7094b491119a9c2645548d5d46b06c4ee08,b0df99337367f60c3bdde23c07bcee5b55bf1786045c95281bc5e146f90fa660,fffff8f8e0e0a020
syn_syn_000120,syn_syn_000120.jpg,mendeley_synthetic,True,syn_grp_1199,train,2,"[0, 4]",images/synthetic/syn_syn_000120.jpg,labels/synthetic/syn_syn_000120.txt,8b17faee60a60fc744b6cd594906d0e0e099138f38a542616cf2bce4b50ae3a6,0d6112ebf893ab24d243eb686a8cd465900d6825032bd5b6b1b99ca2887c39f8,fffffff000002687
syn_syn_000132,syn_syn_000132.jpg,mendeley_synthetic,True,syn_grp_1200,train,1,[7],images/synthetic/syn_syn_000132.jpg,labels/synthetic/syn_syn_000132.txt,f80d99e23d6f6a0c4a632af8593759d36f42701ed92794d04765baf40ea6dd3b,b994e405ee87b7eab06e9df2eebea8c61977cff3de3fb7c6efb61bcc1ad0e112,30f2f2f0f0f0e0e0
syn_syn_000140,syn_syn_000140.jpg,mendeley_synthetic,True,syn_grp_1201,train,4,"[2, 4, 6]",images/synthetic/syn_syn_000140.jpg,labels/synthetic/syn_syn_000140.txt,36f9ed24a8dd2a87b398b20b11e47e758e9dfe51b2a264ec3af59211e7d676b5,79a134daaef2f8b05e4a768a98396be966b95e730f462617cdb398a8d70d9285,011f3e3c1c0ceeff
syn_syn_000150,syn_syn_000150.jpg,mendeley_synthetic,True,syn_grp_1202,train,1,[9],images/synthetic/syn_syn_000150.jpg,labels/synthetic/syn_syn_000150.txt,6aefa373cacaa84bccec439dff70ba0413cead9b086157d41e615fc7a0ec9235,90c070d48bba964612eb92a0c6d1c32109b5c5d12d8a39474bf35ad46bfb3bac,001010181c3c7fff
syn_syn_000153,syn_syn_000153.jpg,mendeley_synthetic,True,syn_grp_1203,train,5,"[6, 7, 9]",images/synthetic/syn_syn_000153.jpg,labels/synthetic/syn_syn_000153.txt,eab0e2b64dd08558288469ea1be2bc95db4569eb7d54cdfb5caa2601f24a3154,f3e5fda1760a273c38fbb50240bb9d510913fa5c1c005eac10125356700a5b1e,f0f8fcfcfcfc7ce4
syn_syn_000168,syn_syn_000168.jpg,mendeley_synthetic,True,syn_grp_1204,train,3,"[1, 2]",images/synthetic/syn_syn_000168.jpg,labels/synthetic/syn_syn_000168.txt,9fec6db2179cad8c3d4af5b2dcb7652271c7da496f1f6080ce4271efb3515207,b3fe36aa687a53ee6cc8f5e0ac8ed6a46a81592fddf369e68cccbde6d263774b,c8f8e488b2e2e1f9
syn_syn_000187,syn_syn_000187.jpg,mendeley_synthetic,True,syn_grp_1205,train,6,"[1, 5, 9]",images/synthetic/syn_syn_000187.jpg,labels/synthetic/syn_syn_000187.txt,bd5463c8606e15dfc39d24bad5e4819b5e09ccdf24fc5a46e7136730cbbcdcd2,3f921cd746943f6588c2cb8e50f0db488d9b6dd3fa395b008fc09f91f951a4a9,fe6e4fecec4e3820
syn_syn_000202,syn_syn_000202.jpg,mendeley_synthetic,True,syn_grp_1206,train,3,"[0, 3, 4]",images/synthetic/syn_syn_000202.jpg,labels/synthetic/syn_syn_000202.txt,46ec79e32e8e127f1a03669f04689731144bc33199bd83e5859a497bb97c7ebd,5cb2d028c2d4428acdf53cba9da0f8c5c86554941dbc8cb9220c8f57650cac20,8f0f01800f57f1ff
syn_syn_000207,syn_syn_000207.jpg,mendeley_synthetic,True,syn_grp_1207,train,5,"[0, 5, 9]",images/synthetic/syn_syn_000207.jpg,labels/synthetic/syn_syn_000207.txt,9b93d0259f322b541395f4cc90bd092b5fe27d3fd6a00203bb35278fa8771ca7,051d170d04c80e724cc0a5007e564d3f7372e333b1e033014bf9ba7fab092447,e6e1e0461fd2fc4f
syn_syn_000212,syn_syn_000212.jpg,mendeley_synthetic,True,syn_grp_1208,train,5,"[1, 2, 3, 5, 7]",images/synthetic/syn_syn_000212.jpg,labels/synthetic/syn_syn_000212.txt,acbac0bb32f0313775541ba46c4fa6e9ecb2c8c1d7e89a9930fca8edb815af1a,a2c49324940d1b39287184ef55c5dd3557818166c7d1c92a919488ca8bb1db2b,0303cbe9e1733e3f
syn_syn_000216,syn_syn_000216.jpg,mendeley_synthetic,True,syn_grp_1209,train,4,"[0, 1, 6, 9]",images/synthetic/syn_syn_000216.jpg,labels/synthetic/syn_syn_000216.txt,5f80562f65c28b3873dd648aae2fb2ba65bc58103445e41c075030af2a008943,245feb0588fb2215c9ff761cd9a908a3775f7e5febb4f5c44efa9a4e8dedd875,06060c0100ffffff
syn_syn_000240,syn_syn_000240.jpg,mendeley_synthetic,True,syn_grp_1210,train,3,"[1, 3, 6]",images/synthetic/syn_syn_000240.jpg,labels/synthetic/syn_syn_000240.txt,f705bfcdb2ff7aff8d443a1b6b57e669ddb98fe753ca8d3cecefd2d3313ddb7a,7b9c063a51ab2f415fd5497ee3dcbeb3cb64403e52824ccdb3cf5d81f81b183e,07071f3f3cf8f0d0
syn_syn_000246,syn_syn_000246.jpg,mendeley_synthetic,True,syn_grp_1211,train,1,[2],images/synthetic/syn_syn_000246.jpg,labels/synthetic/syn_syn_000246.txt,2eee9346ef16df75854ec1170b4fa6092a0c654090710f80797c4168a82d25fe,1c1760877f815506216171208da39dabe0f5afc3fc6d311d06629deb92a06d23,10c0ec163f37bfff
syn_syn_000274,syn_syn_000274.jpg,mendeley_synthetic,True,syn_grp_1212,train,4,"[0, 3, 5, 6]",images/synthetic/syn_syn_000274.jpg,labels/synthetic/syn_syn_000274.txt,0216ea7afdb1fb992371e8f9c34b1eb5ab2259ac9da6afe246713698c79f60e9,8ae6f72bc2009d437a0cf17faffe41972f7911048b63b9d738f475135958d8ef,fa72f633f0f1a726
syn_syn_000288,syn_syn_000288.jpg,mendeley_synthetic,True,syn_grp_0521,train,1,[0],images/synthetic/syn_syn_000288.jpg,labels/synthetic/syn_syn_000288.txt,7d9c3cd7848d9dd07a61efadb6c6d042c6cbde7ec4b456d4af785d6f5ac06e7a,1beff459b92997319267f59f919b4f58a51919d251793f127924215ae912cead,7199c3fc80f89fe3
syn_syn_000299,syn_syn_000299.jpg,mendeley_synthetic,True,syn_grp_1213,train,4,"[0, 1, 2, 5]",images/synthetic/syn_syn_000299.jpg,labels/synthetic/syn_syn_000299.txt,bdd94e1d561564358fe94aced5c8c21a7fa95099708faed0a99281e44b58d00e,7d1d8636118ef4ba15668184e9bbb879354f0f282ab50529042ae9bdb87001af,0303c3fbe3c70303
syn_syn_000305,syn_syn_000305.jpg,mendeley_synthetic,True,syn_grp_1214,train,1,[4],images/synthetic/syn_syn_000305.jpg,labels/synthetic/syn_syn_000305.txt,1aee2c3191e674e06a4ba1b7842bb8f64e04bd5668564ef0d15b4a156278ae5c,efa3aa074bd85fa0855a6c9c2168a3b112edd7dbfb841f6c049b7b66df2c1f60,843e7effc6c00040
syn_syn_000322,syn_syn_000322.jpg,mendeley_synthetic,True,syn_grp_1215,train,4,"[0, 1, 2, 9]",images/synthetic/syn_syn_000322.jpg,labels/synthetic/syn_syn_000322.txt,bcb273533406e40a43700c2cbe88176e0eb6eefa887c60ee91b7ffd373fa731c,42b595c1124768c0b261ad25b094173811cb80c5d442e4ab4f9236ae0ea9bc68,00002717fb7f3f3f
syn_syn_000326,syn_syn_000326.jpg,mendeley_synthetic,True,syn_grp_1216,train,5,"[2, 3, 4, 5, 7]",images/synthetic/syn_syn_000326.jpg,labels/synthetic/syn_syn_000326.txt,ce6a47e3cb7da6f0e82dbc01c8a30bf6a9c855555f81c2d35e2fd6455f16cc31,f705d8a7e7db62c513f393d3f41054c45cd0265cae2f6f8fb060d86b8f1a9e2c,130b7f7b78380c1c
syn_syn_000349,syn_syn_000349.jpg,mendeley_synthetic,True,syn_grp_1217,train,6,"[1, 3, 5, 6, 9]",images/synthetic/syn_syn_000349.jpg,labels/synthetic/syn_syn_000349.txt,1dc5bf42bb67bda488ba784fdced5d0190ab2adf27f1ccee96d13a6de8b5c7c5,af83ac0318db0bb23136faf296da1f8baa8b69cd67768fc3af2066b30ecb505d,4cfcfcfc0440c3c0
syn_syn_000363,syn_syn_000363.jpg,mendeley_synthetic,True,syn_grp_1218,train,3,"[1, 2, 9]",images/synthetic/syn_syn_000363.jpg,labels/synthetic/syn_syn_000363.txt,abf1b2723ad35d7b96e012272090cd58aa2f69eb07e7bbfc871fb01044bc2da9,34dbb216af9d5a90bf6e01dcbe2b0538e31f5cf65f02266af7ea9c1f4884433c,84f4d848f07f2018
syn_syn_000375,syn_syn_000375.jpg,mendeley_synthetic,True,syn_grp_1219,train,5,"[0, 4, 7]",images/synthetic/syn_syn_000375.jpg,labels/synthetic/syn_syn_000375.txt,ffd271886ddca4b1e2261ab7041cc5685a2a065812b849551f5a4c5d0dcf9913,66cb09ae3f384dd30d730ca96076a08c08755ed1d37a9d3f7b10893fa698aeaa,c0c0f03858cef818
syn_syn_000387,syn_syn_000387.jpg,mendeley_synthetic,True,syn_grp_1220,train,2,"[2, 4]",images/synthetic/syn_syn_000387.jpg,labels/synthetic/syn_syn_000387.txt,878261cf795025e71e2f0532a869adbd3b0b1bdc064ce786a9e053e83ff4435b,4499adb64b5ae499bf501b96e8429c3d7351a7e0d4d372c7c6823907f41f0155,fb070fedd80c0f0c
syn_syn_000389,syn_syn_000389.jpg,mendeley_synthetic,True,syn_grp_1221,train,2,[7],images/synthetic/syn_syn_000389.jpg,labels/synthetic/syn_syn_000389.txt,7f8af76a45fa320d7c1b73910596d6ef4ab456f53c759c5c5fa7f3fae7737d36,2472c550e9c963a2fb138d772b8e23d3b8ed8b4141108dc31791cf8e3615b843,0747c74707038783
syn_syn_000390,syn_syn_000390.jpg,mendeley_synthetic,True,syn_grp_1222,train,2,"[4, 6]",images/synthetic/syn_syn_000390.jpg,labels/synthetic/syn_syn_000390.txt,00be9ac9c2ea6d460acd6339f88ebfaa3f52ea667a5bbd7d34521c48c3f8e123,fa2141a45b31cc9d633d0a9d9382d1e52e3c66fc041de189bbb20e3ba23459e0,3272227dbbeafefc
syn_syn_000399,syn_syn_000399.jpg,mendeley_synthetic,True,syn_grp_1223,train,3,"[4, 9]",images/synthetic/syn_syn_000399.jpg,labels/synthetic/syn_syn_000399.txt,e19f0e843fc66dfbce75861673ec3b4794d81fbd89183ae4f98c388757ea1dc9,9d4346a017026cba07dc02691f9a868434283b4958242502cda009a10e39d1c1,17041c1c4c067630
syn_syn_000413,syn_syn_000413.jpg,mendeley_synthetic,True,syn_grp_1224,train,1,[3],images/synthetic/syn_syn_000413.jpg,labels/synthetic/syn_syn_000413.txt,f5d62fcc35857449bb34b6f55ee51148a3af206784848cf7260f84b6dd142166,09825e09c8a3085acf7c6b73ddf5d55afd942aada95cbb85384a70237486e535,8c8d7b1707038380
syn_syn_000419,syn_syn_000419.jpg,mendeley_synthetic,True,syn_grp_1225,train,2,"[4, 9]",images/synthetic/syn_syn_000419.jpg,labels/synthetic/syn_syn_000419.txt,14c59f07940d303d0dafd4d95ad42b987d90e53f78643e026630b5412f31fc12,3e5acfdb247ba80e9ff3448671bb78105608707aeeea11fb5590f11091682d6b,8ecfd9dbf1f0f0f4
syn_syn_000422,syn_syn_000422.jpg,mendeley_synthetic,True,syn_grp_1226,train,2,"[0, 1]",images/synthetic/syn_syn_000422.jpg,labels/synthetic/syn_syn_000422.txt,43b16f6f8ec95f0ea0bbff32ff3f1dfeee00a15c3819ecf97449146abadefebf,105a7ab96dd9b8832601bc149b13c4c1dd743510b4849f1b3aba34ed02e25cbd,18383070ece4c080
syn_syn_000423,syn_syn_000423.jpg,mendeley_synthetic,True,syn_grp_1227,train,4,"[2, 3, 4]",images/synthetic/syn_syn_000423.jpg,labels/synthetic/syn_syn_000423.txt,88fe0eb5700312ce1ae2fd1c98b7071ca16921abe6977937856ca5ef9cff1fb9,2012d94b9aec3b169cf497a976e58b33998ed20ee113470fce95409c67a6dec3,38fefa380a040004
syn_syn_000434,syn_syn_000434.jpg,mendeley_synthetic,True,syn_grp_1228,train,4,"[1, 2, 3, 4]",images/synthetic/syn_syn_000434.jpg,labels/synthetic/syn_syn_000434.txt,538c14930c9e395a5e11e6188f053fdfb61892eff0047aa4e5713004e547e0ca,3c88f001f0a5822df7c13e6775958ba9845f7bc90660cd79feed4618eccc1d67,7473635a00127e7e
syn_syn_000450,syn_syn_000450.jpg,mendeley_synthetic,True,syn_grp_1229,train,6,"[1, 2, 4, 7, 9]",images/synthetic/syn_syn_000450.jpg,labels/synthetic/syn_syn_000450.txt,20a405d26ac78f506ed660f2d0e3992ffe8e11f93d885dbaaae6459deae4727e,c3db9733b01638c6169be28939d378c19f7af73d31d0bc221808a5584da500cc,00046303736f1f1f
syn_syn_000494,syn_syn_000494.jpg,mendeley_synthetic,True,syn_grp_1230,train,4,"[3, 7]",images/synthetic/syn_syn_000494.jpg,labels/synthetic/syn_syn_000494.txt,b104b04b1436fd1a3674f2ec0545bb7211dcdf49ae9c9344243f1c0449c5cb18,67d3872abe9272e542062426b3cdb08494bf308c041764109ddf94a75ee39469,76bbbf7fffdf8302
syn_syn_000504,syn_syn_000504.jpg,mendeley_synthetic,True,syn_grp_1231,train,6,"[2, 3, 5, 7, 9]",images/synthetic/syn_syn_000504.jpg,labels/synthetic/syn_syn_000504.txt,f592805869e48a883ae32f731d681849a70cb0ee6e0a8862f713c0b73f9f0e44,21e97a14961951eac4a1910b42a8d8efaafe964c3bcd496d7f08967a883a35c1,53593f8101070f13
syn_syn_000508,syn_syn_000508.jpg,mendeley_synthetic,True,syn_grp_1232,train,1,[4],images/synthetic/syn_syn_000508.jpg,labels/synthetic/syn_syn_000508.txt,0233e443ef32e4adbe7aa109518c81bc071a06e8fda2696150a19b0cd600ada1,7e8fa3b06de4ec76e165a607fa57df1f996eea7549e0d363621fc1ce6e9b63de,0e1e9c797870f040
syn_syn_000519,syn_syn_000519.jpg,mendeley_synthetic,True,syn_grp_1233,train,1,[7],images/synthetic/syn_syn_000519.jpg,labels/synthetic/syn_syn_000519.txt,55158568e3a05b972a8e06fccdf7f8a575245598418b334d20f8a09691de0c2c,8750bfc28d25460a4102f5417884b92cef2e50161c2bc82934fee888bc723d61,1f17f3f31c07e4c0
syn_syn_000523,syn_syn_000523.jpg,mendeley_synthetic,True,syn_grp_1234,train,2,"[3, 9]",images/synthetic/syn_syn_000523.jpg,labels/synthetic/syn_syn_000523.txt,d6dd691c4f9083541ec64708bb5be1369bfefd6163e7d4877019867da1f33c7c,58d3d05045b63e92aff5145f96f59bc67c670a4c721be45f19ef7a6e4822c2eb,df386870f2734b47
syn_syn_000527,syn_syn_000527.jpg,mendeley_synthetic,True,syn_grp_1235,train,1,[3],images/synthetic/syn_syn_000527.jpg,labels/synthetic/syn_syn_000527.txt,0907734832f7d328e1087e5850f3c53d20a3f297380b891b510be77398d997cb,5723af36aa39e9611295eb8595a4be8eabe2b1390cc59d1580514f9130bd7c4c,ece4e462a0b0f0f0
syn_syn_000530,syn_syn_000530.jpg,mendeley_synthetic,True,syn_grp_1236,train,6,"[1, 4, 5, 6, 7, 9]",images/synthetic/syn_syn_000530.jpg,labels/synthetic/syn_syn_000530.txt,12f39b43633fbf8c5a3c5f53174f0131e8e6eb08fff39b2c6da5fbb3109ed469,86b5ac48c9daa822d188ed7722bb54755afa68ba6c584aee4370b050962a176c,c9030383db27fffe
syn_syn_000540,syn_syn_000540.jpg,mendeley_synthetic,True,syn_grp_1237,train,3,"[3, 4]",images/synthetic/syn_syn_000540.jpg,labels/synthetic/syn_syn_000540.txt,3525cbbb6bd909961d256739bd78d23a643a987ca9b154d60867cec8cc0104c5,9037a5d4fa4406b17795e921d4177a4bfa3cd4770267217315d4f3e44cdd5f85,8cdfc3e0e0636270
syn_syn_000546,syn_syn_000546.jpg,mendeley_synthetic,True,syn_grp_1238,train,6,"[1, 3, 4, 7]",images/synthetic/syn_syn_000546.jpg,labels/synthetic/syn_syn_000546.txt,3accb1a2083aa3914cf2fdb50e052bab6c9b03e9ee408b7a07b346a4b045d772,82a2d75d990db0a4f4568f3f5f6b2086ccb7b7e50066a7fcab116608ac744545,00040e12171f1f1f
syn_syn_000564,syn_syn_000564.jpg,mendeley_synthetic,True,syn_grp_1239,train,1,[0],images/synthetic/syn_syn_000564.jpg,labels/synthetic/syn_syn_000564.txt,55291e715b34392784814e0ec4d017ba91af47bcab0183aff70b432e89bcd359,324a311e29434bb9194bfafdac952669d12977f931db602f1e07916f3fb6e397,ffc3c38383cbe7ef
syn_syn_000575,syn_syn_000575.jpg,mendeley_synthetic,True,syn_grp_1240,train,6,"[1, 2, 4, 6, 7, 9]",images/synthetic/syn_syn_000575.jpg,labels/synthetic/syn_syn_000575.txt,284aea97bc347e9d845e3484f09cc465c8519263bad8a06849694cd5ba0f2baa,d06dd0b405f6a458862365d625fd1a9cb3401c3ee3381bc76f748ecce3c5afb9,01474b07021bbffb
syn_syn_000583,syn_syn_000583.jpg,mendeley_synthetic,True,syn_grp_0127,train,1,[5],images/synthetic/syn_syn_000583.jpg,labels/synthetic/syn_syn_000583.txt,1ec55797efd9f80acbe9bc7efbc6295bbc8c9be7ad5a4dfc353418e64236972f,d480eeb4018c2a7ba5007963b73774e1535c8a83431c46db4790376611ae673e,1d1f000a3f3f3b2f
syn_syn_000592,syn_syn_000592.jpg,mendeley_synthetic,True,syn_grp_1241,train,5,"[1, 2, 3, 6]",images/synthetic/syn_syn_000592.jpg,labels/synthetic/syn_syn_000592.txt,5a1a1c4395427839a0225d780b2190aafa484c41f4e16a1c497959d62a056062,f8b2a55883a3bd4e367b8de03f565ce2d3cb1bd76760d8ef14db356fd1bcde39,0030383e31383c04
syn_syn_000600,syn_syn_000600.jpg,mendeley_synthetic,True,syn_grp_1242,train,3,"[5, 6, 9]",images/synthetic/syn_syn_000600.jpg,labels/synthetic/syn_syn_000600.txt,76e0399acebe318fd7b4d6aa0c714b20b294f2b43d55bd20d44c2145d803502d,406519d31b72aa89fd1a02aaedc55ad6b10cf78ba9ab4df31d33abd3b67b55f9,0061f79c9c0e0fcf
syn_syn_000609,syn_syn_000609.jpg,mendeley_synthetic,True,syn_grp_1243,train,6,"[0, 2, 3, 4, 7]",images/synthetic/syn_syn_000609.jpg,labels/synthetic/syn_syn_000609.txt,51577df6ae925c64d03baf7a11c20da9e5c1e081361c6b512925ad4659a28073,948570224d074b4a821ae481a6e09af1907116698de817cfdab3a9ca19c4f314,0080c82706033f1e
syn_syn_000611,syn_syn_000611.jpg,mendeley_synthetic,True,syn_grp_1244,train,5,"[2, 3, 6, 9]",images/synthetic/syn_syn_000611.jpg,labels/synthetic/syn_syn_000611.txt,9a981b7604586f11c52a0589c25d237533cbc70bf577c113eaab51ac76bf2694,35f5d6fdcca05c2e3d9b780a7a73b6442d07dc10e337fd02d8c48e03fa41f48f,f0e0b1f1fc310000
syn_syn_000614,syn_syn_000614.jpg,mendeley_synthetic,True,syn_grp_1245,train,4,"[0, 2, 9]",images/synthetic/syn_syn_000614.jpg,labels/synthetic/syn_syn_000614.txt,0506d3a97af3b2a2dc3b569e4579fb83fbe2a7a7f78aa0195402b36340ec9609,01466642cf303e1051c9db603fc5a26a406a15edee0191c5fe214ee7bea981da,e0e0f4f0f8787871
syn_syn_000620,syn_syn_000620.jpg,mendeley_synthetic,True,syn_grp_1246,train,2,"[2, 3]",images/synthetic/syn_syn_000620.jpg,labels/synthetic/syn_syn_000620.txt,5b71c5d68721f4d4cd226518832e58064f5022ee8be694bb94b7734c75fadb55,86e77ef8adec4fec3c824b03bc8d3e166205480ac1d4c8672de5fe0a15e546a1,001090c0c0e0f3f6
syn_syn_000630,syn_syn_000630.jpg,mendeley_synthetic,True,syn_grp_1247,train,3,"[0, 3, 5]",images/synthetic/syn_syn_000630.jpg,labels/synthetic/syn_syn_000630.txt,fe2fd784931892cad11404b216bd8476c9584ddf43902af7ceea39be397d9772,4d3a5d28cf1a17099702cc25b64840f880798d359ea564e0e804b91d80c86fc0,df1f1f1b070701f0
syn_syn_000634,syn_syn_000634.jpg,mendeley_synthetic,True,syn_grp_1248,train,1,[5],images/synthetic/syn_syn_000634.jpg,labels/synthetic/syn_syn_000634.txt,da6eeeaecfb8ddeacabd45ce0e1ca6fff0e653fa4d8cdceaad974ad0829f5d8d,34adabbc3461c67959e23e11244ddd57667d40c1d9f4ed4b9f0a1fd5f24353f0,d380b08e1a7e7f3f
syn_syn_000641,syn_syn_000641.jpg,mendeley_synthetic,True,syn_grp_1249,train,1,[7],images/synthetic/syn_syn_000641.jpg,labels/synthetic/syn_syn_000641.txt,175c1a13145653fe4a5fce0b9a6009ee52281a30bbc89578b47c58495afca692,cb29ac33f958bfbf630ed9dc99fba647bde57069309e005d1bef3af2353b728f,ff80000000000000
syn_syn_000655,syn_syn_000655.jpg,mendeley_synthetic,True,syn_grp_1250,train,6,"[5, 7, 9]",images/synthetic/syn_syn_000655.jpg,labels/synthetic/syn_syn_000655.txt,b335464cb1f3fd71f28d67d91be14ac4f82a45d5c47951642ed1027140288e02,0ccef4e063818000c976c98bd528ae8d78c26d9bddcb9ee58ee948c0b9c1ff8a,f0f8fcfcc0f0fefe
syn_syn_000674,syn_syn_000674.jpg,mendeley_synthetic,True,syn_grp_0517,train,2,[9],images/synthetic/syn_syn_000674.jpg,labels/synthetic/syn_syn_000674.txt,c5f04b02f220c87574c2f1845de88f82e1b5393ee739f639493d194e2016f02b,ee9ff226a1496c19eae931793df92480cf8ea763121968fc5ef81641f514a663,41a9d0c0c87b7377
syn_syn_000677,syn_syn_000677.jpg,mendeley_synthetic,True,syn_grp_1251,train,4,"[2, 5, 7]",images/synthetic/syn_syn_000677.jpg,labels/synthetic/syn_syn_000677.txt,97ebe60e35926b95defb95245e044fc74bb9a128d07056ca7c428f79c0e8411b,96e0983930bdaf850b0b9142e164686fdebe1a531c0c992f4faa71a030f8f999,0070787a74000300
syn_syn_000683,syn_syn_000683.jpg,mendeley_synthetic,True,syn_grp_1252,train,1,[3],images/synthetic/syn_syn_000683.jpg,labels/synthetic/syn_syn_000683.txt,c247b50a65b0ed6214478445827d9e08cd7ec6be244ccd37cf7c7ba65efa19d5,4fbbba3d718a940ed5f3fb20de8781e0f96ba117bb67982856b29b0cea7be8cd,27071f1f0f07070f
syn_syn_000690,syn_syn_000690.jpg,mendeley_synthetic,True,syn_grp_1253,train,5,"[1, 2, 5, 7]",images/synthetic/syn_syn_000690.jpg,labels/synthetic/syn_syn_000690.txt,350ef4f853f1b6b8625f994e8852df30ae1a366d48b169127322cdcd439f7274,22e37fdb0ed47122548cf072dedbc075e3dafcbcd5feaeb133795a0f0b74dcfb,ff83833a289b1b45
syn_syn_000698,syn_syn_000698.jpg,mendeley_synthetic,True,syn_grp_1254,train,2,"[2, 9]",images/synthetic/syn_syn_000698.jpg,labels/synthetic/syn_syn_000698.txt,112526775f2ff3171705903c4208efe9f97debaa63b516c84a5c097494c7f7c5,b3a1df66d3af8a8023425f3056fdafd5d84724500f60c90f511deb9f59972312,3f3f3f1f1f1f1f0f
syn_syn_000706,syn_syn_000706.jpg,mendeley_synthetic,True,syn_grp_1255,train,4,"[1, 2, 4, 5]",images/synthetic/syn_syn_000706.jpg,labels/synthetic/syn_syn_000706.txt,157bd27c39532b92b2a2dcad9d0504142c84e2afc2aba415296c849a23786887,7772b4e70df819e8efd1f07b4cdebe1fbc50b2957889839b66d48eda885496e5,170f1f4707373b3e
syn_syn_000715,syn_syn_000715.jpg,mendeley_synthetic,True,syn_grp_0443,train,2,"[2, 7]",images/synthetic/syn_syn_000715.jpg,labels/synthetic/syn_syn_000715.txt,b32dd022dc136a8c54b54743fc7448ba9d5bb15c92ca8b1eff793219e27835be,8a74a1ac330818e0b957d92fefc4296da979c33aa35ccb167672af56670c3c15,0f1f070f1f1f1e0e
syn_syn_000751,syn_syn_000751.jpg,mendeley_synthetic,True,syn_grp_1256,train,3,"[3, 4]",images/synthetic/syn_syn_000751.jpg,labels/synthetic/syn_syn_000751.txt,3f006b77b2470e6d2e8db6ac2f106afc18627227ea410ac4aa117ff7962c8141,66b0283a1a49fac890279750a160f1965ebd4943ab785904d80b49856f9fec2a,fbf373fe271b8101
syn_syn_000759,syn_syn_000759.jpg,mendeley_synthetic,True,syn_grp_1257,train,3,"[0, 5, 7]",images/synthetic/syn_syn_000759.jpg,labels/synthetic/syn_syn_000759.txt,e013c4a447ca945d27a4bcd317c8dcac1eb1d32b94db390f70b9f2fc687e86ec,42bff3d6e6e1a764aa772cb02837e5188b5f4bf253e58a2a51f1b5bdce98f17c,f8fefefba1214dc7
syn_syn_000768,syn_syn_000768.jpg,mendeley_synthetic,True,syn_grp_1258,train,5,"[1, 6, 7, 9]",images/synthetic/syn_syn_000768.jpg,labels/synthetic/syn_syn_000768.txt,3fb4469ef3f14e35371872bea56aaa95136d25ae05b7804283784c4f43904614,ebaf32a9c3560d0be9f2e6338113982161aab6aa0425f7a143e7ee03b6496484,787c686379797879
syn_syn_000777,syn_syn_000777.jpg,mendeley_synthetic,True,syn_grp_0145,train,1,[3],images/synthetic/syn_syn_000777.jpg,labels/synthetic/syn_syn_000777.txt,0fefc95f3219cdd1b73a866894b2c9c7d0ee4622760057916d1a58cae8cbc3ef,137f4b92fa39460983daf07ff08c73825a2dcf075bfc1a463357a98c0c92e768,1f1f07070f070703
syn_syn_000803,syn_syn_000803.jpg,mendeley_synthetic,True,syn_grp_1259,train,4,"[2, 4, 7]",images/synthetic/syn_syn_000803.jpg,labels/synthetic/syn_syn_000803.txt,2e5c8616ea18c47753370d60bcf638ffd2ed3fb130546344f42948ee1ad6cecf,364bb60853b8a56c46183957e3116d2b6ce822807e1f15449ce24741ed2aa9c2,62713f1a0004003f
syn_syn_000804,syn_syn_000804.jpg,mendeley_synthetic,True,syn_grp_1260,train,4,"[1, 2, 6, 7]",images/synthetic/syn_syn_000804.jpg,labels/synthetic/syn_syn_000804.txt,c924f728faf9122394f9831a84820f5526dfac60c6bfa3f2a7f60ad7051a777b,2b1f72779f6efe26b2d98c1c469ff3860989d1029e6d419cfa234d24df158f1d,87e7fffd01c0e363
syn_syn_000816,syn_syn_000816.jpg,mendeley_synthetic,True,syn_grp_1261,train,6,"[0, 1, 2, 5, 7, 9]",images/synthetic/syn_syn_000816.jpg,labels/synthetic/syn_syn_000816.txt,21f68aa4985115d973d9af21e32eda42832c7666112c6fc1175f190283727101,628458200d1891f3fa7b60cdb6ea7e0d875341a1454be473aff11cb0e5684839,000107819f5f7f13
syn_syn_000827,syn_syn_000827.jpg,mendeley_synthetic,True,syn_grp_1262,train,1,[4],images/synthetic/syn_syn_000827.jpg,labels/synthetic/syn_syn_000827.txt,fd59a8e7a63a4fcebb3a20cf60d841c356cb3605c354e1d66250ba432a12b293,49f3fe80c13d754b6df5751dc7f491d8db402aeffef41bbb034a0ed3da4b95df,0040e070c4fc7b07
syn_syn_000840,syn_syn_000840.jpg,mendeley_synthetic,True,syn_grp_1263,train,2,"[0, 2]",images/synthetic/syn_syn_000840.jpg,labels/synthetic/syn_syn_000840.txt,01cfd75b230ce738c1ee4eb50c26ac312e520efb818843fc86d2cf94b391464e,f072aec010b2ce3b6c82c2aefd9a1298884fc3343fe5892ca85b9e3124fec79c,fffffff7e1030fff
syn_syn_000852,syn_syn_000852.jpg,mendeley_synthetic,True,syn_grp_1264,train,5,"[0, 3, 6]",images/synthetic/syn_syn_000852.jpg,labels/synthetic/syn_syn_000852.txt,cfb3c70ef312b44dbf6a39c4d64c0e02228fb075decd10b59ab0679512c02d26,b624c6f91cd8a28404fca00dcc538fc381b8237e4ebcdc419f1a26a03c24f0f7,c098c0983ce6e6fe
syn_syn_000856,syn_syn_000856.jpg,mendeley_synthetic,True,syn_grp_1265,train,3,"[0, 2, 3]",images/synthetic/syn_syn_000856.jpg,labels/synthetic/syn_syn_000856.txt,1bc96f95e9a079928ede584a7f468fd9c1168e4cd000ba01a82b812db1528c53,680e9090c6bb83a71705063b79ad6523f8c231d7974a1bd18059c9015fd0b8a6,0236ec4dcd366419
syn_syn_000857,syn_syn_000857.jpg,mendeley_synthetic,True,syn_grp_1266,train,2,"[6, 7]",images/synthetic/syn_syn_000857.jpg,labels/synthetic/syn_syn_000857.txt,d97dc43679d0ca0002996659e4b5c10499ece72d2095e02f0bc725770f384b5f,0b5b4956969b49050cb2e9b94fa61f91a2d2dfdece619ed8e971da7884d01ebb,000080f8ffffffff
syn_syn_000858,syn_syn_000858.jpg,mendeley_synthetic,True,syn_grp_1267,train,1,[3],images/synthetic/syn_syn_000858.jpg,labels/synthetic/syn_syn_000858.txt,0511e5dc709c2c907079915500e66cc8c86af905a34037138e39200ab47840fa,44160ae2dc1d32336e67b84968826958ba8966cd84c83ed511d3cc07500b1b6c,1e7efcfc180c0c10
syn_syn_000862,syn_syn_000862.jpg,mendeley_synthetic,True,syn_grp_1268,train,4,"[4, 6, 9]",images/synthetic/syn_syn_000862.jpg,labels/synthetic/syn_syn_000862.txt,08529610686438a459ad9d5f1e581934ee03e25f16d7182853e5baaa6a680a2b,c86c49b3b12e0360e956873da020b6e01007391ad55a13ea2082eb363bb71948,e0f7819dbf7d3981
syn_syn_000864,syn_syn_000864.jpg,mendeley_synthetic,True,syn_grp_1269,train,1,[4],images/synthetic/syn_syn_000864.jpg,labels/synthetic/syn_syn_000864.txt,d4c9feb513435674650201259e138629dfccc1ea451aeafbb4c069b6ca5344ca,216b8a8f64310d775eeb14e6574c6d1bac00a5cf43fee85e7253f0468729ef55,c0e0f9fff7e0e8fd
syn_syn_000867,syn_syn_000867.jpg,mendeley_synthetic,True,syn_grp_1270,train,2,"[0, 7]",images/synthetic/syn_syn_000867.jpg,labels/synthetic/syn_syn_000867.txt,168053b7463318e339396df3939b17a10e98916f61d25ef6c4abbd99e39ff32f,b7cfd7c656bd69440a27cbced90ce3457fec00c54b5bb858ffa61ffabe150d38,ffc78787ffe7e760
syn_syn_000878,syn_syn_000878.jpg,mendeley_synthetic,True,syn_grp_1271,train,6,"[0, 3, 4, 5, 7, 9]",images/synthetic/syn_syn_000878.jpg,labels/synthetic/syn_syn_000878.txt,29750f2e9801f2122756442a2159725cb1403cfbf0b61b5ff08dd41990db8b46,bbd5e1d7ebde442faedaecb05fcc6540c520d28ee9c6acf3fe205b4feefd8f5d,70f3fcf0f0fce0ef
syn_syn_000879,syn_syn_000879.jpg,mendeley_synthetic,True,syn_grp_1272,train,4,"[0, 1, 4, 9]",images/synthetic/syn_syn_000879.jpg,labels/synthetic/syn_syn_000879.txt,a02eaf675ade2b754328716029e0b14b7ff040e2d6137491b077ea24f8b7ba52,1851a5a84a80eef3fdd17e42f4dc04e998bb75cf3928d712f59a3f0e0159cf0d,0003371d3f7fc080
syn_syn_000908,syn_syn_000908.jpg,mendeley_synthetic,True,syn_grp_0133,train,3,"[0, 4, 6]",images/synthetic/syn_syn_000908.jpg,labels/synthetic/syn_syn_000908.txt,83a9c47820f6a0ccc36c9b682c65711e070a5a8238eacf5e9dfdb27b7e5dfe8f,3557db80187d4408430e2a57b463d7cd5ae53be03f159fb79a4465f5854c0d48,3f00804040d0fcfe
syn_syn_000913,syn_syn_000913.jpg,mendeley_synthetic,True,syn_grp_1273,train,6,"[0, 3, 4, 7]",images/synthetic/syn_syn_000913.jpg,labels/synthetic/syn_syn_000913.txt,479fece61cd5ba062708a686729fc165c2a723961b885357bbe53eeec8264c75,715afc9db8ae2971c62e1bb8aef8d81c394b9b6d6f20a35f1341f85856f9c3f8,fffe687078703800
syn_syn_000917,syn_syn_000917.jpg,mendeley_synthetic,True,syn_grp_1274,train,3,"[2, 5, 7]",images/synthetic/syn_syn_000917.jpg,labels/synthetic/syn_syn_000917.txt,9639f80226d43c3fa5a44483f994efdad9d4f49cff0526a43bef0e5c1ee8df5f,7d723338d8ae4a24313b814c8d7fb98ae9fdbf849394f9f6194e4e3004d32a03,0fe81903e1d9befe
syn_syn_000926,syn_syn_000926.jpg,mendeley_synthetic,True,syn_grp_1275,train,3,"[0, 5, 9]",images/synthetic/syn_syn_000926.jpg,labels/synthetic/syn_syn_000926.txt,d8c738ed81f8af2a0b1271fcf99953db7aabd8f9e43d1a6126b7d0b746f608b5,d2b850e6ea4c3cdfe76ef6c7215f4fa38ef654210753f7db83de07271849df82,1f6f67c1a1b88080
syn_syn_000928,syn_syn_000928.jpg,mendeley_synthetic,True,syn_grp_1276,train,4,"[0, 3, 6, 9]",images/synthetic/syn_syn_000928.jpg,labels/synthetic/syn_syn_000928.txt,d37a75ecc81b5046aa013860fe31e837c746468b5a81aa0d728892a0996ccce2,6d0f2cb43f62385c1594eaf8c710e17b58229794eaa00a046a273dcd515af221,f2e4e0c8c080bce8
syn_syn_000945,syn_syn_000945.jpg,mendeley_synthetic,True,syn_grp_1277,train,3,"[0, 1, 5]",images/synthetic/syn_syn_000945.jpg,labels/synthetic/syn_syn_000945.txt,018140ffdaab53dd6f9bd2c3a3b1160a5255e23fa08b1ad035f7c50e9e80de43,b9462d5f12bc928f3db1cc097111788d981f00fb75133da1948a66a2ca183eab,fcc8c0f8fce8f0f8
syn_syn_000948,syn_syn_000948.jpg,mendeley_synthetic,True,syn_grp_1278,train,1,[0],images/synthetic/syn_syn_000948.jpg,labels/synthetic/syn_syn_000948.txt,8c18b13e59383baac34e68eb40886791ab0440d0f7eeee795f244408f5af963a,ac895e1c0644ca86c5a8965180e0984c88552a935ae27222e313ad9068ed7326,2f2f013f1f030727
syn_syn_000954,syn_syn_000954.jpg,mendeley_synthetic,True,syn_grp_1279,train,4,"[1, 3, 4, 7]",images/synthetic/syn_syn_000954.jpg,labels/synthetic/syn_syn_000954.txt,7c3de76044f92b80b5899f9e34125fd1f5d6b45df9cc6b711be06434e95717d9,c7128555de73439019c285c8d2dca013856a880a70d08439da3360c0157911a4,7f0f0f7020791d9f
syn_syn_000971,syn_syn_000971.jpg,mendeley_synthetic,True,syn_grp_1280,train,3,"[4, 7]",images/synthetic/syn_syn_000971.jpg,labels/synthetic/syn_syn_000971.txt,b695ae34b9fba09970a3cbc74bf5231719f5aa4fa01eafc7bbfcd707b229bcd9,95fa3f9ddcac07b679bdfe131f8982214453db3ae8cff013ab2ee623b0439cf7,0000063e3c3d7fff
syn_syn_001003,syn_syn_001003.jpg,mendeley_synthetic,True,syn_grp_0101,train,1,[3],images/synthetic/syn_syn_001003.jpg,labels/synthetic/syn_syn_001003.txt,1977c64e012d1ea96a4bf7ce46d06fdefbaa5fc79285f75b053db7d51b7ec0f9,4e9f39930d183774ce64cfec5f5804c20277f0a58ddc9c3757a3658f6da3bbf0,8018c9f0ffafe1e8
syn_syn_001021,syn_syn_001021.jpg,mendeley_synthetic,True,syn_grp_1281,train,5,"[0, 2]",images/synthetic/syn_syn_001021.jpg,labels/synthetic/syn_syn_001021.txt,1e38a2a927718f89c76ed1a7f9b1918b0c0f226a740ae8cf2279bd70e448b61f,a50bf7c413a0296914fe04618788ed6bc90c6fee7f49ec977edbefffe50d667c,000264670f8fcec7
syn_syn_001024,syn_syn_001024.jpg,mendeley_synthetic,True,syn_grp_1282,train,4,"[1, 5, 7, 9]",images/synthetic/syn_syn_001024.jpg,labels/synthetic/syn_syn_001024.txt,84dfb20b96f2588034740392e1ba4d662d855597d4e3f8394a041a23a1314860,f4f202b42cdc416e6a88a2fba5817df672153e03b3e0abdc51135c3fa45d1b24,00e0ecfefec0e000
syn_syn_001046,syn_syn_001046.jpg,mendeley_synthetic,True,syn_grp_1283,train,1,[5],images/synthetic/syn_syn_001046.jpg,labels/synthetic/syn_syn_001046.txt,89819d135b44250efef29b463e21668b0ba92bc339ad5131332547ca63c69df8,17a9fce1005eeda65f183faa877f8d92ef2bda494cff61b081214c72bc9dc37b,3161604818090c0e
syn_syn_001051,syn_syn_001051.jpg,mendeley_synthetic,True,syn_grp_1284,train,4,"[0, 1, 2, 9]",images/synthetic/syn_syn_001051.jpg,labels/synthetic/syn_syn_001051.txt,aca690a1a0d5a9e6f9963ebe7ae4596a99a003e7d70b759bca9ff756694fa723,bf31f04a5b2dcd191dceb91a0df600d4c983ebc685db410759efe8bef44453d3,c0f0fefae0f0c000
syn_syn_001067,syn_syn_001067.jpg,mendeley_synthetic,True,syn_grp_1285,train,5,"[4, 6, 7, 9]",images/synthetic/syn_syn_001067.jpg,labels/synthetic/syn_syn_001067.txt,fe49a5d6152a13ad1a0514879a5e07c26febaa15f419920042cc9e51b01cbbdb,5116996091f5b3a4bff2be2d4747d16a3d3e6cef9baeb6c1d64d00a197450f75,ffffff09c0f0c7e0
syn_syn_001078,syn_syn_001078.jpg,mendeley_synthetic,True,syn_grp_0638,train,1,[0],images/synthetic/syn_syn_001078.jpg,labels/synthetic/syn_syn_001078.txt,09b0c07c4e8401298765c5ed5f07e4e7df076a2cdb4fb19a5e9f9993f42df416,8a15e69c8d6fa11d8bbf13727df44918b4ea14cc062c8b9f7e355b8ace5d88ca,808080ffffffffff
syn_syn_001083,syn_syn_001083.jpg,mendeley_synthetic,True,syn_grp_1286,train,4,"[4, 7, 9]",images/synthetic/syn_syn_001083.jpg,labels/synthetic/syn_syn_001083.txt,323d8812fcd33ec1493aad7c429879a28ad8fa4b1c9a3e93fb78f449204db98f,851a6f02b4c62e712fadb8957cb2b222dbedb16431e99decf82bc7c93ff73f7c,90c060faf0f4f0e3
syn_syn_001145,syn_syn_001145.jpg,mendeley_synthetic,True,syn_grp_1287,train,1,[3],images/synthetic/syn_syn_001145.jpg,labels/synthetic/syn_syn_001145.txt,b2588ba69a60f567faf0f847c68fccb7b5eaaf0dd8697bc491b8d5d18f6d6f76,661258e516a93a3ca0cf5931bdc18b722c741a439087bd1d2ade06083ce7f9b0,676f7f78180cfcf0
syn_syn_001216,syn_syn_001216.jpg,mendeley_synthetic,True,syn_grp_1288,train,2,"[3, 6]",images/synthetic/syn_syn_001216.jpg,labels/synthetic/syn_syn_001216.txt,b44e88e8c2935acc698c4d5b36223ea8dd5d7680a4b733c4de9b42447b9b1902,e8ac0ef11d4c270e5e05bd77f12132bd7879828d4d8a1de52cb504f95b22b0a6,3f3f07000a32360c
syn_syn_001242,syn_syn_001242.jpg,mendeley_synthetic,True,syn_grp_1289,train,5,"[0, 4, 6, 7, 9]",images/synthetic/syn_syn_001242.jpg,labels/synthetic/syn_syn_001242.txt,dd7490609cf8ea33b1583af7c06df5d99e8bbc10686662799dfa18f148b4ef9f,22f2663aeaebc76372691ed1d29d0ed884321acdebc67483c129e0b120e470a4,c0f8ba9f80cfff08
syn_syn_001467,syn_syn_001467.jpg,mendeley_synthetic,True,syn_grp_1290,train,3,"[0, 7]",images/synthetic/syn_syn_001467.jpg,labels/synthetic/syn_syn_001467.txt,d4e85591227eb73b2ebb5e1802e4fcdebf4637bc6644602ffca1853ed2a05b2c,c52b513ee89c6fff6af9d7e1bd3ab5033447ccaa6293501015a86dea300da66e,2f030b1b033fff3f
syn_syn_001555,syn_syn_001555.jpg,mendeley_synthetic,True,syn_grp_1291,train,3,"[1, 3]",images/synthetic/syn_syn_001555.jpg,labels/synthetic/syn_syn_001555.txt,c550ad0903bddb0630d421f040ffca53ab4f8ef6c9009644d5821227ed1c211f,26bb997b96bd71637c2f0310a650068ca151b1f816d6eed3cfdf6bd24983a3aa,3048d81c18389c04
syn_syn_001724,syn_syn_001724.jpg,mendeley_synthetic,True,syn_grp_1292,train,6,"[0, 4, 6, 9]",images/synthetic/syn_syn_001724.jpg,labels/synthetic/syn_syn_001724.txt,06669c6931459efc84e1f52cc1d95900df29eb1ca396e2ab044f63be8f0bfffa,54a8911483f335d3328d425c08082af2b8b9cde49481e5972ffd083808129ccc,ffffe781818d8981
syn_syn_001786,syn_syn_001786.jpg,mendeley_synthetic,True,syn_grp_1293,train,4,"[0, 1, 9]",images/synthetic/syn_syn_001786.jpg,labels/synthetic/syn_syn_001786.txt,49d4482819b7e35e786e69ac90ba9eb63754ef004927ccf581209b9c4b94a9c9,1e2a3db828b6489909e821de79feb704883ccbb8d8105895ce2c7ba50eda5284,0f6f7460043c7fcf
syn_syn_001984,syn_syn_001984.jpg,mendeley_synthetic,True,syn_grp_1294,train,2,"[4, 6]",images/synthetic/syn_syn_001984.jpg,labels/synthetic/syn_syn_001984.txt,c79bd9e0d46ea9f2f809cb80ad24f9b42b716d2b001a38eb07e42dd1c05f4763,4dccde668e4eb75db2fbdd250a242356dd416d0829946049fbe52bd75716a4f5,88002076fec9f3f5
syn_syn_002080,syn_syn_002080.jpg,mendeley_synthetic,True,syn_grp_1295,train,6,"[0, 1, 3, 4, 6]",images/synthetic/syn_syn_002080.jpg,labels/synthetic/syn_syn_002080.txt,66565e717a8b432014bbb6245330fb136e1b3c1a722af347b7ec44eab4be45b3,c465f9ee78f296c47303d11b3feeb47f23c03acdedd55ca72fae99c072ce4d95,5f56c78aa01b0b0b
syn_syn_002186,syn_syn_002186.jpg,mendeley_synthetic,True,syn_grp_1296,train,4,"[2, 5, 7]",images/synthetic/syn_syn_002186.jpg,labels/synthetic/syn_syn_002186.txt,2b09e637aee01a46bffffce1165442cd9ec908407541da5672393d2ef4d8af20,8a648cc7f18d83e4ef8577cd2a6e1efb7a94f0ad5852dba76c73ed949f4c90cb,0000f0ffefffffdf
syn_syn_002195,syn_syn_002195.jpg,mendeley_synthetic,True,syn_grp_1297,train,5,"[1, 4, 6, 9]",images/synthetic/syn_syn_002195.jpg,labels/synthetic/syn_syn_002195.txt,f4f73123ab271ccfd13987ca16fd91013bbb1381a6fab3b8ef6eb7a8f342aca8,7bbb1a7f82bfc14b5ab8ee9c4e3953e17c587a449fc624996b59818a10d4fd5a,80c0fcdefee6c880
syn_syn_002312,syn_syn_002312.jpg,mendeley_synthetic,True,syn_grp_1298,train,6,"[0, 5, 6, 9]",images/synthetic/syn_syn_002312.jpg,labels/synthetic/syn_syn_002312.txt,186707072bf91f6b5b81af2b594228d8b37e047341dc3aa664405579bcdc0740,4e7b7d7259c4ca7fb6417d04b77fc53f66601fa73c424928e2ef26d192cbc533,00e4e4030e3f3e3e
syn_syn_002336,syn_syn_002336.jpg,mendeley_synthetic,True,syn_grp_1299,train,3,"[2, 4, 7]",images/synthetic/syn_syn_002336.jpg,labels/synthetic/syn_syn_002336.txt,484c89faa3b670b33ee66f5c21f059aff4254c46fc66ec4841293f4526480673,9b574a1630689a21d315be64517e4ec369e5f23b548033fd4388cd30f91e1646,00001ffe3cff3fff
syn_syn_002372,syn_syn_002372.jpg,mendeley_synthetic,True,syn_grp_1300,train,5,"[1, 3, 4, 9]",images/synthetic/syn_syn_002372.jpg,labels/synthetic/syn_syn_002372.txt,bea4ae966116b37604105590c1ed71e09303e3b4d39dd57dcb46f5d2443a676c,5979d1c12fdae5497d53ef31ce1c6ce6982a3bde6236c5e1e907fd7068a14248,7fcfc7860fc30202
syn_syn_002458,syn_syn_002458.jpg,mendeley_synthetic,True,syn_grp_1301,train,1,[6],images/synthetic/syn_syn_002458.jpg,labels/synthetic/syn_syn_002458.txt,f5c8b2862da77f413b9c8aa43030bc3253feb52bfa4201f8898cc050e3a4d8b7,8cbe98634ed42be899b2884a50f7b2579416d63b70322f10fc23d3d3ca2b05c2,08cfe5f5ffdbb30f
syn_syn_002522,syn_syn_002522.jpg,mendeley_synthetic,True,syn_grp_1302,train,3,"[4, 7]",images/synthetic/syn_syn_002522.jpg,labels/synthetic/syn_syn_002522.txt,ef28129a81d19ffb64fa94eb43eb322e5d87abd41015f42619f9f5794946f5a4,272a5859173e865d3c1b06fd50ab9b4e491be9f7986c26d85fc049f8210fb453,0e0f1d1c3f3f3f7f
syn_syn_002579,syn_syn_002579.jpg,mendeley_synthetic,True,syn_grp_1303,train,3,"[0, 2, 6]",images/synthetic/syn_syn_002579.jpg,labels/synthetic/syn_syn_002579.txt,f6e9074378df9c3948ab7b8fc27317ca6ad244164a789b33b8cbef7986ad908d,fe0d12284f37ebcffcb68290b752398cc6a8d2d0ef503869959560614c0f051e,ff070307879fe7e7
syn_syn_002632,syn_syn_002632.jpg,mendeley_synthetic,True,syn_grp_1304,train,1,[7],images/synthetic/syn_syn_002632.jpg,labels/synthetic/syn_syn_002632.txt,6c87a111459264754ba4eefd725e487ab8648d9a591be367edd67391a8a6c045,19cf8f63c3cabdf9fdfe8b6c521257d12449d33a20dfccc3a9fed809e0fc684e,000003070f1f3f7f
syn_syn_002652,syn_syn_002652.jpg,mendeley_synthetic,True,syn_grp_1305,train,1,[3],images/synthetic/syn_syn_002652.jpg,labels/synthetic/syn_syn_002652.txt,7a5dcce4bf89daa26c46ec843c01bd56576c25cbd6af4852d46d98265008feb1,7f1160ef9c9aaafb9c653480e288d55105fc0312e677684b894478a24a4c4b1c,3011d050c9dd7d63
syn_syn_002731,syn_syn_002731.jpg,mendeley_synthetic,True,syn_grp_1306,train,2,"[1, 5]",images/synthetic/syn_syn_002731.jpg,labels/synthetic/syn_syn_002731.txt,26a499f969ac6025746016704229e00ae5c930662022df6bc05c97a446b89291,eb117e2f48e17d146ad63b515a5df120f20de8c2ad1aa99a6cd5f6ea9ed40760,e0e0e9dfdeb0e0e0
syn_syn_002733,syn_syn_002733.jpg,mendeley_synthetic,True,syn_grp_1307,train,6,"[1, 6]",images/synthetic/syn_syn_002733.jpg,labels/synthetic/syn_syn_002733.txt,a1e5c743a171b55b84460816abc34aaacfa580bca4098d744c75292bf91294cc,f8abaa0d5d53dc46b69c86ffbfcb77db2d8edb8d0ac2f81d3c7a6f8f35e2967f,00047efce040f7ff
syn_syn_002760,syn_syn_002760.jpg,mendeley_synthetic,True,syn_grp_1308,train,4,"[1, 2, 3, 9]",images/synthetic/syn_syn_002760.jpg,labels/synthetic/syn_syn_002760.txt,a2c2f33fe918197bd9bc25ed1840b8e3c9614639adfc399e6abc735da3ea470a,7cd7fdd3f1340d37a26a1585e08927c2cf5e8f100872c0896efdff97331fa130,84e0d848b07f6038
syn_syn_002776,syn_syn_002776.jpg,mendeley_synthetic,True,syn_grp_1309,train,2,"[0, 2]",images/synthetic/syn_syn_002776.jpg,labels/synthetic/syn_syn_002776.txt,5e08bdd721a95a773e1852c98876b249ab43f2bd7b04536a88c5d625dcd17994,5d1faa0bc84e6986c9ad84ff614d20df3629aebdbb57dda576876cd891c6ccf6,3e004078787c4c06
syn_syn_002777,syn_syn_002777.jpg,mendeley_synthetic,True,syn_grp_1310,train,1,[9],images/synthetic/syn_syn_002777.jpg,labels/synthetic/syn_syn_002777.txt,d63a700cf2f40b8521079d043917aa4c7d2fb441da9e150ace748fe938168d01,5604f2f732db60da6f336396826bf257179c855c51bc1287c3e9300284e32c33,070ffffd28080183
syn_syn_002788,syn_syn_002788.jpg,mendeley_synthetic,True,syn_grp_1266,train,2,"[7, 9]",images/synthetic/syn_syn_002788.jpg,labels/synthetic/syn_syn_002788.txt,b30e8eedc8daa0dc1a96dedebc2b95214834a471162115833c8616e390316d02,ed879c271d82d089e3a2a8c46735d138d57604224a3d96be768eff9dca20e545,0000c0f8f8ffffff
syn_syn_002806,syn_syn_002806.jpg,mendeley_synthetic,True,syn_grp_1311,train,1,[0],images/synthetic/syn_syn_002806.jpg,labels/synthetic/syn_syn_002806.txt,4c92537a856364e5b13bcfe1a5b40a0f4f239742e8d800f1ec4818fac40256ea,8b031b70a62fb7a0299acf212dc0e78d7c2ffc47ec2038aa60d250731b18b8bf,2b2b397ffe4c0018
syn_syn_002869,syn_syn_002869.jpg,mendeley_synthetic,True,syn_grp_1312,train,5,"[3, 7, 9]",images/synthetic/syn_syn_002869.jpg,labels/synthetic/syn_syn_002869.txt,08b7c5a7451ec6eef71e2eadea9841a33264ebd74395b3c769684d53cc480b26,15790f1423878b10426654205f6a8e16617b0c9f38f984b675efaa677a5fb745,0101050747670107
syn_syn_002931,syn_syn_002931.jpg,mendeley_synthetic,True,syn_grp_1313,train,4,"[2, 3, 4]",images/synthetic/syn_syn_002931.jpg,labels/synthetic/syn_syn_002931.txt,abe44f2a2bbc3e1a5f64e1072c7cfe22d68a954106cd523907c311a1aa14a738,01711d3af4a264448de625dcd2756a3ad4c1e19037eb97f86436e02ffd41b9b1,3e3b1b3b27363119
syn_syn_003089,syn_syn_003089.jpg,mendeley_synthetic,True,syn_grp_1314,train,4,"[6, 7]",images/synthetic/syn_syn_003089.jpg,labels/synthetic/syn_syn_003089.txt,c7ad8618e72adcec298207b1b26fccf61e8a1af4f33557af5e647c8c83b2f13f,f410bab1f869746c22a5c5c34aad27ec4af869ac778b71451aa1d2ecc8161938,3030000303ffffff
syn_syn_003117,syn_syn_003117.jpg,mendeley_synthetic,True,syn_grp_1315,train,2,"[0, 5]",images/synthetic/syn_syn_003117.jpg,labels/synthetic/syn_syn_003117.txt,4beb02b7333aafeaba25794d09ae5a24c68922c06ffa588c15514a74d4d018d2,8634b6e97968ade34484c3758d8a75329015b8dc30e4b90398dd54f1054054fc,01070f3f33d3f3ff
syn_syn_003150,syn_syn_003150.jpg,mendeley_synthetic,True,syn_grp_1316,train,2,"[2, 7]",images/synthetic/syn_syn_003150.jpg,labels/synthetic/syn_syn_003150.txt,84a3e3eb6ca344f90c5e2f5a6d9df64a344b02814e3e1929318b102323a1af36,f25fed8d1026f2cea71c0275f5d0ebc1c6cd0993d92c11dce188622dacdfd8be,0f4e6fefcf800000
syn_syn_003167,syn_syn_003167.jpg,mendeley_synthetic,True,syn_grp_1317,train,2,"[4, 6]",images/synthetic/syn_syn_003167.jpg,labels/synthetic/syn_syn_003167.txt,20be368a78cfc0a72593999ce10326ec213a9b35f6f7589cdc5882b807867588,a6bdd24f5f3c65919b5d355ebf9815745866c0e7444a6373fd229ddd41e04ca9,f98be37f1f02808c
syn_syn_003202,syn_syn_003202.jpg,mendeley_synthetic,True,syn_grp_1318,train,1,[9],images/synthetic/syn_syn_003202.jpg,labels/synthetic/syn_syn_003202.txt,78fd6638fb518989498440152b0c818bb241505a46218df244ef46a8e1a2c379,04fce4fa01b9979cd7abff7f03a1a1681b19b55fb1523af79567188840330aa2,a0e6a6aaf57f0e8d
syn_syn_003233,syn_syn_003233.jpg,mendeley_synthetic,True,syn_grp_1319,train,3,"[0, 3, 5]",images/synthetic/syn_syn_003233.jpg,labels/synthetic/syn_syn_003233.txt,e627df27043570c111ff1681a192f9f779c34b65403335f9112eb322040e3ff2,6e872145f9acb601ce6dba65db8e5e586c1636720ab7a2054f47d1af9afff21d,809cfebc3cdc8786
syn_syn_003253,syn_syn_003253.jpg,mendeley_synthetic,True,syn_grp_1320,train,4,"[0, 4, 5, 6]",images/synthetic/syn_syn_003253.jpg,labels/synthetic/syn_syn_003253.txt,535436b10f36b122c525930a23aa7e9326f0f5e6934e9f9fc3e83bc5a35a0a37,ea48baa7e61c34495060fad7eb4640bca9e2d6d63ecc413431b5d1431f5f4109,d8cccc8c8cccfcf8
syn_syn_003314,syn_syn_003314.jpg,mendeley_synthetic,True,syn_grp_1321,train,4,"[2, 4, 5]",images/synthetic/syn_syn_003314.jpg,labels/synthetic/syn_syn_003314.txt,9b2e8f1e6049628609cb6825cefc1cd9a2bfa46d284d1e578a8e56fbadc8a2ba,375bdce35b273483c62dcab23b138660b673620fb48585f081311d9c6ba706e9,858380851f3c3d7f
syn_syn_003331,syn_syn_003331.jpg,mendeley_synthetic,True,syn_grp_1322,train,2,"[1, 4]",images/synthetic/syn_syn_003331.jpg,labels/synthetic/syn_syn_003331.txt,0d9aff5895417e0db3cdc0f4bf51e8dd276f4a788069850d46722fe6463f42bd,0f724f60699d9d348b7b6d8eba4f348941485e190a116127b301f29a8659acae,8383c30747c74707
syn_syn_003413,syn_syn_003413.jpg,mendeley_synthetic,True,syn_grp_1323,train,1,[0],images/synthetic/syn_syn_003413.jpg,labels/synthetic/syn_syn_003413.txt,f3484d77ec506bdcefc3bbaf78b84ad37aabc8da86032a604f5112e5158e526d,ef323bcc340382065016a4f9e1531cb9344329be4b09c679061d9bda5c3a1d23,ffff7f18ca010000
syn_syn_003470,syn_syn_003470.jpg,mendeley_synthetic,True,syn_grp_1324,train,4,"[1, 4, 6, 9]",images/synthetic/syn_syn_003470.jpg,labels/synthetic/syn_syn_003470.txt,5f27cd4f72ead435dca4f0dbcc85a165c3cf7c0476930bb26ee8d561091eac41,b3b1dd5ef3fbf18906d987ea44298493051617c67ecb9a213c6718071d1bafb0,08487c7b7b79793b
syn_syn_003756,syn_syn_003756.jpg,mendeley_synthetic,True,syn_grp_1325,train,1,[4],images/synthetic/syn_syn_003756.jpg,labels/synthetic/syn_syn_003756.txt,2766d2d3f88057b66d0f2db9c55f0f8f90bd6ca53e027ea38c8d98f0e3ea2dd5,2c4e6a584a388c8d0eeddeb646426b57cd545830771fe276efb86b11607021ee,83bf7eb0247c644c
syn_syn_003758,syn_syn_003758.jpg,mendeley_synthetic,True,syn_grp_1326,train,2,"[5, 7]",images/synthetic/syn_syn_003758.jpg,labels/synthetic/syn_syn_003758.txt,47b61b6ccc31eed97afcb011ae5e674e9b33bb1749ef2ca191e871b761621a52,0d320447ed6ceb937f4142721be273ff881762f7b490e87eb49b7fd466883a11,ff0303c1e07f4100
syn_syn_003788,syn_syn_003788.jpg,mendeley_synthetic,True,syn_grp_1327,train,5,"[0, 1, 2, 3, 7]",images/synthetic/syn_syn_003788.jpg,labels/synthetic/syn_syn_003788.txt,7d28fc3ef05630f0b7a11a0ec501cd2d35528d4dc8484fa3621ba52d23cf71ad,3d6d719aec93ccddfaa01016ed411295730100d99312ac1f3d8989192aca22b8,0f0f070303070f0f
syn_syn_003807,syn_syn_003807.jpg,mendeley_synthetic,True,syn_grp_1328,train,4,"[1, 3, 6, 7]",images/synthetic/syn_syn_003807.jpg,labels/synthetic/syn_syn_003807.txt,e53777b3c13748e38e6301859f26bce28ad3e5bdacdb2ff9c26498dba603faf6,e79521318c2aea9375a31f5f2a79dab2486eecf6e91873751821394dd4afec26,14141c3e3c78f860
syn_syn_003817,syn_syn_003817.jpg,mendeley_synthetic,True,syn_grp_1329,train,2,"[2, 4]",images/synthetic/syn_syn_003817.jpg,labels/synthetic/syn_syn_003817.txt,e586ad342ebc1643687540944bab41d7e530d289113b0f99b8b80b951c365359,5ba8f9f5a50eda2ab227a5dd225975874336e2d828f78216baa6225887b920d9,d8f1c84007fffffe
syn_syn_003891,syn_syn_003891.jpg,mendeley_synthetic,True,syn_grp_1330,train,4,"[4, 5, 7, 9]",images/synthetic/syn_syn_003891.jpg,labels/synthetic/syn_syn_003891.txt,e9d94c44d187d650b8186dad37b23e10e2b009816040713acf08eac9947fb8b3,96a49bb4fd49d14c732e170ecb7e40eb9b299ad7a2ad2bc2bf6586f89dbbfbfa,0070787c3c787800
syn_syn_003894,syn_syn_003894.jpg,mendeley_synthetic,True,syn_grp_1331,train,2,"[2, 3]",images/synthetic/syn_syn_003894.jpg,labels/synthetic/syn_syn_003894.txt,5a54bc4e3128d18bfded02b70113f03d1066a000d0576be687b1718a8b83ac3b,5882e18587de376f5955a9e8eb7d20f399069aa1232b2dd997a6d4e3ce4e25b9,f0f0f8f8f0c08080
syn_syn_003925,syn_syn_003925.jpg,mendeley_synthetic,True,syn_grp_1332,train,2,"[2, 5]",images/synthetic/syn_syn_003925.jpg,labels/synthetic/syn_syn_003925.txt,337120d3d026d683c6aa943e998f2728b407c2e28bed5ca4b6ec918b79d73963,43eaa29d0d12f8a268035b422ba347b0a8bcd2051d7015f8550b3aed686fed8c,1c3e3e3f3e3f1f0e
syn_syn_003978,syn_syn_003978.jpg,mendeley_synthetic,True,syn_grp_0655,train,5,"[4, 5, 6, 9]",images/synthetic/syn_syn_003978.jpg,labels/synthetic/syn_syn_003978.txt,672e7b8bcbd5e478103cfe4f3b62073ec231b48064c050343a20c368fcdb9229,991a72f3613050a22b20bbfe3113dbc37227295c08d5b8b9e4810949320fed05,6121b8f8fc7efefe
syn_syn_003996,syn_syn_003996.jpg,mendeley_synthetic,True,syn_grp_1333,train,2,"[0, 9]",images/synthetic/syn_syn_003996.jpg,labels/synthetic/syn_syn_003996.txt,7f390197df88429969f0ff7be96d0aba205a29843f8d4d0ca8c97bc520c3702d,adefc98cc9e11802b043d53307cbf1a4e223b9bdee707086697b9c33c6984276,273f39073327273f
syn_syn_004052,syn_syn_004052.jpg,mendeley_synthetic,True,syn_grp_1334,train,2,"[2, 7]",images/synthetic/syn_syn_004052.jpg,labels/synthetic/syn_syn_004052.txt,e63774c14244542e6af0c6115357e22047c531be36baac624adb4bffee8908bc,ce62d8c8eee75946291824dbbbe0991281f80109912406cec8c359dff4524404,c0e0f9ff031c3e37
syn_syn_004064,syn_syn_004064.jpg,mendeley_synthetic,True,syn_grp_1335,train,1,[6],images/synthetic/syn_syn_004064.jpg,labels/synthetic/syn_syn_004064.txt,2be3659395d4823815398bee21bf706ca090e81894f2a5d737b8c34d55e5bac4,5cad48dfa7826335d60ae27fb25a3c9c77a83680bf5f31e28d0e09631967be1f,1f1f1f1787f71e0c
syn_syn_004127,syn_syn_004127.jpg,mendeley_synthetic,True,syn_grp_1336,train,5,"[0, 2, 3, 4, 9]",images/synthetic/syn_syn_004127.jpg,labels/synthetic/syn_syn_004127.txt,317443f67f0628cbbc90fde863c13a75d1284c8d5df15834c94882328af03a53,a3767addc340929f1d565de351d699276f76a587c34e25297837a0eeee169367,1f6c7cb802034361
syn_syn_004220,syn_syn_004220.jpg,mendeley_synthetic,True,syn_grp_1337,train,5,"[0, 1, 5, 9]",images/synthetic/syn_syn_004220.jpg,labels/synthetic/syn_syn_004220.txt,8813db2e106a443afc7c53294d246f2028ad63dba1a10a38ce5b9a91e9e52cb2,354d15ebd126293b8c4ac058a43d502e1e1e73744036dc02cf9f82d03a2f11f0,2111177f79733f3d
syn_syn_004300,syn_syn_004300.jpg,mendeley_synthetic,True,syn_grp_1338,train,1,[4],images/synthetic/syn_syn_004300.jpg,labels/synthetic/syn_syn_004300.txt,ef43839c2b4551763a8704a593af623ac1d53f69213c0fcd0ed62488c426789e,afd9cb1da002db7777c75c9cddb565bae7d1ae9737897de8a9b66c40524ec911,f0fefef8fce0e8e8
syn_syn_004401,syn_syn_004401.jpg,mendeley_synthetic,True,syn_grp_1339,train,6,"[1, 3, 4, 5]",images/synthetic/syn_syn_004401.jpg,labels/synthetic/syn_syn_004401.txt,99852f77ecb18c7ebc8ebc19381cfccc94f0c44de8bf9e07429cf13e73ad3f91,9b3297edc8859735cfece4a9fb3e415bcda362896e1e80b82566d8374ab3a60a,f2f3f3fbc3830303
syn_syn_004441,syn_syn_004441.jpg,mendeley_synthetic,True,syn_grp_1340,train,1,[6],images/synthetic/syn_syn_004441.jpg,labels/synthetic/syn_syn_004441.txt,41e807e0399bd8b1dc6e33e3e4154a20e98e1581a2ae4a13729facb8e1c1d5e3,ad8037512a88e9c81a700683d06ae4196d294794a64dee421968b552501212d1,cb9fbffbfc003020
syn_syn_004523,syn_syn_004523.jpg,mendeley_synthetic,True,syn_grp_1341,train,4,"[1, 2, 4]",images/synthetic/syn_syn_004523.jpg,labels/synthetic/syn_syn_004523.txt,ba5545ad61fadca38c7ece58565e11ab301a9be4be39170160440f3e7edc88ec,a0a49b19ce0671bb3d358b771f37c86f017ce2d2e8f5c555a671044c13ae058d,8f2f3f37eefeae80
syn_syn_004531,syn_syn_004531.jpg,mendeley_synthetic,True,syn_grp_1342,train,1,[6],images/synthetic/syn_syn_004531.jpg,labels/synthetic/syn_syn_004531.txt,d7ce5fa9e2a5b859e07f041de3e5553eee1f8d8855c2d76128e9204ce723efdd,b43cd1e1eef27133a19641dacb3723c9c15bccc7fecebf63e95d4a64e0dc9fde,0030707020303030
syn_syn_004631,syn_syn_004631.jpg,mendeley_synthetic,True,syn_grp_1343,train,6,"[0, 5, 6, 9]",images/synthetic/syn_syn_004631.jpg,labels/synthetic/syn_syn_004631.txt,3445af273708d2f35db4c83401542830d34cd01a1912f8b5e6bf3977d4dd2d6b,615820f5cb86027f0b1e61882213f00c2a94f337b94dd06f25c1d38af5731736,01110103131f8f8f
syn_syn_004706,syn_syn_004706.jpg,mendeley_synthetic,True,syn_grp_1344,train,1,[1],images/synthetic/syn_syn_004706.jpg,labels/synthetic/syn_syn_004706.txt,2cd22fa16925ba8fc43571a10911f066eefbeae8b60a40e44747de727d8c1192,673fc7ef69a25a01ecd127d091c064ce740db6dad9aecfca99e15435e59963e9,fefffefcfec00000
syn_syn_004737,syn_syn_004737.jpg,mendeley_synthetic,True,syn_grp_1345,train,5,"[0, 1, 3, 6]",images/synthetic/syn_syn_004737.jpg,labels/synthetic/syn_syn_004737.txt,24dee9bb4e535ca4df4e96e0a223d30b8c962cf521bcb8a9e4b5597c8a7843de,310536a0dd68fe44f67a22f29e15e672709c68660d654627140324957ceed065,2b1ef8f3fe38e080
syn_syn_004753,syn_syn_004753.jpg,mendeley_synthetic,True,syn_grp_1346,train,3,"[3, 4]",images/synthetic/syn_syn_004753.jpg,labels/synthetic/syn_syn_004753.txt,6b8beed6d45ae10d39f539de1b7a24825725ef928ce1a2aca2aa630fd6ed29b0,c4a0df44c1203eda6d2cab4268bfc01d612dd0b3c6aa57964ed322d550b7e469,04040103073e7870
syn_syn_004790,syn_syn_004790.jpg,mendeley_synthetic,True,syn_grp_1347,train,1,[3],images/synthetic/syn_syn_004790.jpg,labels/synthetic/syn_syn_004790.txt,a3c7b0ce9913797cc5bd1e6d90676ef45480d6e3ea957864d7ab36736a1c24d6,5238d86716731585cdf869bc764c5d0e19767839615c600e7bd1d12397193c9d,a9e5e5e476f2f2f2
syn_syn_004822,syn_syn_004822.jpg,mendeley_synthetic,True,syn_grp_1348,train,5,"[0, 1, 5, 6, 9]",images/synthetic/syn_syn_004822.jpg,labels/synthetic/syn_syn_004822.txt,edb1aa5c3ac0370c9b815c1030f1c4ecbf00a8823bea7ab4ff94f68d530bafe3,90951fa20100d52e6bda711b7fd9adfe1571ec9e7ba46d73f79d9672e726b5ee,9131398da17b76f7
syn_syn_004855,syn_syn_004855.jpg,mendeley_synthetic,True,syn_grp_1349,train,4,"[4, 5, 7]",images/synthetic/syn_syn_004855.jpg,labels/synthetic/syn_syn_004855.txt,d3488d67cafe1ec871f94757b29a2cd3a95706eb663adaad67520b8a4cfa2a51,1b0bd581b28d5da8de91247354fa9f4b04758e9886d65ef68c3ad87604ab2907,00001e1e5e1efaff
syn_syn_004865,syn_syn_004865.jpg,mendeley_synthetic,True,syn_grp_0501,train,5,"[3, 4, 7]",images/synthetic/syn_syn_004865.jpg,labels/synthetic/syn_syn_004865.txt,5d60010bac6a568c94b8c675628137c309a59c3e4cc2b7ddcb38279efe9d2250,5d6121ffc257bdc2edb3e27c03a2ec9a890619bfbe68624c0802e6d671fff1fb,e0f0f0f0f0f8f0f0
syn_syn_004879,syn_syn_004879.jpg,mendeley_synthetic,True,syn_grp_1350,train,3,"[2, 3, 9]",images/synthetic/syn_syn_004879.jpg,labels/synthetic/syn_syn_004879.txt,292bc4f33fa7f2864ce281efd0bca9cf0d0663ed54a01f40d820f680f7293363,0fb37bcf996fb668ea0673194d23fe6934fcdf0a73db1e25605ae93d4ef8076b,c7ffd6c241091a22
syn_syn_004899,syn_syn_004899.jpg,mendeley_synthetic,True,syn_grp_1351,train,1,[0],images/synthetic/syn_syn_004899.jpg,labels/synthetic/syn_syn_004899.txt,e7b79f7dee11b8971db2806e5e57a3920094c2c8a1fed92d219373f9981067d7,94f5d5f6d8f11dd0b0470cfe27cd5f67feb8cefdadbccdce1ac540bd3ab19399,c0fcf0fcac5cdda0
syn_syn_004915,syn_syn_004915.jpg,mendeley_synthetic,True,syn_grp_1352,train,6,"[1, 4, 5, 7]",images/synthetic/syn_syn_004915.jpg,labels/synthetic/syn_syn_004915.txt,92adbd6c402c38c0be4ca58c68f64632ba1a2e3d87a14dcdb362a43944a913d2,7cb390b31b5d0d393cd2611dae211c03290683ad51614db9649f0ac544c50a0c,089cf8f4fcf03030
syn_syn_004924,syn_syn_004924.jpg,mendeley_synthetic,True,syn_grp_1353,train,2,"[0, 5]",images/synthetic/syn_syn_004924.jpg,labels/synthetic/syn_syn_004924.txt,ea56897b627d4f08a0c0f110b912dd1ab23bb45ead3d59b90c9a2dc588a39ef3,7126e95b58a49b363db3761a4eb932ea71d75b348800c3cfb45684140d9257f1,101e0e7c7070b0f2
82,taco_0082.jpg,taco,False,real_grp_1354,train,7,"[0, 5, 7]",images/real/taco_0082.jpg,labels/real/taco_0082.txt,6f7729f1a599ae66666fd0fac50462c3bf706adf570b2aa47364f93bd2f186eb,f5b68d16273389af6b68797b9c1f5910db319ff0393bfbcdcb8352dfcd355d95,7161f9c5c7cfe7f7
68,taco_0068.jpg,taco,False,real_grp_1355,test,2,"[1, 5]",images/real/taco_0068.jpg,labels/real/taco_0068.txt,7eb30e3acaa9af2785651e202fbe0b2571c3e89dc88ed133f97d7721f5775fce,256bb4f7cfbbf398ec10889043de30b91a1223a300d278c408735824236180f7,00c4c4e7fffff0c0
81,taco_0081.jpg,taco,False,real_grp_1357,val,6,"[1, 2, 9]",images/real/taco_0081.jpg,labels/real/taco_0081.txt,c226c24db03a1f096d3d77414d1f87dc46aa13590b83d9480dd398bbb7af8bfa,0b85fcaeb207b41c70502e13e781bf160c00d80c8eacaf68f4c05e5d08568954,e0f0eadcdce0c000
704,taco_0704.jpg,taco,False,real_grp_0072,train,4,"[1, 6, 7, 9]",images/real/taco_0704.jpg,labels/real/taco_0704.txt,af0fba31cb00cff349f8c12600096f7b8dc63f9f0d94cbc48f5da1ff57c06744,d83641754c63d475a1f674be44c0201bed2e59205db00eb96f9e5f418d36a57f,000000000bffffff
853,taco_0853.jpg,taco,False,real_grp_1359,train,20,"[4, 5, 6, 7, 8, 9]",images/real/taco_0853.jpg,labels/real/taco_0853.txt,7d6dc8b44985f7865c50e8a1bb80553081ba1020a4f862f84c2ee40e0e711c7a,8725db0cfd31d30c769d96cbc802c17ed1b7dddb3ce3d74fb08848b0755132b8,7f0000000000ffff
1323,taco_1323.jpg,taco,False,real_grp_1360,test,17,"[2, 4, 5, 6, 7, 9]",images/real/taco_1323.jpg,labels/real/taco_1323.txt,9ca07faf64ad06da4b79315f74c80af46072736e4308c36f7a1d930a287dc384,1f676aa66d3c55000a757aa558ac10c051722cb900b55be50bab7cfcd8af5bbe,9fdfff7f06000000
860,taco_0860.jpg,taco,False,real_grp_1361,train,13,"[2, 4, 5, 6, 7, 9]",images/real/taco_0860.jpg,labels/real/taco_0860.txt,b52b82504b2d1919d82f426965fd5ee0341e4ad45a3995da2e94d53706386069,e0e128703d181f1a8ec1e69a640556379f3195b6c5d223ae6c3e7d56706e478a,0f01fefef8f8fac0
89,taco_0089.jpg,taco,False,real_grp_1362,val,12,"[2, 5, 6, 7, 9]",images/real/taco_0089.jpg,labels/real/taco_0089.txt,4844d24e10509d7af20a1d9597cc5d05b941d334fa779acf70af324415be84c8,7ed241deb2467ace79ffa7a875965909dc3451a89ce6dd8ffe68554eac83d04e,f070f89c9c3e3e1d
1488,taco_1488.jpg,taco,False,real_grp_1363,train,10,"[2, 5, 6, 7, 9]",images/real/taco_1488.jpg,labels/real/taco_1488.txt,f8493a4d9702a7b67e8276c70abe70149c37b33dee9e5682c107ebc1b410f339,e8bfb83c637c2e92c6c86145eaf1373625ff674221a679f0ea93c10ff9c1ad1e,f8e83cf1e08080fc
186,taco_0186.jpg,taco,False,real_grp_0078,train,9,"[2, 4, 5, 7, 9]",images/real/taco_0186.jpg,labels/real/taco_0186.txt,37ed84e60b203c3f4b94e7041971b234a00a6a983e1cc8604ef0eaa413a0386d,20cb304be60c57927eb9c1ff6c189012370fb84161bd9947d2c769c9a9f8e8c3,808080ffffffffff
1213,taco_1213.jpg,taco,False,real_grp_1364,train,24,"[2, 6, 7, 9]",images/real/taco_1213.jpg,labels/real/taco_1213.txt,b6f5aed0d56f6015cd759b12eec9a3e10100a262bf50b658065fc205c9bad93d,609f1207043cd99a1bc23b62ddcbc7e23eecd6eba4d57d7deb42be76b34162cd,00fcffffee3f1f0f
1353,taco_1353.jpg,taco,False,real_grp_1365,val,22,"[4, 6, 7, 9]",images/real/taco_1353.jpg,labels/real/taco_1353.txt,380801584131ae92a11515723a74d9631b7f6b6297383d5e1c639d19ccf094a6,7c62f01cc7035c8074e995f55ffac56079ac99c7fda40f6c6f9d344a1aded947,3f9f1f0020000000
135,taco_0135.jpg,taco,False,real_grp_1366,test,21,"[5, 6, 7, 9]",images/real/taco_0135.jpg,labels/real/taco_0135.txt,79b6693581bf8aea7eec5ae2ba77fba017cb05dea700a034f3bb22fcc858fa23,28cbc1bf80080c10add9ede6e4df65ff44bcfa48ad2c0be04b9aeb419c461a4f,fffffff40000c0df
1107,taco_1107.jpg,taco,False,real_grp_1367,train,90,"[5, 6, 7, 9]",images/real/taco_1107.jpg,labels/real/taco_1107.txt,a80d17dfb811f1a84b6f74f453fa7047d2930d1ad98c26adfc63635b2920f230,1279c862859ef1503ed7e354dbbf7d0173b3ba623cae799c71045f47ca996b02,f0f0f0e0e0c1870f
1,taco_0001.jpg,taco,False,real_grp_1369,train,2,[2],images/real/taco_0001.jpg,labels/real/taco_0001.txt,4e10298183851c254b95352330fad9100fa7112cd037f226fc3aa22552eba12d,dd327a1b24e70933493a50db031a7977091de4040b37e1df6edbce808c9742d7,c0e0f0f8fcfe9800
2,taco_0002.jpg,taco,False,real_grp_1370,train,2,[7],images/real/taco_0002.jpg,labels/real/taco_0002.txt,7c7311944d812ff4d5acc335510c6a3ff4cc5cfcc8ddb32f5deaa0b88ceec219,3bd457c71c6c55e86088294795d2c73babe194fc12f22c951f7d6af7d9c22254,feff3f1f03000000
841,taco_0841.jpg,taco,False,real_grp_1371,train,2,"[1, 7]",images/real/taco_0841.jpg,labels/real/taco_0841.txt,a9f0d4e12182944d1aeef73263bc3c3dc44cd97078a8e59d1f7aea3db7e0018a,5ebe757d0274a9274519017cd2dde127197cd114927b681b073146465845af2f,fcf2e0e0e0f0e080
924,taco_0924.jpg,taco,False,real_grp_1372,test,4,"[1, 7]",images/real/taco_0924.jpg,labels/real/taco_0924.txt,c0b52d1dfe17431e9ff06081797349a7e94320f71829adef99eb40d6c449413e,0c194d7f7baeb87b03925996978b206c04f973e887024a245e353815050dd571,ecbe7fdf8988ce73
10,taco_0010.jpg,taco,False,real_grp_1373,val,2,"[4, 7]",images/real/taco_0010.jpg,labels/real/taco_0010.txt,57c40a22fab59868285a16bb83718a1b0abeedbc0bf5215c7adaa36f955144a0,5830f45c204b5d527dbc27f63126cb44a162f90a7e23962fd9cc529019fb3afa,0000072fffffffff
25,taco_0025.jpg,taco,False,real_grp_1376,train,2,"[4, 7]",images/real/taco_0025.jpg,labels/real/taco_0025.txt,dc9da4ffbdc46393eabc8fee40c3748508ff702c18dbfabd3d13f8460b74fbff,20be07b7baa2b90ad303b632df09a51865c37971cf2245ba4776aa87b7bd586e,79df868a602001c2
456,taco_0456.jpg,taco,False,real_grp_1387,test,1,[0],images/real/taco_0456.jpg,labels/real/taco_0456.txt,a0ca2b77106d6591482fbba67704631c73378b102850eaa51c3ffdebab63a307,848a58bde9d32c254dd554b71617b6bc2f40ee82c0d8b57734cd8334ae846e87,0e0708c9ebe1e6c2
73,taco_0073.jpg,taco,False,real_grp_1388,val,3,"[7, 8]",images/real/taco_0073.jpg,labels/real/taco_0073.txt,68b579d77a2f68439695dce10845bc955c584a77ab33b4add1fc005ab185168e,8cde12caaf20e0a53942ba99ec9c20932601ee06f3084acc0104a20504696140,0000063e3f3f3f1a
