group_id,primary_path,primary_source,primary_label,duplicate_path,duplicate_source,duplicate_label,phash,is_exact_md5,rejection_reason
DUP_GROUP_0001,D:\HK7\Đồ án khóa luận\Data\raw\garbage_v2\cardboard\cardboard_1.jpg,garbage_v2,cardboard,D:\HK7\Đồ án khóa luận\Data\raw\vn_trash\Carton\train_cardboard642.jpg,vn_trash,Carton,fb4ed1b99124c4e4,True,exact_md5_duplicate
DUP_GROUP_0002,D:\HK7\Đồ án khóa luận\Data\raw\garbage_v2\cardboard\cardboard_100.jpg,garbage_v2,cardboard,D:\HK7\Đồ án khóa luận\Data\raw\vn_trash\Carton\test_cardboard 2029.jpg,vn_trash,Carton,f8bc8caf883a9057,True,exact_md5_duplicate
DUP_GROUP_0002,D:\HK7\Đồ án khóa luận\Data\raw\garbage_v2\cardboard\cardboard_100.jpg,garbage_v2,cardboard,D:\HK7\Đồ án khóa luận\Data\raw\vn_trash\Carton\train_cardboard11.jpg,vn_trash,Carton,f8bc8caf883a9057,True,exact_md5_duplicate
DUP_GROUP_0003,D:\HK7\Đồ án khóa luận\Data\raw\garbage_v2\cardboard\cardboard_1000.jpg,garbage_v2,cardboard,D:\HK7\Đồ án khóa luận\Data\raw\vn_trash\Carton\test_cardboard 1954.jpg,vn_trash,Carton,b420c03e0fc3fccf,True,exact_md5_duplicate
DUP_GROUP_0003,D:\HK7\Đồ án khóa luận\Data\raw\garbage_v2\cardboard\cardboard_1000.jpg,garbage_v2,cardboard,D:\HK7\Đồ án khóa luận\Data\raw\vn_trash\Carton\train_cardboard409.jpg,vn_trash,Carton,b420c03e0fc3fccf,True,exact_md5_duplicate
DUP_GROUP_0004,D:\HK7\Đồ án khóa luận\Data\raw\garbage_v2\cardboard\cardboard_1002.jpg,garbage_v2,cardboard,D:\HK7\Đồ án khóa luận\Data\raw\vn_trash\Carton\train_cardboard410.jpg,vn_trash,Carton,8f6fd09452c28b2f,True,exact_md5_duplicate
DUP_GROUP_0005,D:\HK7\Đồ án khóa luận\Data\raw\garbage_v2\cardboard\cardboard_1003.jpg,garbage_v2,cardboard,D:\HK7\Đồ án khóa luận\Data\raw\vn_trash\Carton\train_cardboard651.jpg,vn_trash,Carton,b4cfcb309c252b93,True,exact_md5_duplicate
DUP_GROUP_0006,D:\HK7\Đồ án khóa luận\Data\raw\garbage_v2\cardboard\cardboard_1005.jpg,garbage_v2,cardboard,D:\HK7\Đồ án khóa luận\Data\raw\vn_trash\Carton\train_cardboard512.jpg,vn_trash,Carton,e1ce9331cc33c6cc,True,exact_md5_duplicate
DUP_GROUP_0007,D:\HK7\Đồ án khóa luận\Data\raw\garbage_v2\cardboard\cardboard_1006.jpg,garbage_v2,cardboard,D:\HK7\Đồ án khóa luận\Data\raw\vn_trash\Carton\train_cardboard476.jpg,vn_trash,Carton,ee49c0961d67669a,True,exact_md5_duplicate
DUP_GROUP_0008,D:\HK7\Đồ án khóa luận\Data\raw\garbage_v2\cardboard\cardboard_1007.jpg,garbage_v2,cardboard,D:\HK7\Đồ án khóa luận\Data\raw\vn_trash\Carton\train_cardboard443.jpg,vn_trash,Carton,fb4ea0648fa14c9b,True,exact_md5_duplicate
DUP_GROUP_0009,D:\HK7\Đồ án khóa luận\Data\raw\garbage_v2\cardboard\cardboard_1008.jpg,garbage_v2,cardboard,D:\HK7\Đồ án khóa luận\Data\raw\vn_trash\Carton\train_cardboard663.jpg,vn_trash,Carton,fa1d89c9e260c4af,True,exact_md5_duplicate
DUP_GROUP_0010,D:\HK7\Đồ án khóa luận\Data\raw\garbage_v2\cardboard\cardboard_1016.jpg,garbage_v2,cardboard,D:\HK7\Đồ án khóa luận\Data\raw\vn_trash\Carton\train_cardboard101.jpg,vn_trash,Carton,efc7c274260ed4d0,True,exact_md5_duplicate
DUP_GROUP_0011,D:\HK7\Đồ án khóa luận\Data\raw\garbage_v2\cardboard\cardboard_1017.jpg,garbage_v2,cardboard,D:\HK7\Đồ án khóa luận\Data\raw\vn_trash\Carton\train_cardboard196.jpg,vn_trash,Carton,d59d16d069ca9a69,True,exact_md5_duplicate
DUP_GROUP_0012,D:\HK7\Đồ án khóa luận\Data\raw\garbage_v2\cardboard\cardboard_1018.jpg,garbage_v2,cardboard,D:\HK7\Đồ án khóa luận\Data\raw\vn_trash\Carton\train_cardboard239.jpg,vn_trash,Carton,f1438e9c958d44b7,True,exact_md5_duplicate
DUP_GROUP_0013,D:\HK7\Đồ án khóa luận\Data\raw\garbage_v2\cardboard\cardboard_102.jpg,garbage_v2,cardboard,D:\HK7\Đồ án khóa luận\Data\raw\vn_trash\Carton\train_cardboard115.jpg,vn_trash,Carton,d4b388eb6e0497cc,True,exact_md5_duplicate
DUP_GROUP_0014,D:\HK7\Đồ án khóa luận\Data\raw\garbage_v2\cardboard\cardboard_1022.jpg,garbage_v2,cardboard,D:\HK7\Đồ án khóa luận\Data\raw\vn_trash\Carton\train_cardboard261.jpg,vn_trash,Carton,f8b18e61338e3873,True,exact_md5_duplicate
DUP_GROUP_0015,D:\HK7\Đồ án khóa luận\Data\raw\garbage_v2\cardboard\cardboard_1023.jpg,garbage_v2,cardboard,D:\HK7\Đồ án khóa luận\Data\raw\vn_trash\Carton\test_cardboard 1956.jpg,vn_trash,Carton,ecf6c3c1181e65f0,True,exact_md5_duplicate
DUP_GROUP_0015,D:\HK7\Đồ án khóa luận\Data\raw\garbage_v2\cardboard\cardboard_1023.jpg,garbage_v2,cardboard,D:\HK7\Đồ án khóa luận\Data\raw\vn_trash\Carton\train_cardboard431.jpg,vn_trash,Carton,ecf6c3c1181e65f0,True,exact_md5_duplicate
DUP_GROUP_0016,D:\HK7\Đồ án khóa luận\Data\raw\garbage_v2\cardboard\cardboard_1024.jpg,garbage_v2,cardboard,D:\HK7\Đồ án khóa luận\Data\raw\vn_trash\Carton\train_cardboard500.jpg,vn_trash,Carton,9cc2f12cf8370f19,True,exact_md5_duplicate
DUP_GROUP_0017,D:\HK7\Đồ án khóa luận\Data\raw\garbage_v2\cardboard\cardboard_1025.jpg,garbage_v2,cardboard,D:\HK7\Đồ án khóa luận\Data\raw\vn_trash\Carton\train_cardboard534.jpg,vn_trash,Carton,b4a4c5cfcd3c9892,True,exact_md5_duplicate
DUP_GROUP_0018,D:\HK7\Đồ án khóa luận\Data\raw\garbage_v2\cardboard\cardboard_1028.jpg,garbage_v2,cardboard,D:\HK7\Đồ án khóa luận\Data\raw\vn_trash\Carton\train_cardboard599.jpg,vn_trash,Carton,ba6be4adc9948d18,True,exact_md5_duplicate
DUP_GROUP_0019,D:\HK7\Đồ án khóa luận\Data\raw\garbage_v2\cardboard\cardboard_1029.jpg,garbage_v2,cardboard,D:\HK7\Đồ án khóa luận\Data\raw\vn_trash\Carton\test_cardboard 1991.jpg,vn_trash,Carton,ea1e9585f0c03e6e,True,exact_md5_duplicate
DUP_GROUP_0019,D:\HK7\Đồ án khóa luận\Data\raw\garbage_v2\cardboard\cardboard_1029.jpg,garbage_v2,cardboard,D:\HK7\Đồ án khóa luận\Data\raw\vn_trash\Carton\train_cardboard737.jpg,vn_trash,Carton,ea1e9585f0c03e6e,True,exact_md5_duplicate
DUP_GROUP_0020,D:\HK7\Đồ án khóa luận\Data\raw\garbage_v2\cardboard\cardboard_1031.jpg,garbage_v2,cardboard,D:\HK7\Đồ án khóa luận\Data\raw\vn_trash\Carton\train_cardboard252.jpg,vn_trash,Carton,d7aee215ba0740f1,True,exact_md5_duplicate
DUP_GROUP_0021,D:\HK7\Đồ án khóa luận\Data\raw\garbage_v2\cardboard\cardboard_1032.jpg,garbage_v2,cardboard,D:\HK7\Đồ án khóa luận\Data\raw\vn_trash\Carton\train_cardboard508.jpg,vn_trash,Carton,c88737c23969706f,True,exact_md5_duplicate
DUP_GROUP_0022,D:\HK7\Đồ án khóa luận\Data\raw\garbage_v2\cardboard\cardboard_1033.jpg,garbage_v2,cardboard,D:\HK7\Đồ án khóa luận\Data\raw\vn_trash\Carton\train_cardboard113.jpg,vn_trash,Carton,aa6d952bd61d32c4,True,exact_md5_duplicate
DUP_GROUP_0023,D:\HK7\Đồ án khóa luận\Data\raw\garbage_v2\cardboard\cardboard_1034.jpg,garbage_v2,cardboard,D:\HK7\Đồ án khóa luận\Data\raw\vn_trash\Carton\train_cardboard510.jpg,vn_trash,Carton,ebc890354fc2f48d,True,exact_md5_duplicate
DUP_GROUP_0024,D:\HK7\Đồ án khóa luận\Data\raw\garbage_v2\cardboard\cardboard_1035.jpg,garbage_v2,cardboard,D:\HK7\Đồ án khóa luận\Data\raw\vn_trash\Carton\train_cardboard670.jpg,vn_trash,Carton,9606147b7c79cb31,True,exact_md5_duplicate
DUP_GROUP_0025,D:\HK7\Đồ án khóa luận\Data\raw\garbage_v2\cardboard\cardboard_1036.jpg,garbage_v2,cardboard,D:\HK7\Đồ án khóa luận\Data\raw\vn_trash\Carton\train_cardboard306.jpg,vn_trash,Carton,e82ba9ada5959554,True,exact_md5_duplicate
DUP_GROUP_0026,D:\HK7\Đồ án khóa luận\Data\raw\garbage_v2\cardboard\cardboard_1038.jpg,garbage_v2,cardboard,D:\HK7\Đồ án khóa luận\Data\raw\vn_trash\Carton\train_cardboard789.jpg,vn_trash,Carton,f3a6ac95d11dc388,True,exact_md5_duplicate
DUP_GROUP_0027,D:\HK7\Đồ án khóa luận\Data\raw\garbage_v2\cardboard\cardboard_1039.jpg,garbage_v2,cardboard,D:\HK7\Đồ án khóa luận\Data\raw\vn_trash\Carton\train_cardboard668.jpg,vn_trash,Carton,eb87903a9362cf25,True,exact_md5_duplicate
DUP_GROUP_0028,D:\HK7\Đồ án khóa luận\Data\raw\garbage_v2\cardboard\cardboard_104.jpg,garbage_v2,cardboard,D:\HK7\Đồ án khóa luận\Data\raw\vn_trash\Carton\train_cardboard336.jpg,vn_trash,Carton,e8471da21fd5aa51,True,exact_md5_duplicate
DUP_GROUP_0029,D:\HK7\Đồ án khóa luận\Data\raw\garbage_v2\cardboard\cardboard_1041.jpg,garbage_v2,cardboard,D:\HK7\Đồ án khóa luận\Data\raw\vn_trash\Carton\test_cardboard 1990.jpg,vn_trash,Carton,e8d6d718946bc0f2,True,exact_md5_duplicate
DUP_GROUP_0029,D:\HK7\Đồ án khóa luận\Data\raw\garbage_v2\cardboard\cardboard_1041.jpg,garbage_v2,cardboard,D:\HK7\Đồ án khóa luận\Data\raw\vn_trash\Carton\train_cardboard726.jpg,vn_trash,Carton,e8d6d718946bc0f2,True,exact_md5_duplicate
DUP_GROUP_0030,D:\HK7\Đồ án khóa luận\Data\raw\garbage_v2\cardboard\cardboard_1042.jpg,garbage_v2,cardboard,D:\HK7\Đồ án khóa luận\Data\raw\vn_trash\Carton\train_cardboard763.jpg,vn_trash,Carton,ffd5ed10e870e810,True,exact_md5_duplicate
DUP_GROUP_0031,D:\HK7\Đồ án khóa luận\Data\raw\garbage_v2\cardboard\cardboard_1045.jpg,garbage_v2,cardboard,D:\HK7\Đồ án khóa luận\Data\raw\vn_trash\Carton\train_cardboard152.jpg,vn_trash,Carton,febab4b090d0d24b,True,exact_md5_duplicate
DUP_GROUP_0032,D:\HK7\Đồ án khóa luận\Data\raw\garbage_v2\cardboard\cardboard_1046.jpg,garbage_v2,cardboard,D:\HK7\Đồ án khóa luận\Data\raw\vn_trash\Carton\train_cardboard655.jpg,vn_trash,Carton,ee4ec48ca43997b1,True,exact_md5_duplicate
DUP_GROUP_0033,D:\HK7\Đồ án khóa luận\Data\raw\garbage_v2\cardboard\cardboard_1047.jpg,garbage_v2,cardboard,D:\HK7\Đồ án khóa luận\Data\raw\vn_trash\Carton\test_cardboard 2056.jpg,vn_trash,Carton,f0b9cf6630933338,True,exact_md5_duplicate
DUP_GROUP_0033,D:\HK7\Đồ án khóa luận\Data\raw\garbage_v2\cardboard\cardboard_1047.jpg,garbage_v2,cardboard,D:\HK7\Đồ án khóa luận\Data\raw\vn_trash\Carton\train_cardboard37.jpg,vn_trash,Carton,f0b9cf6630933338,True,exact_md5_duplicate
DUP_GROUP_0034,D:\HK7\Đồ án khóa luận\Data\raw\garbage_v2\cardboard\cardboard_105.jpg,garbage_v2,cardboard,D:\HK7\Đồ án khóa luận\Data\raw\vn_trash\Carton\test_cardboard 2060.jpg,vn_trash,Carton,b7e0d11e98f1c4c9,True,exact_md5_duplicate
DUP_GROUP_0034,D:\HK7\Đồ án khóa luận\Data\raw\garbage_v2\cardboard\cardboard_105.jpg,garbage_v2,cardboard,D:\HK7\Đồ án khóa luận\Data\raw\vn_trash\Carton\train_cardboard40.jpg,vn_trash,Carton,b7e0d11e98f1c4c9,True,exact_md5_duplicate
DUP_GROUP_0035,D:\HK7\Đồ án khóa luận\Data\raw\garbage_v2\cardboard\cardboard_1050.jpg,garbage_v2,cardboard,D:\HK7\Đồ án khóa luận\Data\raw\vn_trash\Carton\train_cardboard214.jpg,vn_trash,Carton,87bea19ec02f9c51,True,exact_md5_duplicate
DUP_GROUP_0036,D:\HK7\Đồ án khóa luận\Data\raw\garbage_v2\cardboard\cardboard_1053.jpg,garbage_v2,cardboard,D:\HK7\Đồ án khóa luận\Data\raw\vn_trash\Carton\train_cardboard148.jpg,vn_trash,Carton,d686fa11393be087,True,exact_md5_duplicate
DUP_GROUP_0037,D:\HK7\Đồ án khóa luận\Data\raw\garbage_v2\cardboard\cardboard_1054.jpg,garbage_v2,cardboard,D:\HK7\Đồ án khóa luận\Data\raw\vn_trash\Carton\train_cardboard491.jpg,vn_trash,Carton,ea4895f48e970e6a,True,exact_md5_duplicate
DUP_GROUP_0038,D:\HK7\Đồ án khóa luận\Data\raw\garbage_v2\cardboard\cardboard_1055.jpg,garbage_v2,cardboard,D:\HK7\Đồ án khóa luận\Data\raw\vn_trash\Carton\train_cardboard787.jpg,vn_trash,Carton,9f413e439c23cab5,True,exact_md5_duplicate
DUP_GROUP_0039,D:\HK7\Đồ án khóa luận\Data\raw\garbage_v2\cardboard\cardboard_1056.jpg,garbage_v2,cardboard,D:\HK7\Đồ án khóa luận\Data\raw\vn_trash\Carton\train_cardboard856.jpg,vn_trash,Carton,ff74d4bf88806ac0,True,exact_md5_duplicate
DUP_GROUP_0040,D:\HK7\Đồ án khóa luận\Data\raw\garbage_v2\cardboard\cardboard_1058.jpg,garbage_v2,cardboard,D:\HK7\Đồ án khóa luận\Data\raw\vn_trash\Carton\train_cardboard582.jpg,vn_trash,Carton,ff4290adc1b50fd0,True,exact_md5_duplicate
DUP_GROUP_0041,D:\HK7\Đồ án khóa luận\Data\raw\garbage_v2\cardboard\cardboard_106.jpg,garbage_v2,cardboard,D:\HK7\Đồ án khóa luận\Data\raw\vn_trash\Carton\train_cardboard416.jpg,vn_trash,Carton,e7afd952c9688451,True,exact_md5_duplicate
DUP_GROUP_0042,D:\HK7\Đồ án khóa luận\Data\raw\garbage_v2\cardboard\cardboard_1061.jpg,garbage_v2,cardboard,D:\HK7\Đồ án khóa luận\Data\raw\vn_trash\Carton\train_cardboard875.jpg,vn_trash,Carton,ff8781e4c2928b8b,True,exact_md5_duplicate
DUP_GROUP_0043,D:\HK7\Đồ án khóa luận\Data\raw\garbage_v2\cardboard\cardboard_1063.jpg,garbage_v2,cardboard,D:\HK7\Đồ án khóa luận\Data\raw\vn_trash\Carton\train_cardboard124.jpg,vn_trash,Carton,c0979f522e6a94d9,True,exact_md5_duplicate
DUP_GROUP_0044,D:\HK7\Đồ án khóa luận\Data\raw\garbage_v2\cardboard\cardboard_1066.jpg,garbage_v2,cardboard,D:\HK7\Đồ án khóa luận\Data\raw\vn_trash\Carton\train_cardboard516.jpg,vn_trash,Carton,ef52c42d1a8671d9,True,exact_md5_duplicate
DUP_GROUP_0045,D:\HK7\Đồ án khóa luận\Data\raw\garbage_v2\cardboard\cardboard_1068.jpg,garbage_v2,cardboard,D:\HK7\Đồ án khóa luận\Data\raw\vn_trash\Carton\train_cardboard253.jpg,vn_trash,Carton,ffa0906fa2f09f40,True,exact_md5_duplicate
DUP_GROUP_0046,D:\HK7\Đồ án khóa luận\Data\raw\garbage_v2\cardboard\cardboard_1069.jpg,garbage_v2,cardboard,D:\HK7\Đồ án khóa luận\Data\raw\vn_trash\Carton\test_cardboard 2008.jpg,vn_trash,Carton,bf81cd92c8d492ec,True,exact_md5_duplicate
DUP_GROUP_0046,D:\HK7\Đồ án khóa luận\Data\raw\garbage_v2\cardboard\cardboard_1069.jpg,garbage_v2,cardboard,D:\HK7\Đồ án khóa luận\Data\raw\vn_trash\Carton\train_cardboard883.jpg,vn_trash,Carton,bf81cd92c8d492ec,True,exact_md5_duplicate
DUP_GROUP_0047,D:\HK7\Đồ án khóa luận\Data\raw\garbage_v2\cardboard\cardboard_1073.jpg,garbage_v2,cardboard,D:\HK7\Đồ án khóa luận\Data\raw\vn_trash\Carton\train_cardboard 39.jpg,vn_trash,Carton,d6e4db99234c66b0,True,exact_md5_duplicate
DUP_GROUP_0047,D:\HK7\Đồ án khóa luận\Data\raw\garbage_v2\cardboard\cardboard_1073.jpg,garbage_v2,cardboard,D:\HK7\Đồ án khóa luận\Data\raw\vn_trash\Carton\train_cardboard279.jpg,vn_trash,Carton,d6e4db99234c66b0,True,exact_md5_duplicate
DUP_GROUP_0048,D:\HK7\Đồ án khóa luận\Data\raw\garbage_v2\cardboard\cardboard_1079.jpg,garbage_v2,cardboard,D:\HK7\Đồ án khóa luận\Data\raw\vn_trash\Carton\test_cardboard 2028.jpg,vn_trash,Carton,f8cd91689697cc92,True,exact_md5_duplicate
DUP_GROUP_0048,D:\HK7\Đồ án khóa luận\Data\raw\garbage_v2\cardboard\cardboard_1079.jpg,garbage_v2,cardboard,D:\HK7\Đồ án khóa luận\Data\raw\vn_trash\Carton\train_cardboard10.jpg,vn_trash,Carton,f8cd91689697cc92,True,exact_md5_duplicate
DUP_GROUP_0049,D:\HK7\Đồ án khóa luận\Data\raw\garbage_v2\cardboard\cardboard_108.jpg,garbage_v2,cardboard,D:\HK7\Đồ án khóa luận\Data\raw\vn_trash\Carton\train_cardboard404.jpg,vn_trash,Carton,bc3b85c4da0d2733,True,exact_md5_duplicate
DUP_GROUP_0050,D:\HK7\Đồ án khóa luận\Data\raw\garbage_v2\cardboard\cardboard_1082.jpg,garbage_v2,cardboard,D:\HK7\Đồ án khóa luận\Data\raw\vn_trash\Carton\train_cardboard59.jpg,vn_trash,Carton,fc78916293d4a783,True,exact_md5_duplicate
DUP_GROUP_0051,D:\HK7\Đồ án khóa luận\Data\raw\garbage_v2\cardboard\cardboard_1084.jpg,garbage_v2,cardboard,D:\HK7\Đồ án khóa luận\Data\raw\vn_trash\Carton\train_cardboard565.jpg,vn_trash,Carton,bfccc0359d32c293,True,exact_md5_duplicate
DUP_GROUP_0052,D:\HK7\Đồ án khóa luận\Data\raw\garbage_v2\cardboard\cardboard_1085.jpg,garbage_v2,cardboard,D:\HK7\Đồ án khóa luận\Data\raw\vn_trash\Carton\train_cardboard313.jpg,vn_trash,Carton,fb5592a5864b964a,True,exact_md5_duplicate
DUP_GROUP_0053,D:\HK7\Đồ án khóa luận\Data\raw\garbage_v2\cardboard\cardboard_1088.jpg,garbage_v2,cardboard,D:\HK7\Đồ án khóa luận\Data\raw\vn_trash\Carton\test_cardboard 2041.jpg,vn_trash,Carton,bd879e6ec16198c2,True,exact_md5_duplicate
DUP_GROUP_0053,D:\HK7\Đồ án khóa luận\Data\raw\garbage_v2\cardboard\cardboard_1088.jpg,garbage_v2,cardboard,D:\HK7\Đồ án khóa luận\Data\raw\vn_trash\Carton\train_cardboard22.jpg,vn_trash,Carton,bd879e6ec16198c2,True,exact_md5_duplicate
DUP_GROUP_0054,D:\HK7\Đồ án khóa luận\Data\raw\garbage_v2\cardboard\cardboard_1089.jpg,garbage_v2,cardboard,D:\HK7\Đồ án khóa luận\Data\raw\vn_trash\Carton\train_cardboard717.jpg,vn_trash,Carton,b107269dedd31543,True,exact_md5_duplicate
DUP_GROUP_0055,D:\HK7\Đồ án khóa luận\Data\raw\garbage_v2\cardboard\cardboard_1092.jpg,garbage_v2,cardboard,D:\HK7\Đồ án khóa luận\Data\raw\vn_trash\Carton\train_cardboard545.jpg,vn_trash,Carton,e82ec7b894439697,True,exact_md5_duplicate
DUP_GROUP_0056,D:\HK7\Đồ án khóa luận\Data\raw\garbage_v2\cardboard\cardboard_1094.jpg,garbage_v2,cardboard,D:\HK7\Đồ án khóa luận\Data\raw\vn_trash\Carton\test_cardboard 2046.jpg,vn_trash,Carton,ea80d4d5dd85903f,True,exact_md5_duplicate
DUP_GROUP_0056,D:\HK7\Đồ án khóa luận\Data\raw\garbage_v2\cardboard\cardboard_1094.jpg,garbage_v2,cardboard,D:\HK7\Đồ án khóa luận\Data\raw\vn_trash\Carton\train_cardboard28.jpg,vn_trash,Carton,ea80d4d5dd85903f,True,exact_md5_duplicate
DUP_GROUP_0057,D:\HK7\Đồ án khóa luận\Data\raw\garbage_v2\cardboard\cardboard_1097.jpg,garbage_v2,cardboard,D:\HK7\Đồ án khóa luận\Data\raw\vn_trash\Carton\train_cardboard467.jpg,vn_trash,Carton,8fe0d807e8fae40d,True,exact_md5_duplicate
DUP_GROUP_0058,D:\HK7\Đồ án khóa luận\Data\raw\garbage_v2\cardboard\cardboard_1098.jpg,garbage_v2,cardboard,D:\HK7\Đồ án khóa luận\Data\raw\vn_trash\Carton\train_cardboard735.jpg,vn_trash,Carton,e53986b698cc396c,True,exact_md5_duplicate
DUP_GROUP_0059,D:\HK7\Đồ án khóa luận\Data\raw\garbage_v2\cardboard\cardboard_11.jpg,garbage_v2,cardboard,D:\HK7\Đồ án khóa luận\Data\raw\vn_trash\Carton\train_cardboard803.jpg,vn_trash,Carton,bcc9da96c1a5c525,True,exact_md5_duplicate
DUP_GROUP_0060,D:\HK7\Đồ án khóa luận\Data\raw\garbage_v2\cardboard\cardboard_110.jpg,garbage_v2,cardboard,D:\HK7\Đồ án khóa luận\Data\raw\vn_trash\Carton\train_cardboard525.jpg,vn_trash,Carton,ed83c2b49c2d1bc3,True,exact_md5_duplicate
DUP_GROUP_0061,D:\HK7\Đồ án khóa luận\Data\raw\garbage_v2\cardboard\cardboard_1102.jpg,garbage_v2,cardboard,D:\HK7\Đồ án khóa luận\Data\raw\vn_trash\Carton\train_cardboard439.jpg,vn_trash,Carton,ef1e9699c4e19071,True,exact_md5_duplicate
DUP_GROUP_0062,D:\HK7\Đồ án khóa luận\Data\raw\garbage_v2\cardboard\cardboard_1104.jpg,garbage_v2,cardboard,D:\HK7\Đồ án khóa luận\Data\raw\vn_trash\Carton\train_cardboard419.jpg,vn_trash,Carton,93ab52ba385a2af4,True,exact_md5_duplicate
DUP_GROUP_0063,D:\HK7\Đồ án khóa luận\Data\raw\garbage_v2\cardboard\cardboard_1105.jpg,garbage_v2,cardboard,D:\HK7\Đồ án khóa luận\Data\raw\vn_trash\Carton\test_cardboard 1997.jpg,vn_trash,Carton,f09cc76393c57826,True,exact_md5_duplicate
DUP_GROUP_0063,D:\HK7\Đồ án khóa luận\Data\raw\garbage_v2\cardboard\cardboard_1105.jpg,garbage_v2,cardboard,D:\HK7\Đồ án khóa luận\Data\raw\vn_trash\Carton\train_cardboard793.jpg,vn_trash,Carton,f09cc76393c57826,True,exact_md5_duplicate
DUP_GROUP_0064,D:\HK7\Đồ án khóa luận\Data\raw\garbage_v2\cardboard\cardboard_1107.jpg,garbage_v2,cardboard,D:\HK7\Đồ án khóa luận\Data\raw\vn_trash\Carton\train_cardboard143.jpg,vn_trash,Carton,e69847551436756d,True,exact_md5_duplicate
DUP_GROUP_0065,D:\HK7\Đồ án khóa luận\Data\raw\garbage_v2\cardboard\cardboard_1109.jpg,garbage_v2,cardboard,D:\HK7\Đồ án khóa luận\Data\raw\vn_trash\Carton\train_cardboard450.jpg,vn_trash,Carton,bec3813c4ef064cb,True,exact_md5_duplicate
DUP_GROUP_0066,D:\HK7\Đồ án khóa luận\Data\raw\garbage_v2\cardboard\cardboard_111.jpg,garbage_v2,cardboard,D:\HK7\Đồ án khóa luận\Data\raw\vn_trash\Carton\train_cardboard568.jpg,vn_trash,Carton,fec9906b94c2c2ea,True,exact_md5_duplicate
DUP_GROUP_0067,D:\HK7\Đồ án khóa luận\Data\raw\garbage_v2\cardboard\cardboard_1112.jpg,garbage_v2,cardboard,D:\HK7\Đồ án khóa luận\Data\raw\vn_trash\Carton\train_cardboard315.jpg,vn_trash,Carton,ffd7c0027fa681c0,True,exact_md5_duplicate
DUP_GROUP_0068,D:\HK7\Đồ án khóa luận\Data\raw\garbage_v2\cardboard\cardboard_1114.jpg,garbage_v2,cardboard,D:\HK7\Đồ án khóa luận\Data\raw\vn_trash\Carton\test_cardboard 2066.jpg,vn_trash,Carton,c0b4db5eacc28eca,True,exact_md5_duplicate
DUP_GROUP_0068,D:\HK7\Đồ án khóa luận\Data\raw\garbage_v2\cardboard\cardboard_1114.jpg,garbage_v2,cardboard,D:\HK7\Đồ án khóa luận\Data\raw\vn_trash\Carton\train_cardboard45.jpg,vn_trash,Carton,c0b4db5eacc28eca,True,exact_md5_duplicate
DUP_GROUP_0069,D:\HK7\Đồ án khóa luận\Data\raw\garbage_v2\cardboard\cardboard_1117.jpg,garbage_v2,cardboard,D:\HK7\Đồ án khóa luận\Data\raw\vn_trash\Carton\train_cardboard688.jpg,vn_trash,Carton,b898c767cc9b3838,True,exact_md5_duplicate
DUP_GROUP_0070,D:\HK7\Đồ án khóa luận\Data\raw\garbage_v2\cardboard\cardboard_112.jpg,garbage_v2,cardboard,D:\HK7\Đồ án khóa luận\Data\raw\vn_trash\Carton\train_cardboard427.jpg,vn_trash,Carton,bac9c4339f2e98c4,True,exact_md5_duplicate
DUP_GROUP_0071,D:\HK7\Đồ án khóa luận\Data\raw\garbage_v2\cardboard\cardboard_1120.jpg,garbage_v2,cardboard,D:\HK7\Đồ án khóa luận\Data\raw\vn_trash\Carton\train_cardboard861.jpg,vn_trash,Carton,ae08caf674e53199,True,exact_md5_duplicate
DUP_GROUP_0072,D:\HK7\Đồ án khóa luận\Data\raw\garbage_v2\cardboard\cardboard_1121.jpg,garbage_v2,cardboard,D:\HK7\Đồ án khóa luận\Data\raw\vn_trash\Carton\train_cardboard867.jpg,vn_trash,Carton,bafadc98c0dc90c3,True,exact_md5_duplicate
DUP_GROUP_0073,D:\HK7\Đồ án khóa luận\Data\raw\garbage_v2\cardboard\cardboard_1122.jpg,garbage_v2,cardboard,D:\HK7\Đồ án khóa luận\Data\raw\vn_trash\Carton\train_cardboard133.jpg,vn_trash,Carton,ec5e99d50ae50ce4,True,exact_md5_duplicate
DUP_GROUP_0074,D:\HK7\Đồ án khóa luận\Data\raw\garbage_v2\cardboard\cardboard_1128.jpg,garbage_v2,cardboard,D:\HK7\Đồ án khóa luận\Data\raw\vn_trash\Carton\train_cardboard35.jpg,vn_trash,Carton,d922e955212adbd5,True,exact_md5_duplicate
DUP_GROUP_0075,D:\HK7\Đồ án khóa luận\Data\raw\garbage_v2\cardboard\cardboard_1130.jpg,garbage_v2,cardboard,D:\HK7\Đồ án khóa luận\Data\raw\vn_trash\Carton\test_cardboard 2071.jpg,vn_trash,Carton,fb1d8350aa55aa55,True,exact_md5_duplicate
DUP_GROUP_0075,D:\HK7\Đồ án khóa luận\Data\raw\garbage_v2\cardboard\cardboard_1130.jpg,garbage_v2,cardboard,D:\HK7\Đồ án khóa luận\Data\raw\vn_trash\Carton\train_cardboard50.jpg,vn_trash,Carton,fb1d8350aa55aa55,True,exact_md5_duplicate
DUP_GROUP_0076,D:\HK7\Đồ án khóa luận\Data\raw\garbage_v2\cardboard\cardboard_1132.jpg,garbage_v2,cardboard,D:\HK7\Đồ án khóa luận\Data\raw\vn_trash\Carton\test_cardboard 1996.jpg,vn_trash,Carton,e5929a6d6192cc6d,True,exact_md5_duplicate
DUP_GROUP_0076,D:\HK7\Đồ án khóa luận\Data\raw\garbage_v2\cardboard\cardboard_1132.jpg,garbage_v2,cardboard,D:\HK7\Đồ án khóa luận\Data\raw\vn_trash\Carton\train_cardboard782.jpg,vn_trash,Carton,e5929a6d6192cc6d,True,exact_md5_duplicate
DUP_GROUP_0077,D:\HK7\Đồ án khóa luận\Data\raw\garbage_v2\cardboard\cardboard_1134.jpg,garbage_v2,cardboard,D:\HK7\Đồ án khóa luận\Data\raw\vn_trash\Carton\train_cardboard97.jpg,vn_trash,Carton,fa7a503599844d37,True,exact_md5_duplicate
DUP_GROUP_0078,D:\HK7\Đồ án khóa luận\Data\raw\garbage_v2\cardboard\cardboard_1135.jpg,garbage_v2,cardboard,D:\HK7\Đồ án khóa luận\Data\raw\vn_trash\Carton\train_cardboard91.jpg,vn_trash,Carton,e1488c23494f6f7d,True,exact_md5_duplicate
DUP_GROUP_0079,D:\HK7\Đồ án khóa luận\Data\raw\garbage_v2\cardboard\cardboard_1136.jpg,garbage_v2,cardboard,D:\HK7\Đồ án khóa luận\Data\raw\vn_trash\Carton\test_cardboard 2000.jpg,vn_trash,Carton,ef36f068f02ef0c0,True,exact_md5_duplicate
DUP_GROUP_0079,D:\HK7\Đồ án khóa luận\Data\raw\garbage_v2\cardboard\cardboard_1136.jpg,garbage_v2,cardboard,D:\HK7\Đồ án khóa luận\Data\raw\vn_trash\Carton\train_cardboard826.jpg,vn_trash,Carton,ef36f068f02ef0c0,True,exact_md5_duplicate
DUP_GROUP_0080,D:\HK7\Đồ án khóa luận\Data\raw\garbage_v2\cardboard\cardboard_1138.jpg,garbage_v2,cardboard,D:\HK7\Đồ án khóa luận\Data\raw\vn_trash\Carton\train_cardboard231.jpg,vn_trash,Carton,c7b05913f83d1837,True,exact_md5_duplicate
DUP_GROUP_0081,D:\HK7\Đồ án khóa luận\Data\raw\garbage_v2\cardboard\cardboard_1139.jpg,garbage_v2,cardboard,D:\HK7\Đồ án khóa luận\Data\raw\vn_trash\Carton\test_cardboard 2045.jpg,vn_trash,Carton,fce0811f83f03f07,True,exact_md5_duplicate
DUP_GROUP_0081,D:\HK7\Đồ án khóa luận\Data\raw\garbage_v2\cardboard\cardboard_1139.jpg,garbage_v2,cardboard,D:\HK7\Đồ án khóa luận\Data\raw\vn_trash\Carton\train_cardboard27.jpg,vn_trash,Carton,fce0811f83f03f07,True,exact_md5_duplicate
DUP_GROUP_0082,D:\HK7\Đồ án khóa luận\Data\raw\garbage_v2\cardboard\cardboard_114.jpg,garbage_v2,cardboard,D:\HK7\Đồ án khóa luận\Data\raw\vn_trash\Carton\train_cardboard120.jpg,vn_trash,Carton,f18aac26dbb54a45,True,exact_md5_duplicate
DUP_GROUP_0083,D:\HK7\Đồ án khóa luận\Data\raw\garbage_v2\cardboard\cardboard_1141.jpg,garbage_v2,cardboard,D:\HK7\Đồ án khóa luận\Data\raw\vn_trash\Carton\train_cardboard630.jpg,vn_trash,Carton,ba4cc13dce901d5b,True,exact_md5_duplicate
DUP_GROUP_0084,D:\HK7\Đồ án khóa luận\Data\raw\garbage_v2\cardboard\cardboard_1142.jpg,garbage_v2,cardboard,D:\HK7\Đồ án khóa luận\Data\raw\vn_trash\Carton\train_cardboard457.jpg,vn_trash,Carton,ae99d16a3f8560b2,True,exact_md5_duplicate
DUP_GROUP_0085,D:\HK7\Đồ án khóa luận\Data\raw\garbage_v2\cardboard\cardboard_1143.jpg,garbage_v2,cardboard,D:\HK7\Đồ án khóa luận\Data\raw\vn_trash\Carton\train_cardboard299.jpg,vn_trash,Carton,e377948ccc1c34d6,True,exact_md5_duplicate
DUP_GROUP_0086,D:\HK7\Đồ án khóa luận\Data\raw\garbage_v2\cardboard\cardboard_1145.jpg,garbage_v2,cardboard,D:\HK7\Đồ án khóa luận\Data\raw\vn_trash\Carton\train_cardboard1.jpg,vn_trash,Carton,d5aa2f5490ffba00,True,exact_md5_duplicate
DUP_GROUP_0087,D:\HK7\Đồ án khóa luận\Data\raw\garbage_v2\cardboard\cardboard_1146.jpg,garbage_v2,cardboard,D:\HK7\Đồ án khóa luận\Data\raw\vn_trash\Carton\test_cardboard 2039.jpg,vn_trash,Carton,f18cc7c59c8cc933,True,exact_md5_duplicate
DUP_GROUP_0087,D:\HK7\Đồ án khóa luận\Data\raw\garbage_v2\cardboard\cardboard_1146.jpg,garbage_v2,cardboard,D:\HK7\Đồ án khóa luận\Data\raw\vn_trash\Carton\train_cardboard20.jpg,vn_trash,Carton,f18cc7c59c8cc933,True,exact_md5_duplicate
DUP_GROUP_0088,D:\HK7\Đồ án khóa luận\Data\raw\garbage_v2\cardboard\cardboard_1147.jpg,garbage_v2,cardboard,D:\HK7\Đồ án khóa luận\Data\raw\vn_trash\Carton\train_cardboard13.jpg,vn_trash,Carton,cb81fd497b32103d,True,exact_md5_duplicate
DUP_GROUP_0089,D:\HK7\Đồ án khóa luận\Data\raw\garbage_v2\cardboard\cardboard_1154.jpg,garbage_v2,cardboard,D:\HK7\Đồ án khóa luận\Data\raw\vn_trash\Carton\train_cardboard171.jpg,vn_trash,Carton,eaaaaaea8b095555,True,exact_md5_duplicate
DUP_GROUP_0090,D:\HK7\Đồ án khóa luận\Data\raw\garbage_v2\cardboard\cardboard_1155.jpg,garbage_v2,cardboard,D:\HK7\Đồ án khóa luận\Data\raw\vn_trash\Carton\train_cardboard72.jpg,vn_trash,Carton,8989944a8b57bee9,True,exact_md5_duplicate
DUP_GROUP_0091,D:\HK7\Đồ án khóa luận\Data\raw\garbage_v2\cardboard\cardboard_1156.jpg,garbage_v2,cardboard,D:\HK7\Đồ án khóa luận\Data\raw\vn_trash\Carton\test_cardboard 2076.jpg,vn_trash,Carton,ff83b62dc1a218c5,True,exact_md5_duplicate
DUP_GROUP_0091,D:\HK7\Đồ án khóa luận\Data\raw\garbage_v2\cardboard\cardboard_1156.jpg,garbage_v2,cardboard,D:\HK7\Đồ án khóa luận\Data\raw\vn_trash\Carton\train_cardboard53.jpg,vn_trash,Carton,ff83b62dc1a218c5,True,exact_md5_duplicate
DUP_GROUP_0092,D:\HK7\Đồ án khóa luận\Data\raw\garbage_v2\cardboard\cardboard_1157.jpg,garbage_v2,cardboard,D:\HK7\Đồ án khóa luận\Data\raw\vn_trash\Carton\train_cardboard271.jpg,vn_trash,Carton,e33896954a52b5b9,True,exact_md5_duplicate
DUP_GROUP_0093,D:\HK7\Đồ án khóa luận\Data\raw\garbage_v2\cardboard\cardboard_1158.jpg,garbage_v2,cardboard,D:\HK7\Đồ án khóa luận\Data\raw\vn_trash\Carton\train_cardboard547.jpg,vn_trash,Carton,e498966f18b66399,True,exact_md5_duplicate
DUP_GROUP_0094,D:\HK7\Đồ án khóa luận\Data\raw\garbage_v2\cardboard\cardboard_1159.jpg,garbage_v2,cardboard,D:\HK7\Đồ án khóa luận\Data\raw\vn_trash\Carton\train_cardboard254.jpg,vn_trash,Carton,c2a4f5690d95e14f,True,exact_md5_duplicate
DUP_GROUP_0095,D:\HK7\Đồ án khóa luận\Data\raw\garbage_v2\cardboard\cardboard_1161.jpg,garbage_v2,cardboard,D:\HK7\Đồ án khóa luận\Data\raw\vn_trash\Carton\train_cardboard736.jpg,vn_trash,Carton,c695571e09db3293,True,exact_md5_duplicate
DUP_GROUP_0096,D:\HK7\Đồ án khóa luận\Data\raw\garbage_v2\cardboard\cardboard_1164.jpg,garbage_v2,cardboard,D:\HK7\Đồ án khóa luận\Data\raw\vn_trash\Carton\train_cardboard172.jpg,vn_trash,Carton,d3e4d97344994996,True,exact_md5_duplicate
DUP_GROUP_0097,D:\HK7\Đồ án khóa luận\Data\raw\garbage_v2\cardboard\cardboard_1168.jpg,garbage_v2,cardboard,D:\HK7\Đồ án khóa luận\Data\raw\vn_trash\Carton\test_cardboard 2044.jpg,vn_trash,Carton,ea7ac03fc03bd00f,True,exact_md5_duplicate
DUP_GROUP_0097,D:\HK7\Đồ án khóa luận\Data\raw\garbage_v2\cardboard\cardboard_1168.jpg,garbage_v2,cardboard,D:\HK7\Đồ án khóa luận\Data\raw\vn_trash\Carton\train_cardboard26.jpg,vn_trash,Carton,ea7ac03fc03bd00f,True,exact_md5_duplicate
DUP_GROUP_0098,D:\HK7\Đồ án khóa luận\Data\raw\garbage_v2\cardboard\cardboard_117.jpg,garbage_v2,cardboard,D:\HK7\Đồ án khóa luận\Data\raw\vn_trash\Carton\train_cardboard499.jpg,vn_trash,Carton,b999866cc8e71d26,True,exact_md5_duplicate
DUP_GROUP_0099,D:\HK7\Đồ án khóa luận\Data\raw\garbage_v2\cardboard\cardboard_1170.jpg,garbage_v2,cardboard,D:\HK7\Đồ án khóa luận\Data\raw\vn_trash\Carton\train_cardboard797.jpg,vn_trash,Carton,d7d097686b2b2217,True,exact_md5_duplicate
DUP_GROUP_0100,D:\HK7\Đồ án khóa luận\Data\raw\garbage_v2\cardboard\cardboard_1171.jpg,garbage_v2,cardboard,D:\HK7\Đồ án khóa luận\Data\raw\vn_trash\Carton\train_cardboard636.jpg,vn_trash,Carton,b432c3cb9a3ccc66,True,exact_md5_duplicate
DUP_GROUP_0101,D:\HK7\Đồ án khóa luận\Data\raw\garbage_v2\cardboard\cardboard_1172.jpg,garbage_v2,cardboard,D:\HK7\Đồ án khóa luận\Data\raw\vn_trash\Carton\train_cardboard537.jpg,vn_trash,Carton,b06cc7939993989e,True,exact_md5_duplicate
DUP_GROUP_0102,D:\HK7\Đồ án khóa luận\Data\raw\garbage_v2\cardboard\cardboard_1174.jpg,garbage_v2,cardboard,D:\HK7\Đồ án khóa luận\Data\raw\vn_trash\Carton\test_cardboard 1984.jpg,vn_trash,Carton,af92cd669141a4de,True,exact_md5_duplicate
DUP_GROUP_0102,D:\HK7\Đồ án khóa luận\Data\raw\garbage_v2\cardboard\cardboard_1174.jpg,garbage_v2,cardboard,D:\HK7\Đồ án khóa luận\Data\raw\vn_trash\Carton\train_cardboard671.jpg,vn_trash,Carton,af92cd669141a4de,True,exact_md5_duplicate
DUP_GROUP_0103,D:\HK7\Đồ án khóa luận\Data\raw\garbage_v2\cardboard\cardboard_1177.jpg,garbage_v2,cardboard,D:\HK7\Đồ án khóa luận\Data\raw\vn_trash\Carton\train_cardboard166.jpg,vn_trash,Carton,fa319586a5395ac6,True,exact_md5_duplicate
DUP_GROUP_0104,D:\HK7\Đồ án khóa luận\Data\raw\garbage_v2\cardboard\cardboard_1178.jpg,garbage_v2,cardboard,D:\HK7\Đồ án khóa luận\Data\raw\vn_trash\Carton\train_cardboard683.jpg,vn_trash,Carton,aa0ad52b956a1dcb,True,exact_md5_duplicate
DUP_GROUP_0105,D:\HK7\Đồ án khóa luận\Data\raw\garbage_v2\cardboard\cardboard_1181.jpg,garbage_v2,cardboard,D:\HK7\Đồ án khóa luận\Data\raw\vn_trash\Carton\train_cardboard146.jpg,vn_trash,Carton,82d42d33ed3aa572,True,exact_md5_duplicate
DUP_GROUP_0106,D:\HK7\Đồ án khóa luận\Data\raw\garbage_v2\cardboard\cardboard_1183.jpg,garbage_v2,cardboard,D:\HK7\Đồ án khóa luận\Data\raw\vn_trash\Carton\train_cardboard408.jpg,vn_trash,Carton,a80ed864f49fcb31,True,exact_md5_duplicate
DUP_GROUP_0107,D:\HK7\Đồ án khóa luận\Data\raw\garbage_v2\cardboard\cardboard_1184.jpg,garbage_v2,cardboard,D:\HK7\Đồ án khóa luận\Data\raw\vn_trash\Carton\train_cardboard710.jpg,vn_trash,Carton,fa95e96a95681585,True,exact_md5_duplicate
DUP_GROUP_0108,D:\HK7\Đồ án khóa luận\Data\raw\garbage_v2\cardboard\cardboard_1185.jpg,garbage_v2,cardboard,D:\HK7\Đồ án khóa luận\Data\raw\vn_trash\Carton\train_cardboard879.jpg,vn_trash,Carton,c6b9b959fc464306,True,exact_md5_duplicate
DUP_GROUP_0109,D:\HK7\Đồ án khóa luận\Data\raw\garbage_v2\cardboard\cardboard_1188.jpg,garbage_v2,cardboard,D:\HK7\Đồ án khóa luận\Data\raw\vn_trash\Carton\train_cardboard455.jpg,vn_trash,Carton,fe03807c47b06e97,True,exact_md5_duplicate
DUP_GROUP_0110,D:\HK7\Đồ án khóa luận\Data\raw\garbage_v2\cardboard\cardboard_1190.jpg,garbage_v2,cardboard,D:\HK7\Đồ án khóa luận\Data\raw\vn_trash\Carton\train_cardboard513.jpg,vn_trash,Carton,ad4fc3b0d0651b8e,True,exact_md5_duplicate
DUP_GROUP_0111,D:\HK7\Đồ án khóa luận\Data\raw\garbage_v2\cardboard\cardboard_1191.jpg,garbage_v2,cardboard,D:\HK7\Đồ án khóa luận\Data\raw\vn_trash\Carton\train_cardboard 49.jpg,vn_trash,Carton,f031cfce3031cbb2,True,exact_md5_duplicate
DUP_GROUP_0111,D:\HK7\Đồ án khóa luận\Data\raw\garbage_v2\cardboard\cardboard_1191.jpg,garbage_v2,cardboard,D:\HK7\Đồ án khóa luận\Data\raw\vn_trash\Carton\train_cardboard367.jpg,vn_trash,Carton,f031cfce3031cbb2,True,exact_md5_duplicate
DUP_GROUP_0112,D:\HK7\Đồ án khóa luận\Data\raw\garbage_v2\cardboard\cardboard_1192.jpg,garbage_v2,cardboard,D:\HK7\Đồ án khóa luận\Data\raw\vn_trash\Carton\train_cardboard255.jpg,vn_trash,Carton,d5d595c06a6a3595,True,exact_md5_duplicate
DUP_GROUP_0113,D:\HK7\Đồ án khóa luận\Data\raw\garbage_v2\cardboard\cardboard_1196.jpg,garbage_v2,cardboard,D:\HK7\Đồ án khóa luận\Data\raw\vn_trash\Carton\train_cardboard165.jpg,vn_trash,Carton,acdb95ab6a358982,True,exact_md5_duplicate
DUP_GROUP_0114,D:\HK7\Đồ án khóa luận\Data\raw\garbage_v2\cardboard\cardboard_1198.jpg,garbage_v2,cardboard,D:\HK7\Đồ án khóa luận\Data\raw\vn_trash\Carton\test_cardboard 2078.jpg,vn_trash,Carton,b8958d7a922d5ab8,True,exact_md5_duplicate
DUP_GROUP_0114,D:\HK7\Đồ án khóa luận\Data\raw\garbage_v2\cardboard\cardboard_1198.jpg,garbage_v2,cardboard,D:\HK7\Đồ án khóa luận\Data\raw\vn_trash\Carton\train_cardboard55.jpg,vn_trash,Carton,b8958d7a922d5ab8,True,exact_md5_duplicate
DUP_GROUP_0115,D:\HK7\Đồ án khóa luận\Data\raw\garbage_v2\cardboard\cardboard_1199.jpg,garbage_v2,cardboard,D:\HK7\Đồ án khóa luận\Data\raw\vn_trash\Carton\train_cardboard634.jpg,vn_trash,Carton,aa6a9596866897b3,True,exact_md5_duplicate
DUP_GROUP_0116,D:\HK7\Đồ án khóa luận\Data\raw\garbage_v2\cardboard\cardboard_12.jpg,garbage_v2,cardboard,D:\HK7\Đồ án khóa luận\Data\raw\vn_trash\Carton\train_cardboard190.jpg,vn_trash,Carton,bb604083775b939b,True,exact_md5_duplicate
DUP_GROUP_0117,D:\HK7\Đồ án khóa luận\Data\raw\garbage_v2\cardboard\cardboard_1200.jpg,garbage_v2,cardboard,D:\HK7\Đồ án khóa luận\Data\raw\vn_trash\Carton\train_cardboard609.jpg,vn_trash,Carton,b987c66829393bc6,True,exact_md5_duplicate
DUP_GROUP_0118,D:\HK7\Đồ án khóa luận\Data\raw\garbage_v2\cardboard\cardboard_1201.jpg,garbage_v2,cardboard,D:\HK7\Đồ án khóa luận\Data\raw\vn_trash\Carton\train_cardboard624.jpg,vn_trash,Carton,fa4ac0eccb929d32,True,exact_md5_duplicate
DUP_GROUP_0119,D:\HK7\Đồ án khóa luận\Data\raw\garbage_v2\cardboard\cardboard_1203.jpg,garbage_v2,cardboard,D:\HK7\Đồ án khóa luận\Data\raw\vn_trash\Carton\train_cardboard232.jpg,vn_trash,Carton,ce612c7738f71f00,True,exact_md5_duplicate
DUP_GROUP_0120,D:\HK7\Đồ án khóa luận\Data\raw\garbage_v2\cardboard\cardboard_1204.jpg,garbage_v2,cardboard,D:\HK7\Đồ án khóa luận\Data\raw\vn_trash\Carton\train_cardboard210.jpg,vn_trash,Carton,fc7e83788748bc44,True,exact_md5_duplicate
DUP_GROUP_0121,D:\HK7\Đồ án khóa luận\Data\raw\garbage_v2\cardboard\cardboard_1205.jpg,garbage_v2,cardboard,D:\HK7\Đồ án khóa luận\Data\raw\vn_trash\Carton\train_cardboard553.jpg,vn_trash,Carton,eb4b85b1b4a589b1,True,exact_md5_duplicate
DUP_GROUP_0122,D:\HK7\Đồ án khóa luận\Data\raw\garbage_v2\cardboard\cardboard_1210.jpg,garbage_v2,cardboard,D:\HK7\Đồ án khóa luận\Data\raw\vn_trash\Carton\train_cardboard863.jpg,vn_trash,Carton,bfc0d067152bc46b,True,exact_md5_duplicate
DUP_GROUP_0123,D:\HK7\Đồ án khóa luận\Data\raw\garbage_v2\cardboard\cardboard_1212.jpg,garbage_v2,cardboard,D:\HK7\Đồ án khóa luận\Data\raw\vn_trash\Carton\train_cardboard201.jpg,vn_trash,Carton,da0429da959df263,True,exact_md5_duplicate
DUP_GROUP_0124,D:\HK7\Đồ án khóa luận\Data\raw\garbage_v2\cardboard\cardboard_1213.jpg,garbage_v2,cardboard,D:\HK7\Đồ án khóa luận\Data\raw\vn_trash\Carton\train_cardboard24.jpg,vn_trash,Carton,f8c187c1cfd8988e,True,exact_md5_duplicate
DUP_GROUP_0125,D:\HK7\Đồ án khóa luận\Data\raw\garbage_v2\cardboard\cardboard_1216.jpg,garbage_v2,cardboard,D:\HK7\Đồ án khóa luận\Data\raw\vn_trash\Carton\train_cardboard430.jpg,vn_trash,Carton,bdc3d3c192269636,True,exact_md5_duplicate
DUP_GROUP_0126,D:\HK7\Đồ án khóa luận\Data\raw\garbage_v2\cardboard\cardboard_1223.jpg,garbage_v2,cardboard,D:\HK7\Đồ án khóa luận\Data\raw\vn_trash\Carton\train_cardboard326.jpg,vn_trash,Carton,9a14351b4cb326df,True,exact_md5_duplicate
DUP_GROUP_0127,D:\HK7\Đồ án khóa luận\Data\raw\garbage_v2\cardboard\cardboard_1224.jpg,garbage_v2,cardboard,D:\HK7\Đồ án khóa luận\Data\raw\vn_trash\Carton\train_cardboard197.jpg,vn_trash,Carton,8e7163d89cba2363,True,exact_md5_duplicate
DUP_GROUP_0128,D:\HK7\Đồ án khóa luận\Data\raw\garbage_v2\cardboard\cardboard_1225.jpg,garbage_v2,cardboard,D:\HK7\Đồ án khóa luận\Data\raw\vn_trash\Carton\train_cardboard454.jpg,vn_trash,Carton,bf3f80ebc0d0d0d4,True,exact_md5_duplicate
DUP_GROUP_0129,D:\HK7\Đồ án khóa luận\Data\raw\garbage_v2\cardboard\cardboard_1227.jpg,garbage_v2,cardboard,D:\HK7\Đồ án khóa luận\Data\raw\vn_trash\Carton\train_cardboard140.jpg,vn_trash,Carton,c07f0368bfa500fe,True,exact_md5_duplicate
DUP_GROUP_0130,D:\HK7\Đồ án khóa luận\Data\raw\garbage_v2\cardboard\cardboard_1228.jpg,garbage_v2,cardboard,D:\HK7\Đồ án khóa luận\Data\raw\vn_trash\Carton\train_cardboard256.jpg,vn_trash,Carton,cdb9364c2ba43353,True,exact_md5_duplicate
DUP_GROUP_0131,D:\HK7\Đồ án khóa luận\Data\raw\garbage_v2\cardboard\cardboard_123.jpg,garbage_v2,cardboard,D:\HK7\Đồ án khóa luận\Data\raw\vn_trash\Carton\train_cardboard543.jpg,vn_trash,Carton,ca52a5a996a59bc6,True,exact_md5_duplicate
DUP_GROUP_0132,D:\HK7\Đồ án khóa luận\Data\raw\garbage_v2\cardboard\cardboard_1231.jpg,garbage_v2,cardboard,D:\HK7\Đồ án khóa luận\Data\raw\vn_trash\Carton\train_cardboard 2379.jpg,vn_trash,Carton,cc4a91b396368e7c,True,exact_md5_duplicate
DUP_GROUP_0132,D:\HK7\Đồ án khóa luận\Data\raw\garbage_v2\cardboard\cardboard_1231.jpg,garbage_v2,cardboard,D:\HK7\Đồ án khóa luận\Data\raw\vn_trash\Carton\train_cardboard338.jpg,vn_trash,Carton,cc4a91b396368e7c,True,exact_md5_duplicate
DUP_GROUP_0133,D:\HK7\Đồ án khóa luận\Data\raw\garbage_v2\cardboard\cardboard_1232.jpg,garbage_v2,cardboard,D:\HK7\Đồ án khóa luận\Data\raw\vn_trash\Carton\train_cardboard275.jpg,vn_trash,Carton,81a0fdff4b0851f2,True,exact_md5_duplicate
DUP_GROUP_0134,D:\HK7\Đồ án khóa luận\Data\raw\garbage_v2\cardboard\cardboard_1235.jpg,garbage_v2,cardboard,D:\HK7\Đồ án khóa luận\Data\raw\vn_trash\Carton\train_cardboard646.jpg,vn_trash,Carton,af2bc3c4bccac630,True,exact_md5_duplicate
DUP_GROUP_0135,D:\HK7\Đồ án khóa luận\Data\raw\garbage_v2\cardboard\cardboard_1238.jpg,garbage_v2,cardboard,D:\HK7\Đồ án khóa luận\Data\raw\vn_trash\Carton\train_cardboard157.jpg,vn_trash,Carton,ce6b74acd11b0c93,True,exact_md5_duplicate
DUP_GROUP_0136,D:\HK7\Đồ án khóa luận\Data\raw\garbage_v2\cardboard\cardboard_124.jpg,garbage_v2,cardboard,D:\HK7\Đồ án khóa luận\Data\raw\vn_trash\Carton\train_cardboard886.jpg,vn_trash,Carton,f73ac8b95ba30216,True,exact_md5_duplicate
DUP_GROUP_0137,D:\HK7\Đồ án khóa luận\Data\raw\garbage_v2\cardboard\cardboard_1240.jpg,garbage_v2,cardboard,D:\HK7\Đồ án khóa luận\Data\raw\vn_trash\Carton\train_cardboard185.jpg,vn_trash,Carton,9fdf68a8758470a2,True,exact_md5_duplicate
DUP_GROUP_0138,D:\HK7\Đồ án khóa luận\Data\raw\garbage_v2\cardboard\cardboard_1241.jpg,garbage_v2,cardboard,D:\HK7\Đồ án khóa luận\Data\raw\vn_trash\Carton\train_cardboard612.jpg,vn_trash,Carton,ae1fd1e0d141d2dc,True,exact_md5_duplicate
DUP_GROUP_0139,D:\HK7\Đồ án khóa luận\Data\raw\garbage_v2\cardboard\cardboard_1242.jpg,garbage_v2,cardboard,D:\HK7\Đồ án khóa luận\Data\raw\vn_trash\Carton\train_cardboard 51.jpg,vn_trash,Carton,f76dd65c21ca2622,True,exact_md5_duplicate
DUP_GROUP_0139,D:\HK7\Đồ án khóa luận\Data\raw\garbage_v2\cardboard\cardboard_1242.jpg,garbage_v2,cardboard,D:\HK7\Đồ án khóa luận\Data\raw\vn_trash\Carton\train_cardboard388.jpg,vn_trash,Carton,f76dd65c21ca2622,True,exact_md5_duplicate
DUP_GROUP_0140,D:\HK7\Đồ án khóa luận\Data\raw\garbage_v2\cardboard\cardboard_1246.jpg,garbage_v2,cardboard,D:\HK7\Đồ án khóa luận\Data\raw\vn_trash\Carton\train_cardboard854.jpg,vn_trash,Carton,b03ac6c1c9c9db36,True,exact_md5_duplicate
DUP_GROUP_0141,D:\HK7\Đồ án khóa luận\Data\raw\garbage_v2\cardboard\cardboard_1247.jpg,garbage_v2,cardboard,D:\HK7\Đồ án khóa luận\Data\raw\vn_trash\Carton\train_cardboard669.jpg,vn_trash,Carton,eb72958d4a4a6a72,True,exact_md5_duplicate
DUP_GROUP_0142,D:\HK7\Đồ án khóa luận\Data\raw\garbage_v2\cardboard\cardboard_1248.jpg,garbage_v2,cardboard,D:\HK7\Đồ án khóa luận\Data\raw\vn_trash\Carton\train_cardboard 2364.jpg,vn_trash,Carton,e0fc96e852a5cad4,True,exact_md5_duplicate
DUP_GROUP_0142,D:\HK7\Đồ án khóa luận\Data\raw\garbage_v2\cardboard\cardboard_1248.jpg,garbage_v2,cardboard,D:\HK7\Đồ án khóa luận\Data\raw\vn_trash\Carton\train_cardboard322.jpg,vn_trash,Carton,e0fc96e852a5cad4,True,exact_md5_duplicate
DUP_GROUP_0143,D:\HK7\Đồ án khóa luận\Data\raw\garbage_v2\cardboard\cardboard_1251.jpg,garbage_v2,cardboard,D:\HK7\Đồ án khóa luận\Data\raw\vn_trash\Carton\test_cardboard 1958.jpg,vn_trash,Carton,fb96cc493236a3c4,True,exact_md5_duplicate
DUP_GROUP_0143,D:\HK7\Đồ án khóa luận\Data\raw\garbage_v2\cardboard\cardboard_1251.jpg,garbage_v2,cardboard,D:\HK7\Đồ án khóa luận\Data\raw\vn_trash\Carton\train_cardboard452.jpg,vn_trash,Carton,fb96cc493236a3c4,True,exact_md5_duplicate
DUP_GROUP_0144,D:\HK7\Đồ án khóa luận\Data\raw\garbage_v2\cardboard\cardboard_1255.jpg,garbage_v2,cardboard,D:\HK7\Đồ án khóa luận\Data\raw\vn_trash\Carton\train_cardboard562.jpg,vn_trash,Carton,ea1795e8361f6630,True,exact_md5_duplicate
DUP_GROUP_0145,D:\HK7\Đồ án khóa luận\Data\raw\garbage_v2\cardboard\cardboard_1256.jpg,garbage_v2,cardboard,D:\HK7\Đồ án khóa luận\Data\raw\vn_trash\Carton\train_cardboard583.jpg,vn_trash,Carton,e631aa459acdc8cd,True,exact_md5_duplicate
DUP_GROUP_0146,D:\HK7\Đồ án khóa luận\Data\raw\garbage_v2\cardboard\cardboard_1258.jpg,garbage_v2,cardboard,D:\HK7\Đồ án khóa luận\Data\raw\vn_trash\Carton\train_cardboard 50.jpg,vn_trash,Carton,ad3bf192d09ec0c3,True,exact_md5_duplicate
DUP_GROUP_0146,D:\HK7\Đồ án khóa luận\Data\raw\garbage_v2\cardboard\cardboard_1258.jpg,garbage_v2,cardboard,D:\HK7\Đồ án khóa luận\Data\raw\vn_trash\Carton\train_cardboard378.jpg,vn_trash,Carton,ad3bf192d09ec0c3,True,exact_md5_duplicate
DUP_GROUP_0147,D:\HK7\Đồ án khóa luận\Data\raw\garbage_v2\cardboard\cardboard_126.jpg,garbage_v2,cardboard,D:\HK7\Đồ án khóa luận\Data\raw\vn_trash\Carton\train_cardboard635.jpg,vn_trash,Carton,bc9ec169c66139c6,True,exact_md5_duplicate
DUP_GROUP_0148,D:\HK7\Đồ án khóa luận\Data\raw\garbage_v2\cardboard\cardboard_1260.jpg,garbage_v2,cardboard,D:\HK7\Đồ án khóa luận\Data\raw\vn_trash\Carton\train_cardboard211.jpg,vn_trash,Carton,c4326f6992936d36,True,exact_md5_duplicate
DUP_GROUP_0149,D:\HK7\Đồ án khóa luận\Data\raw\garbage_v2\cardboard\cardboard_1262.jpg,garbage_v2,cardboard,D:\HK7\Đồ án khóa luận\Data\raw\vn_trash\Carton\test_cardboard 2069.jpg,vn_trash,Carton,ea4fd45a836cc307,True,exact_md5_duplicate
DUP_GROUP_0149,D:\HK7\Đồ án khóa luận\Data\raw\garbage_v2\cardboard\cardboard_1262.jpg,garbage_v2,cardboard,D:\HK7\Đồ án khóa luận\Data\raw\vn_trash\Carton\train_cardboard49.jpg,vn_trash,Carton,ea4fd45a836cc307,True,exact_md5_duplicate
DUP_GROUP_0150,D:\HK7\Đồ án khóa luận\Data\raw\garbage_v2\cardboard\cardboard_1264.jpg,garbage_v2,cardboard,D:\HK7\Đồ án khóa luận\Data\raw\vn_trash\Carton\train_cardboard791.jpg,vn_trash,Carton,e2f6be31c35d8980,True,exact_md5_duplicate
DUP_GROUP_0151,D:\HK7\Đồ án khóa luận\Data\raw\garbage_v2\cardboard\cardboard_1266.jpg,garbage_v2,cardboard,D:\HK7\Đồ án khóa luận\Data\raw\vn_trash\Carton\train_cardboard30.jpg,vn_trash,Carton,aaf4f2c283038f9e,True,exact_md5_duplicate
DUP_GROUP_0152,D:\HK7\Đồ án khóa luận\Data\raw\garbage_v2\cardboard\cardboard_1267.jpg,garbage_v2,cardboard,D:\HK7\Đồ án khóa luận\Data\raw\vn_trash\Carton\train_cardboard532.jpg,vn_trash,Carton,bfcca03fe228c7a0,False,near_phash_duplicate
DUP_GROUP_0152,D:\HK7\Đồ án khóa luận\Data\raw\garbage_v2\cardboard\cardboard_1267.jpg,garbage_v2,cardboard,D:\HK7\Đồ án khóa luận\Data\raw\vn_trash\Carton\train_cardboard620.jpg,vn_trash,Carton,bfcca03fe228c7a0,True,exact_md5_duplicate
DUP_GROUP_0153,D:\HK7\Đồ án khóa luận\Data\raw\garbage_v2\cardboard\cardboard_1268.jpg,garbage_v2,cardboard,D:\HK7\Đồ án khóa luận\Data\raw\vn_trash\Carton\train_cardboard63.jpg,vn_trash,Carton,faaa817d95c195c1,True,exact_md5_duplicate
DUP_GROUP_0154,D:\HK7\Đồ án khóa luận\Data\raw\garbage_v2\cardboard\cardboard_1269.jpg,garbage_v2,cardboard,D:\HK7\Đồ án khóa luận\Data\raw\vn_trash\Carton\train_cardboard132.jpg,vn_trash,Carton,e6e39999929c86c6,True,exact_md5_duplicate
DUP_GROUP_0155,D:\HK7\Đồ án khóa luận\Data\raw\garbage_v2\cardboard\cardboard_127.jpg,garbage_v2,cardboard,D:\HK7\Đồ án khóa luận\Data\raw\vn_trash\Carton\train_cardboard766.jpg,vn_trash,Carton,80f51fc23f803abd,True,exact_md5_duplicate
DUP_GROUP_0156,D:\HK7\Đồ án khóa luận\Data\raw\garbage_v2\cardboard\cardboard_1271.jpg,garbage_v2,cardboard,D:\HK7\Đồ án khóa luận\Data\raw\vn_trash\Carton\train_cardboard629.jpg,vn_trash,Carton,fac794386b306cc5,True,exact_md5_duplicate
DUP_GROUP_0157,D:\HK7\Đồ án khóa luận\Data\raw\garbage_v2\cardboard\cardboard_1274.jpg,garbage_v2,cardboard,D:\HK7\Đồ án khóa luận\Data\raw\vn_trash\Carton\train_cardboard539.jpg,vn_trash,Carton,bf42c0b94f10356f,True,exact_md5_duplicate
DUP_GROUP_0158,D:\HK7\Đồ án khóa luận\Data\raw\garbage_v2\cardboard\cardboard_1277.jpg,garbage_v2,cardboard,D:\HK7\Đồ án khóa luận\Data\raw\vn_trash\Carton\train_cardboard554.jpg,vn_trash,Carton,fdc68e499227c1b8,True,exact_md5_duplicate
DUP_GROUP_0159,D:\HK7\Đồ án khóa luận\Data\raw\garbage_v2\cardboard\cardboard_1279.jpg,garbage_v2,cardboard,D:\HK7\Đồ án khóa luận\Data\raw\vn_trash\Carton\train_cardboard522.jpg,vn_trash,Carton,ff40952b9474d296,True,exact_md5_duplicate
DUP_GROUP_0160,D:\HK7\Đồ án khóa luận\Data\raw\garbage_v2\cardboard\cardboard_128.jpg,garbage_v2,cardboard,D:\HK7\Đồ án khóa luận\Data\raw\vn_trash\Carton\train_cardboard574.jpg,vn_trash,Carton,bfe7903d9286c330,True,exact_md5_duplicate
DUP_GROUP_0161,D:\HK7\Đồ án khóa luận\Data\raw\garbage_v2\cardboard\cardboard_1281.jpg,garbage_v2,cardboard,D:\HK7\Đồ án khóa luận\Data\raw\vn_trash\Carton\train_cardboard308.jpg,vn_trash,Carton,f2c630ff04ff01c2,True,exact_md5_duplicate
DUP_GROUP_0162,D:\HK7\Đồ án khóa luận\Data\raw\garbage_v2\cardboard\cardboard_1282.jpg,garbage_v2,cardboard,D:\HK7\Đồ án khóa luận\Data\raw\vn_trash\Carton\train_cardboard587.jpg,vn_trash,Carton,e16c9e92383c6d69,True,exact_md5_duplicate
DUP_GROUP_0163,D:\HK7\Đồ án khóa luận\Data\raw\garbage_v2\cardboard\cardboard_1284.jpg,garbage_v2,cardboard,D:\HK7\Đồ án khóa luận\Data\raw\vn_trash\Carton\train_cardboard728.jpg,vn_trash,Carton,ebccd4311f2268da,True,exact_md5_duplicate
DUP_GROUP_0164,D:\HK7\Đồ án khóa luận\Data\raw\garbage_v2\cardboard\cardboard_1287.jpg,garbage_v2,cardboard,D:\HK7\Đồ án khóa luận\Data\raw\vn_trash\Carton\train_cardboard641.jpg,vn_trash,Carton,bec2d01f8b38b670,True,exact_md5_duplicate
DUP_GROUP_0165,D:\HK7\Đồ án khóa luận\Data\raw\garbage_v2\cardboard\cardboard_1289.jpg,garbage_v2,cardboard,D:\HK7\Đồ án khóa luận\Data\raw\vn_trash\Carton\test_cardboard 2010.jpg,vn_trash,Carton,dab4add6843c38c9,True,exact_md5_duplicate
DUP_GROUP_0165,D:\HK7\Đồ án khóa luận\Data\raw\garbage_v2\cardboard\cardboard_1289.jpg,garbage_v2,cardboard,D:\HK7\Đồ án khóa luận\Data\raw\vn_trash\Carton\train_cardboard885.jpg,vn_trash,Carton,dab4add6843c38c9,True,exact_md5_duplicate
DUP_GROUP_0166,D:\HK7\Đồ án khóa luận\Data\raw\garbage_v2\cardboard\cardboard_129.jpg,garbage_v2,cardboard,D:\HK7\Đồ án khóa luận\Data\raw\vn_trash\Carton\train_cardboard74.jpg,vn_trash,Carton,bf818378c23fd039,True,exact_md5_duplicate
DUP_GROUP_0167,D:\HK7\Đồ án khóa luận\Data\raw\garbage_v2\cardboard\cardboard_1290.jpg,garbage_v2,cardboard,D:\HK7\Đồ án khóa luận\Data\raw\vn_trash\Carton\train_cardboard870.jpg,vn_trash,Carton,95970e6cb87078f1,True,exact_md5_duplicate
DUP_GROUP_0168,D:\HK7\Đồ án khóa luận\Data\raw\garbage_v2\cardboard\cardboard_1293.jpg,garbage_v2,cardboard,D:\HK7\Đồ án khóa luận\Data\raw\vn_trash\Carton\train_cardboard502.jpg,vn_trash,Carton,ea9491e23e1de8f0,True,exact_md5_duplicate
DUP_GROUP_0169,D:\HK7\Đồ án khóa luận\Data\raw\garbage_v2\cardboard\cardboard_1295.jpg,garbage_v2,cardboard,D:\HK7\Đồ án khóa luận\Data\raw\vn_trash\Carton\train_cardboard415.jpg,vn_trash,Carton,eb92e1329fc5b20c,True,exact_md5_duplicate
DUP_GROUP_0170,D:\HK7\Đồ án khóa luận\Data\raw\garbage_v2\cardboard\cardboard_1296.jpg,garbage_v2,cardboard,D:\HK7\Đồ án khóa luận\Data\raw\vn_trash\Carton\train_cardboard106.jpg,vn_trash,Carton,9fc732c330ce318e,True,exact_md5_duplicate
DUP_GROUP_0171,D:\HK7\Đồ án khóa luận\Data\raw\garbage_v2\cardboard\cardboard_1297.jpg,garbage_v2,cardboard,D:\HK7\Đồ án khóa luận\Data\raw\vn_trash\Carton\test_cardboard 1967.jpg,vn_trash,Carton,e19a4671d96692cd,True,exact_md5_duplicate
DUP_GROUP_0171,D:\HK7\Đồ án khóa luận\Data\raw\garbage_v2\cardboard\cardboard_1297.jpg,garbage_v2,cardboard,D:\HK7\Đồ án khóa luận\Data\raw\vn_trash\Carton\train_cardboard529.jpg,vn_trash,Carton,e19a4671d96692cd,True,exact_md5_duplicate
DUP_GROUP_0172,D:\HK7\Đồ án khóa luận\Data\raw\garbage_v2\cardboard\cardboard_130.jpg,garbage_v2,cardboard,D:\HK7\Đồ án khóa luận\Data\raw\vn_trash\Carton\test_cardboard 1992.jpg,vn_trash,Carton,fc83c33c3cf2c1c4,True,exact_md5_duplicate
DUP_GROUP_0172,D:\HK7\Đồ án khóa luận\Data\raw\garbage_v2\cardboard\cardboard_130.jpg,garbage_v2,cardboard,D:\HK7\Đồ án khóa luận\Data\raw\vn_trash\Carton\train_cardboard748.jpg,vn_trash,Carton,fc83c33c3cf2c1c4,True,exact_md5_duplicate
DUP_GROUP_0173,D:\HK7\Đồ án khóa luận\Data\raw\garbage_v2\cardboard\cardboard_1300.jpg,garbage_v2,cardboard,D:\HK7\Đồ án khóa luận\Data\raw\vn_trash\Carton\train_cardboard263.jpg,vn_trash,Carton,c42f6692f302fb25,True,exact_md5_duplicate
DUP_GROUP_0174,D:\HK7\Đồ án khóa luận\Data\raw\garbage_v2\cardboard\cardboard_1303.jpg,garbage_v2,cardboard,D:\HK7\Đồ án khóa luận\Data\raw\vn_trash\Carton\train_cardboard506.jpg,vn_trash,Carton,b1b19158ac67d31b,True,exact_md5_duplicate
DUP_GROUP_0175,D:\HK7\Đồ án khóa luận\Data\raw\garbage_v2\cardboard\cardboard_1304.jpg,garbage_v2,cardboard,D:\HK7\Đồ án khóa luận\Data\raw\vn_trash\Carton\train_cardboard297.jpg,vn_trash,Carton,c6e1a901dcd9097f,True,exact_md5_duplicate
DUP_GROUP_0176,D:\HK7\Đồ án khóa luận\Data\raw\garbage_v2\cardboard\cardboard_1306.jpg,garbage_v2,cardboard,D:\HK7\Đồ án khóa luận\Data\raw\vn_trash\Carton\train_cardboard496.jpg,vn_trash,Carton,eaa7e49e9809b32c,True,exact_md5_duplicate
DUP_GROUP_0177,D:\HK7\Đồ án khóa luận\Data\raw\garbage_v2\cardboard\cardboard_1307.jpg,garbage_v2,cardboard,D:\HK7\Đồ án khóa luận\Data\raw\vn_trash\Carton\train_cardboard138.jpg,vn_trash,Carton,ffbf54882ac00cd3,True,exact_md5_duplicate
DUP_GROUP_0178,D:\HK7\Đồ án khóa luận\Data\raw\garbage_v2\cardboard\cardboard_1309.jpg,garbage_v2,cardboard,D:\HK7\Đồ án khóa luận\Data\raw\vn_trash\Carton\train_cardboard768.jpg,vn_trash,Carton,94950b6a6a6a3b7a,True,exact_md5_duplicate
DUP_GROUP_0179,D:\HK7\Đồ án khóa luận\Data\raw\garbage_v2\cardboard\cardboard_1310.jpg,garbage_v2,cardboard,D:\HK7\Đồ án khóa luận\Data\raw\vn_trash\Carton\train_cardboard83.jpg,vn_trash,Carton,c160f2828e6d0dff,True,exact_md5_duplicate
DUP_GROUP_0180,D:\HK7\Đồ án khóa luận\Data\raw\garbage_v2\cardboard\cardboard_1313.jpg,garbage_v2,cardboard,D:\HK7\Đồ án khóa luận\Data\raw\vn_trash\Carton\train_cardboard233.jpg,vn_trash,Carton,dad0ce33b880967b,True,exact_md5_duplicate
DUP_GROUP_0181,D:\HK7\Đồ án khóa luận\Data\raw\garbage_v2\cardboard\cardboard_1314.jpg,garbage_v2,cardboard,D:\HK7\Đồ án khóa luận\Data\raw\vn_trash\Carton\train_cardboard92.jpg,vn_trash,Carton,c4673e999ce1a8b1,True,exact_md5_duplicate
DUP_GROUP_0182,D:\HK7\Đồ án khóa luận\Data\raw\garbage_v2\cardboard\cardboard_1317.jpg,garbage_v2,cardboard,D:\HK7\Đồ án khóa luận\Data\raw\vn_trash\Carton\train_cardboard60.jpg,vn_trash,Carton,dbf2a4cc8ea406ec,True,exact_md5_duplicate
DUP_GROUP_0183,D:\HK7\Đồ án khóa luận\Data\raw\garbage_v2\cardboard\cardboard_132.jpg,garbage_v2,cardboard,D:\HK7\Đồ án khóa luận\Data\raw\vn_trash\Carton\train_cardboard 34.jpg,vn_trash,Carton,f1a69c4e8bcccc98,True,exact_md5_duplicate
DUP_GROUP_0183,D:\HK7\Đồ án khóa luận\Data\raw\garbage_v2\cardboard\cardboard_132.jpg,garbage_v2,cardboard,D:\HK7\Đồ án khóa luận\Data\raw\vn_trash\Carton\train_cardboard235.jpg,vn_trash,Carton,f1a69c4e8bcccc98,True,exact_md5_duplicate
DUP_GROUP_0184,D:\HK7\Đồ án khóa luận\Data\raw\garbage_v2\cardboard\cardboard_1320.jpg,garbage_v2,cardboard,D:\HK7\Đồ án khóa luận\Data\raw\vn_trash\Carton\train_cardboard853.jpg,vn_trash,Carton,f86685607ecfc0f0,True,exact_md5_duplicate
DUP_GROUP_0185,D:\HK7\Đồ án khóa luận\Data\raw\garbage_v2\cardboard\cardboard_1321.jpg,garbage_v2,cardboard,D:\HK7\Đồ án khóa luận\Data\raw\vn_trash\Carton\train_cardboard 41.jpg,vn_trash,Carton,eb6ad468c1b69499,True,exact_md5_duplicate
DUP_GROUP_0185,D:\HK7\Đồ án khóa luận\Data\raw\garbage_v2\cardboard\cardboard_1321.jpg,garbage_v2,cardboard,D:\HK7\Đồ án khóa luận\Data\raw\vn_trash\Carton\train_cardboard290.jpg,vn_trash,Carton,eb6ad468c1b69499,True,exact_md5_duplicate
DUP_GROUP_0186,D:\HK7\Đồ án khóa luận\Data\raw\garbage_v2\cardboard\cardboard_1323.jpg,garbage_v2,cardboard,D:\HK7\Đồ án khóa luận\Data\raw\vn_trash\Carton\train_cardboard265.jpg,vn_trash,Carton,caaaa6a295d5a5a6,True,exact_md5_duplicate
DUP_GROUP_0187,D:\HK7\Đồ án khóa luận\Data\raw\garbage_v2\cardboard\cardboard_1324.jpg,garbage_v2,cardboard,D:\HK7\Đồ án khóa luận\Data\raw\vn_trash\Carton\train_cardboard511.jpg,vn_trash,Carton,b84fc3b894b096b6,True,exact_md5_duplicate
DUP_GROUP_0188,D:\HK7\Đồ án khóa luận\Data\raw\garbage_v2\cardboard\cardboard_1329.jpg,garbage_v2,cardboard,D:\HK7\Đồ án khóa luận\Data\raw\vn_trash\Carton\train_cardboard98.jpg,vn_trash,Carton,f19c9c718e8c61ce,True,exact_md5_duplicate
DUP_GROUP_0189,D:\HK7\Đồ án khóa luận\Data\raw\garbage_v2\cardboard\cardboard_1331.jpg,garbage_v2,cardboard,D:\HK7\Đồ án khóa luận\Data\raw\vn_trash\Carton\train_cardboard153.jpg,vn_trash,Carton,ff02aaaabb474588,True,exact_md5_duplicate
DUP_GROUP_0190,D:\HK7\Đồ án khóa luận\Data\raw\garbage_v2\cardboard\cardboard_1332.jpg,garbage_v2,cardboard,D:\HK7\Đồ án khóa luận\Data\raw\vn_trash\Carton\test_cardboard 1961.jpg,vn_trash,Carton,ed83d0e3921edb30,True,exact_md5_duplicate
DUP_GROUP_0190,D:\HK7\Đồ án khóa luận\Data\raw\garbage_v2\cardboard\cardboard_1332.jpg,garbage_v2,cardboard,D:\HK7\Đồ án khóa luận\Data\raw\vn_trash\Carton\train_cardboard474.jpg,vn_trash,Carton,ed83d0e3921edb30,True,exact_md5_duplicate
DUP_GROUP_0191,D:\HK7\Đồ án khóa luận\Data\raw\garbage_v2\cardboard\cardboard_1339.jpg,garbage_v2,cardboard,D:\HK7\Đồ án khóa luận\Data\raw\vn_trash\Carton\train_cardboard117.jpg,vn_trash,Carton,f86c33c46bb649b0,True,exact_md5_duplicate
DUP_GROUP_0192,D:\HK7\Đồ án khóa luận\Data\raw\garbage_v2\cardboard\cardboard_134.jpg,garbage_v2,cardboard,D:\HK7\Đồ án khóa luận\Data\raw\vn_trash\Carton\train_cardboard77.jpg,vn_trash,Carton,dfe0a00ff01ee10f,True,exact_md5_duplicate
DUP_GROUP_0193,D:\HK7\Đồ án khóa luận\Data\raw\garbage_v2\cardboard\cardboard_1340.jpg,garbage_v2,cardboard,D:\HK7\Đồ án khóa luận\Data\raw\vn_trash\Carton\test_cardboard 1975.jpg,vn_trash,Carton,c8cab2bcafb18c85,True,exact_md5_duplicate
DUP_GROUP_0193,D:\HK7\Đồ án khóa luận\Data\raw\garbage_v2\cardboard\cardboard_1340.jpg,garbage_v2,cardboard,D:\HK7\Đồ án khóa luận\Data\raw\vn_trash\Carton\train_cardboard594.jpg,vn_trash,Carton,c8cab2bcafb18c85,True,exact_md5_duplicate
DUP_GROUP_0194,D:\HK7\Đồ án khóa luận\Data\raw\garbage_v2\cardboard\cardboard_1341.jpg,garbage_v2,cardboard,D:\HK7\Đồ án khóa luận\Data\raw\vn_trash\Carton\train_cardboard180.jpg,vn_trash,Carton,f663c7883c7043c7,True,exact_md5_duplicate
DUP_GROUP_0195,D:\HK7\Đồ án khóa luận\Data\raw\garbage_v2\cardboard\cardboard_1342.jpg,garbage_v2,cardboard,D:\HK7\Đồ án khóa luận\Data\raw\vn_trash\Carton\train_cardboard293.jpg,vn_trash,Carton,bb54ad9b06416f0b,True,exact_md5_duplicate
DUP_GROUP_0196,D:\HK7\Đồ án khóa luận\Data\raw\garbage_v2\cardboard\cardboard_1345.jpg,garbage_v2,cardboard,D:\HK7\Đồ án khóa luận\Data\raw\vn_trash\Carton\train_cardboard687.jpg,vn_trash,Carton,fcc3833c54c32f68,True,exact_md5_duplicate
DUP_GROUP_0197,D:\HK7\Đồ án khóa luận\Data\raw\garbage_v2\cardboard\cardboard_1349.jpg,garbage_v2,cardboard,D:\HK7\Đồ án khóa luận\Data\raw\vn_trash\Carton\train_cardboard595.jpg,vn_trash,Carton,e88c9173271b74ce,True,exact_md5_duplicate
DUP_GROUP_0198,D:\HK7\Đồ án khóa luận\Data\raw\garbage_v2\cardboard\cardboard_1350.jpg,garbage_v2,cardboard,D:\HK7\Đồ án khóa luận\Data\raw\vn_trash\Carton\train_cardboard192.jpg,vn_trash,Carton,dc7b6c91d4982699,True,exact_md5_duplicate
DUP_GROUP_0199,D:\HK7\Đồ án khóa luận\Data\raw\garbage_v2\cardboard\cardboard_1352.jpg,garbage_v2,cardboard,D:\HK7\Đồ án khóa luận\Data\raw\vn_trash\Carton\train_cardboard207.jpg,vn_trash,Carton,c31292bc3f3c7c34,True,exact_md5_duplicate
DUP_GROUP_0200,D:\HK7\Đồ án khóa luận\Data\raw\garbage_v2\cardboard\cardboard_1358.jpg,garbage_v2,cardboard,D:\HK7\Đồ án khóa luận\Data\raw\vn_trash\Carton\train_cardboard160.jpg,vn_trash,Carton,e6904ba985d355ea,True,exact_md5_duplicate
DUP_GROUP_0201,D:\HK7\Đồ án khóa luận\Data\raw\garbage_v2\cardboard\cardboard_136.jpg,garbage_v2,cardboard,D:\HK7\Đồ án khóa luận\Data\raw\vn_trash\Carton\train_cardboard705.jpg,vn_trash,Carton,e88e96d9b125cdd0,True,exact_md5_duplicate
DUP_GROUP_0202,D:\HK7\Đồ án khóa luận\Data\raw\garbage_v2\cardboard\cardboard_1360.jpg,garbage_v2,cardboard,D:\HK7\Đồ án khóa luận\Data\raw\vn_trash\Carton\train_cardboard66.jpg,vn_trash,Carton,ff774b6ac5c08281,True,exact_md5_duplicate
DUP_GROUP_0203,D:\HK7\Đồ án khóa luận\Data\raw\garbage_v2\cardboard\cardboard_1363.jpg,garbage_v2,cardboard,D:\HK7\Đồ án khóa luận\Data\raw\vn_trash\Carton\train_cardboard541.jpg,vn_trash,Carton,b4cbc3b09ab4984f,True,exact_md5_duplicate
DUP_GROUP_0204,D:\HK7\Đồ án khóa luận\Data\raw\garbage_v2\cardboard\cardboard_1364.jpg,garbage_v2,cardboard,D:\HK7\Đồ án khóa luận\Data\raw\vn_trash\Carton\train_cardboard579.jpg,vn_trash,Carton,d633a94c9fa8ac4a,True,exact_md5_duplicate
DUP_GROUP_0205,D:\HK7\Đồ án khóa luận\Data\raw\garbage_v2\cardboard\cardboard_1366.jpg,garbage_v2,cardboard,D:\HK7\Đồ án khóa luận\Data\raw\vn_trash\Carton\train_cardboard158.jpg,vn_trash,Carton,f068866d87478f6c,True,exact_md5_duplicate
DUP_GROUP_0206,D:\HK7\Đồ án khóa luận\Data\raw\garbage_v2\cardboard\cardboard_1367.jpg,garbage_v2,cardboard,D:\HK7\Đồ án khóa luận\Data\raw\vn_trash\Carton\train_cardboard606.jpg,vn_trash,Carton,afc0d09bd41ec16e,True,exact_md5_duplicate
DUP_GROUP_0207,D:\HK7\Đồ án khóa luận\Data\raw\garbage_v2\cardboard\cardboard_1369.jpg,garbage_v2,cardboard,D:\HK7\Đồ án khóa luận\Data\raw\vn_trash\Carton\train_cardboard302.jpg,vn_trash,Carton,f8622e78c31ef00f,True,exact_md5_duplicate
DUP_GROUP_0208,D:\HK7\Đồ án khóa luận\Data\raw\garbage_v2\cardboard\cardboard_137.jpg,garbage_v2,cardboard,D:\HK7\Đồ án khóa luận\Data\raw\vn_trash\Carton\test_cardboard 1988.jpg,vn_trash,Carton,b994db261cfb300e,True,exact_md5_duplicate
DUP_GROUP_0208,D:\HK7\Đồ án khóa luận\Data\raw\garbage_v2\cardboard\cardboard_137.jpg,garbage_v2,cardboard,D:\HK7\Đồ án khóa luận\Data\raw\vn_trash\Carton\train_cardboard715.jpg,vn_trash,Carton,b994db261cfb300e,True,exact_md5_duplicate
DUP_GROUP_0209,D:\HK7\Đồ án khóa luận\Data\raw\garbage_v2\cardboard\cardboard_1372.jpg,garbage_v2,cardboard,D:\HK7\Đồ án khóa luận\Data\raw\vn_trash\Carton\train_cardboard237.jpg,vn_trash,Carton,ba2b9224a3b6a6b6,True,exact_md5_duplicate
DUP_GROUP_0210,D:\HK7\Đồ án khóa luận\Data\raw\garbage_v2\cardboard\cardboard_1375.jpg,garbage_v2,cardboard,D:\HK7\Đồ án khóa luận\Data\raw\vn_trash\Carton\train_cardboard699.jpg,vn_trash,Carton,ea96c5690e5a1ec5,True,exact_md5_duplicate
DUP_GROUP_0211,D:\HK7\Đồ án khóa luận\Data\raw\garbage_v2\cardboard\cardboard_1376.jpg,garbage_v2,cardboard,D:\HK7\Đồ án khóa luận\Data\raw\vn_trash\Carton\train_cardboard741.jpg,vn_trash,Carton,abc1633fc03fd04a,True,exact_md5_duplicate
DUP_GROUP_0212,D:\HK7\Đồ án khóa luận\Data\raw\garbage_v2\cardboard\cardboard_1377.jpg,garbage_v2,cardboard,D:\HK7\Đồ án khóa luận\Data\raw\vn_trash\Carton\train_cardboard236.jpg,vn_trash,Carton,e4300f0e730ff873,True,exact_md5_duplicate
DUP_GROUP_0213,D:\HK7\Đồ án khóa luận\Data\raw\garbage_v2\cardboard\cardboard_1378.jpg,garbage_v2,cardboard,D:\HK7\Đồ án khóa luận\Data\raw\vn_trash\Carton\train_cardboard188.jpg,vn_trash,Carton,f656a92dd0ab5d40,True,exact_md5_duplicate
DUP_GROUP_0214,D:\HK7\Đồ án khóa luận\Data\raw\garbage_v2\cardboard\cardboard_1379.jpg,garbage_v2,cardboard,D:\HK7\Đồ án khóa luận\Data\raw\vn_trash\Carton\train_cardboard533.jpg,vn_trash,Carton,aaaad55515aa2ba5,True,exact_md5_duplicate
DUP_GROUP_0215,D:\HK7\Đồ án khóa luận\Data\raw\garbage_v2\cardboard\cardboard_138.jpg,garbage_v2,cardboard,D:\HK7\Đồ án khóa luận\Data\raw\vn_trash\Carton\train_cardboard847.jpg,vn_trash,Carton,aa04c16b92fa7dc5,True,exact_md5_duplicate
DUP_GROUP_0216,D:\HK7\Đồ án khóa luận\Data\raw\garbage_v2\cardboard\cardboard_1381.jpg,garbage_v2,cardboard,D:\HK7\Đồ án khóa luận\Data\raw\vn_trash\Carton\train_cardboard585.jpg,vn_trash,Carton,ca2a2a7fbd55a051,True,exact_md5_duplicate
DUP_GROUP_0217,D:\HK7\Đồ án khóa luận\Data\raw\garbage_v2\cardboard\cardboard_1382.jpg,garbage_v2,cardboard,D:\HK7\Đồ án khóa luận\Data\raw\vn_trash\Carton\train_cardboard575.jpg,vn_trash,Carton,aafad52172052cfa,True,exact_md5_duplicate
DUP_GROUP_0218,D:\HK7\Đồ án khóa luận\Data\raw\garbage_v2\cardboard\cardboard_1383.jpg,garbage_v2,cardboard,D:\HK7\Đồ án khóa luận\Data\raw\vn_trash\Carton\train_cardboard428.jpg,vn_trash,Carton,aef9c00773983e61,True,exact_md5_duplicate
DUP_GROUP_0219,D:\HK7\Đồ án khóa luận\Data\raw\garbage_v2\cardboard\cardboard_1384.jpg,garbage_v2,cardboard,D:\HK7\Đồ án khóa luận\Data\raw\vn_trash\Carton\train_cardboard480.jpg,vn_trash,Carton,ecb5935aa4a57a90,True,exact_md5_duplicate
DUP_GROUP_0220,D:\HK7\Đồ án khóa luận\Data\raw\garbage_v2\cardboard\cardboard_1387.jpg,garbage_v2,cardboard,D:\HK7\Đồ án khóa luận\Data\raw\vn_trash\Carton\train_cardboard318.jpg,vn_trash,Carton,f86781979c20ef98,True,exact_md5_duplicate
DUP_GROUP_0221,D:\HK7\Đồ án khóa luận\Data\raw\garbage_v2\cardboard\cardboard_139.jpg,garbage_v2,cardboard,D:\HK7\Đồ án khóa luận\Data\raw\vn_trash\Carton\train_cardboard139.jpg,vn_trash,Carton,d9ac4cb902dea363,True,exact_md5_duplicate
DUP_GROUP_0222,D:\HK7\Đồ án khóa luận\Data\raw\garbage_v2\cardboard\cardboard_1390.jpg,garbage_v2,cardboard,D:\HK7\Đồ án khóa luận\Data\raw\vn_trash\Carton\train_cardboard109.jpg,vn_trash,Carton,e662999872959567,True,exact_md5_duplicate
DUP_GROUP_0223,D:\HK7\Đồ án khóa luận\Data\raw\garbage_v2\cardboard\cardboard_1392.jpg,garbage_v2,cardboard,D:\HK7\Đồ án khóa luận\Data\raw\vn_trash\Carton\test_cardboard 2018.jpg,vn_trash,Carton,fd9cc0c8c2d8c39b,True,exact_md5_duplicate
DUP_GROUP_0223,D:\HK7\Đồ án khóa luận\Data\raw\garbage_v2\cardboard\cardboard_1392.jpg,garbage_v2,cardboard,D:\HK7\Đồ án khóa luận\Data\raw\vn_trash\Carton\train_cardboard891.jpg,vn_trash,Carton,fd9cc0c8c2d8c39b,True,exact_md5_duplicate
DUP_GROUP_0224,D:\HK7\Đồ án khóa luận\Data\raw\garbage_v2\cardboard\cardboard_1395.jpg,garbage_v2,cardboard,D:\HK7\Đồ án khóa luận\Data\raw\vn_trash\Carton\train_cardboard418.jpg,vn_trash,Carton,d44f103c4f3366b9,True,exact_md5_duplicate
DUP_GROUP_0225,D:\HK7\Đồ án khóa luận\Data\raw\garbage_v2\cardboard\cardboard_14.jpg,garbage_v2,cardboard,D:\HK7\Đồ án khóa luận\Data\raw\vn_trash\Carton\train_cardboard327.jpg,vn_trash,Carton,dfbf9f3eb8800090,True,exact_md5_duplicate
DUP_GROUP_0226,D:\HK7\Đồ án khóa luận\Data\raw\garbage_v2\cardboard\cardboard_140.jpg,garbage_v2,cardboard,D:\HK7\Đồ án khóa luận\Data\raw\vn_trash\Carton\train_cardboard175.jpg,vn_trash,Carton,e772ee1e64d1c411,True,exact_md5_duplicate
DUP_GROUP_0227,D:\HK7\Đồ án khóa luận\Data\raw\garbage_v2\cardboard\cardboard_1402.jpg,garbage_v2,cardboard,D:\HK7\Đồ án khóa luận\Data\raw\vn_trash\Carton\train_cardboard181.jpg,vn_trash,Carton,a7d3c98c1e3df021,True,exact_md5_duplicate
DUP_GROUP_0228,D:\HK7\Đồ án khóa luận\Data\raw\garbage_v2\cardboard\cardboard_1406.jpg,garbage_v2,cardboard,D:\HK7\Đồ án khóa luận\Data\raw\vn_trash\Carton\train_cardboard801.jpg,vn_trash,Carton,d5a64a321dc66dc9,True,exact_md5_duplicate
DUP_GROUP_0229,D:\HK7\Đồ án khóa luận\Data\raw\garbage_v2\cardboard\cardboard_142.jpg,garbage_v2,cardboard,D:\HK7\Đồ án khóa luận\Data\raw\vn_trash\Carton\train_cardboard221.jpg,vn_trash,Carton,d2ad5a9e8d98a172,True,exact_md5_duplicate
DUP_GROUP_0230,D:\HK7\Đồ án khóa luận\Data\raw\garbage_v2\cardboard\cardboard_143.jpg,garbage_v2,cardboard,D:\HK7\Đồ án khóa luận\Data\raw\vn_trash\Carton\train_cardboard213.jpg,vn_trash,Carton,d3c89f5097d76025,True,exact_md5_duplicate
DUP_GROUP_0231,D:\HK7\Đồ án khóa luận\Data\raw\garbage_v2\cardboard\cardboard_146.jpg,garbage_v2,cardboard,D:\HK7\Đồ án khóa luận\Data\raw\vn_trash\Carton\train_cardboard873.jpg,vn_trash,Carton,ebbf30c29d6188b1,True,exact_md5_duplicate
DUP_GROUP_0232,D:\HK7\Đồ án khóa luận\Data\raw\garbage_v2\cardboard\cardboard_148.jpg,garbage_v2,cardboard,D:\HK7\Đồ án khóa luận\Data\raw\vn_trash\Carton\train_cardboard859.jpg,vn_trash,Carton,ebc8b12d4be0da32,True,exact_md5_duplicate
DUP_GROUP_0233,D:\HK7\Đồ án khóa luận\Data\raw\garbage_v2\cardboard\cardboard_149.jpg,garbage_v2,cardboard,D:\HK7\Đồ án khóa luận\Data\raw\vn_trash\Carton\train_cardboard228.jpg,vn_trash,Carton,9c6316a5a4a756ad,True,exact_md5_duplicate
DUP_GROUP_0234,D:\HK7\Đồ án khóa luận\Data\raw\garbage_v2\cardboard\cardboard_15.jpg,garbage_v2,cardboard,D:\HK7\Đồ án khóa luận\Data\raw\vn_trash\Carton\train_cardboard226.jpg,vn_trash,Carton,c73f7fb030b63060,True,exact_md5_duplicate
DUP_GROUP_0235,D:\HK7\Đồ án khóa luận\Data\raw\garbage_v2\cardboard\cardboard_155.jpg,garbage_v2,cardboard,D:\HK7\Đồ án khóa luận\Data\raw\vn_trash\Carton\train_cardboard248.jpg,vn_trash,Carton,d0e00f0fe90f0fe3,True,exact_md5_duplicate
DUP_GROUP_0236,D:\HK7\Đồ án khóa luận\Data\raw\garbage_v2\cardboard\cardboard_156.jpg,garbage_v2,cardboard,D:\HK7\Đồ án khóa luận\Data\raw\vn_trash\Carton\train_cardboard76.jpg,vn_trash,Carton,e4ac07d83898c7bd,True,exact_md5_duplicate
DUP_GROUP_0237,D:\HK7\Đồ án khóa luận\Data\raw\garbage_v2\cardboard\cardboard_157.jpg,garbage_v2,cardboard,D:\HK7\Đồ án khóa luận\Data\raw\vn_trash\Carton\train_cardboard761.jpg,vn_trash,Carton,fab09123cedc6c85,True,exact_md5_duplicate
DUP_GROUP_0238,D:\HK7\Đồ án khóa luận\Data\raw\garbage_v2\cardboard\cardboard_158.jpg,garbage_v2,cardboard,D:\HK7\Đồ án khóa luận\Data\raw\vn_trash\Carton\test_cardboard 2005.jpg,vn_trash,Carton,a584f36df27c8324,True,exact_md5_duplicate
DUP_GROUP_0238,D:\HK7\Đồ án khóa luận\Data\raw\garbage_v2\cardboard\cardboard_158.jpg,garbage_v2,cardboard,D:\HK7\Đồ án khóa luận\Data\raw\vn_trash\Carton\train_cardboard858.jpg,vn_trash,Carton,a584f36df27c8324,True,exact_md5_duplicate
DUP_GROUP_0239,D:\HK7\Đồ án khóa luận\Data\raw\garbage_v2\cardboard\cardboard_162.jpg,garbage_v2,cardboard,D:\HK7\Đồ án khóa luận\Data\raw\vn_trash\Carton\train_cardboard465.jpg,vn_trash,Carton,84ea8b7998fa41a7,True,exact_md5_duplicate
DUP_GROUP_0240,D:\HK7\Đồ án khóa luận\Data\raw\garbage_v2\cardboard\cardboard_163.jpg,garbage_v2,cardboard,D:\HK7\Đồ án khóa luận\Data\raw\vn_trash\Carton\train_cardboard88.jpg,vn_trash,Carton,fef5c09ce10fd802,True,exact_md5_duplicate
DUP_GROUP_0241,D:\HK7\Đồ án khóa luận\Data\raw\garbage_v2\cardboard\cardboard_164.jpg,garbage_v2,cardboard,D:\HK7\Đồ án khóa luận\Data\raw\vn_trash\Carton\test_cardboard 2061.jpg,vn_trash,Carton,f0ff81e41f009b78,True,exact_md5_duplicate
DUP_GROUP_0241,D:\HK7\Đồ án khóa luận\Data\raw\garbage_v2\cardboard\cardboard_164.jpg,garbage_v2,cardboard,D:\HK7\Đồ án khóa luận\Data\raw\vn_trash\Carton\train_cardboard41.jpg,vn_trash,Carton,f0ff81e41f009b78,True,exact_md5_duplicate
DUP_GROUP_0242,D:\HK7\Đồ án khóa luận\Data\raw\garbage_v2\cardboard\cardboard_165.jpg,garbage_v2,cardboard,D:\HK7\Đồ án khóa luận\Data\raw\vn_trash\Carton\train_cardboard718.jpg,vn_trash,Carton,af3894c6d136c30f,True,exact_md5_duplicate
DUP_GROUP_0243,D:\HK7\Đồ án khóa luận\Data\raw\garbage_v2\cardboard\cardboard_166.jpg,garbage_v2,cardboard,D:\HK7\Đồ án khóa luận\Data\raw\vn_trash\Carton\train_cardboard605.jpg,vn_trash,Carton,dcc3973ca1c1ac3c,True,exact_md5_duplicate
DUP_GROUP_0244,D:\HK7\Đồ án khóa luận\Data\raw\garbage_v2\cardboard\cardboard_167.jpg,garbage_v2,cardboard,D:\HK7\Đồ án khóa luận\Data\raw\vn_trash\Carton\train_cardboard788.jpg,vn_trash,Carton,ebc090bf8787c174,True,exact_md5_duplicate
DUP_GROUP_0245,D:\HK7\Đồ án khóa luận\Data\raw\garbage_v2\cardboard\cardboard_173.jpg,garbage_v2,cardboard,D:\HK7\Đồ án khóa luận\Data\raw\vn_trash\Carton\train_cardboard161.jpg,vn_trash,Carton,d9eaa510f4e03dd4,True,exact_md5_duplicate
DUP_GROUP_0246,D:\HK7\Đồ án khóa luận\Data\raw\garbage_v2\cardboard\cardboard_176.jpg,garbage_v2,cardboard,D:\HK7\Đồ án khóa luận\Data\raw\vn_trash\Carton\train_cardboard786.jpg,vn_trash,Carton,839a5ef8bb21ca43,True,exact_md5_duplicate
DUP_GROUP_0247,D:\HK7\Đồ án khóa luận\Data\raw\garbage_v2\cardboard\cardboard_177.jpg,garbage_v2,cardboard,D:\HK7\Đồ án khóa luận\Data\raw\vn_trash\Carton\train_cardboard865.jpg,vn_trash,Carton,b4c5cb9acb9ac330,True,exact_md5_duplicate
DUP_GROUP_0248,D:\HK7\Đồ án khóa luận\Data\raw\garbage_v2\cardboard\cardboard_178.jpg,garbage_v2,cardboard,D:\HK7\Đồ án khóa luận\Data\raw\vn_trash\Carton\train_cardboard712.jpg,vn_trash,Carton,bfc4b23a912fc294,True,exact_md5_duplicate
DUP_GROUP_0249,D:\HK7\Đồ án khóa luận\Data\raw\garbage_v2\cardboard\cardboard_18.jpg,garbage_v2,cardboard,D:\HK7\Đồ án khóa luận\Data\raw\vn_trash\Carton\train_cardboard824.jpg,vn_trash,Carton,86ff7184f53b8049,True,exact_md5_duplicate
DUP_GROUP_0250,D:\HK7\Đồ án khóa luận\Data\raw\garbage_v2\cardboard\cardboard_180.jpg,garbage_v2,cardboard,D:\HK7\Đồ án khóa luận\Data\raw\vn_trash\Carton\train_cardboard692.jpg,vn_trash,Carton,b9d2c42dd33cc662,True,exact_md5_duplicate
DUP_GROUP_0251,D:\HK7\Đồ án khóa luận\Data\raw\garbage_v2\cardboard\cardboard_183.jpg,garbage_v2,cardboard,D:\HK7\Đồ án khóa luận\Data\raw\vn_trash\Carton\train_cardboard644.jpg,vn_trash,Carton,b1189e6745a69b1b,True,exact_md5_duplicate
DUP_GROUP_0252,D:\HK7\Đồ án khóa luận\Data\raw\garbage_v2\cardboard\cardboard_184.jpg,garbage_v2,cardboard,D:\HK7\Đồ án khóa luận\Data\raw\vn_trash\Carton\train_cardboard785.jpg,vn_trash,Carton,fd1e78533c1a6710,True,exact_md5_duplicate
DUP_GROUP_0253,D:\HK7\Đồ án khóa luận\Data\raw\garbage_v2\cardboard\cardboard_185.jpg,garbage_v2,cardboard,D:\HK7\Đồ án khóa luận\Data\raw\vn_trash\Carton\train_cardboard840.jpg,vn_trash,Carton,ea32946197cdda92,True,exact_md5_duplicate
DUP_GROUP_0254,D:\HK7\Đồ án khóa luận\Data\raw\garbage_v2\cardboard\cardboard_186.jpg,garbage_v2,cardboard,D:\HK7\Đồ án khóa luận\Data\raw\vn_trash\Carton\train_cardboard566.jpg,vn_trash,Carton,bf91c06ec5e652a8,True,exact_md5_duplicate
DUP_GROUP_0255,D:\HK7\Đồ án khóa luận\Data\raw\garbage_v2\cardboard\cardboard_187.jpg,garbage_v2,cardboard,D:\HK7\Đồ án khóa luận\Data\raw\vn_trash\Carton\train_cardboard 2375.jpg,vn_trash,Carton,ad9c1c1e0fe0c3e3,True,exact_md5_duplicate
DUP_GROUP_0255,D:\HK7\Đồ án khóa luận\Data\raw\garbage_v2\cardboard\cardboard_187.jpg,garbage_v2,cardboard,D:\HK7\Đồ án khóa luận\Data\raw\vn_trash\Carton\train_cardboard332.jpg,vn_trash,Carton,ad9c1c1e0fe0c3e3,True,exact_md5_duplicate
DUP_GROUP_0256,D:\HK7\Đồ án khóa luận\Data\raw\garbage_v2\cardboard\cardboard_189.jpg,garbage_v2,cardboard,D:\HK7\Đồ án khóa luận\Data\raw\vn_trash\Carton\train_cardboard463.jpg,vn_trash,Carton,f1989bcccc334731,True,exact_md5_duplicate
DUP_GROUP_0257,D:\HK7\Đồ án khóa luận\Data\raw\garbage_v2\cardboard\cardboard_191.jpg,garbage_v2,cardboard,D:\HK7\Đồ án khóa luận\Data\raw\vn_trash\Carton\train_cardboard99.jpg,vn_trash,Carton,ff1d8740942bd625,True,exact_md5_duplicate
DUP_GROUP_0258,D:\HK7\Đồ án khóa luận\Data\raw\garbage_v2\cardboard\cardboard_192.jpg,garbage_v2,cardboard,D:\HK7\Đồ án khóa luận\Data\raw\vn_trash\Carton\test_cardboard 1985.jpg,vn_trash,Carton,b39dc6e20e0db278,True,exact_md5_duplicate
DUP_GROUP_0258,D:\HK7\Đồ án khóa luận\Data\raw\garbage_v2\cardboard\cardboard_192.jpg,garbage_v2,cardboard,D:\HK7\Đồ án khóa luận\Data\raw\vn_trash\Carton\train_cardboard682.jpg,vn_trash,Carton,b39dc6e20e0db278,True,exact_md5_duplicate
DUP_GROUP_0259,D:\HK7\Đồ án khóa luận\Data\raw\garbage_v2\cardboard\cardboard_193.jpg,garbage_v2,cardboard,D:\HK7\Đồ án khóa luận\Data\raw\vn_trash\Carton\train_cardboard667.jpg,vn_trash,Carton,e4c7e634cb999930,True,exact_md5_duplicate
DUP_GROUP_0260,D:\HK7\Đồ án khóa luận\Data\raw\garbage_v2\cardboard\cardboard_194.jpg,garbage_v2,cardboard,D:\HK7\Đồ án khóa luận\Data\raw\vn_trash\Carton\train_cardboard503.jpg,vn_trash,Carton,94916e3a706cb3e5,True,exact_md5_duplicate
DUP_GROUP_0261,D:\HK7\Đồ án khóa luận\Data\raw\garbage_v2\cardboard\cardboard_196.jpg,garbage_v2,cardboard,D:\HK7\Đồ án khóa luận\Data\raw\vn_trash\Carton\train_cardboard617.jpg,vn_trash,Carton,cfc9b0324b493cb6,True,exact_md5_duplicate
DUP_GROUP_0262,D:\HK7\Đồ án khóa luận\Data\raw\garbage_v2\cardboard\cardboard_197.jpg,garbage_v2,cardboard,D:\HK7\Đồ án khóa luận\Data\raw\vn_trash\Carton\train_cardboard578.jpg,vn_trash,Carton,bff4c043c30fc92c,True,exact_md5_duplicate
DUP_GROUP_0263,D:\HK7\Đồ án khóa luận\Data\raw\garbage_v2\cardboard\cardboard_199.jpg,garbage_v2,cardboard,D:\HK7\Đồ án khóa luận\Data\raw\vn_trash\Carton\test_cardboard 2067.jpg,vn_trash,Carton,c56a915d2ab56a65,True,exact_md5_duplicate
DUP_GROUP_0263,D:\HK7\Đồ án khóa luận\Data\raw\garbage_v2\cardboard\cardboard_199.jpg,garbage_v2,cardboard,D:\HK7\Đồ án khóa luận\Data\raw\vn_trash\Carton\train_cardboard47.jpg,vn_trash,Carton,c56a915d2ab56a65,True,exact_md5_duplicate
DUP_GROUP_0264,D:\HK7\Đồ án khóa luận\Data\raw\garbage_v2\cardboard\cardboard_2.jpg,garbage_v2,cardboard,D:\HK7\Đồ án khóa luận\Data\raw\vn_trash\Carton\train_cardboard572.jpg,vn_trash,Carton,fa0fc1e095e095e5,True,exact_md5_duplicate
DUP_GROUP_0265,D:\HK7\Đồ án khóa luận\Data\raw\garbage_v2\cardboard\cardboard_20.jpg,garbage_v2,cardboard,D:\HK7\Đồ án khóa luận\Data\raw\vn_trash\Carton\train_cardboard453.jpg,vn_trash,Carton,ea3fc5b195c095c8,True,exact_md5_duplicate
DUP_GROUP_0266,D:\HK7\Đồ án khóa luận\Data\raw\garbage_v2\cardboard\cardboard_200.jpg,garbage_v2,cardboard,D:\HK7\Đồ án khóa luận\Data\raw\vn_trash\Carton\train_cardboard215.jpg,vn_trash,Carton,aaa6b556529a8b55,True,exact_md5_duplicate
DUP_GROUP_0267,D:\HK7\Đồ án khóa luận\Data\raw\garbage_v2\cardboard\cardboard_202.jpg,garbage_v2,cardboard,D:\HK7\Đồ án khóa luận\Data\raw\vn_trash\Carton\train_cardboard602.jpg,vn_trash,Carton,ade9c28d1ef8f003,True,exact_md5_duplicate
DUP_GROUP_0268,D:\HK7\Đồ án khóa luận\Data\raw\garbage_v2\cardboard\cardboard_204.jpg,garbage_v2,cardboard,D:\HK7\Đồ án khóa luận\Data\raw\vn_trash\Carton\train_cardboard725.jpg,vn_trash,Carton,e49988cd9b998bc6,True,exact_md5_duplicate
DUP_GROUP_0269,D:\HK7\Đồ án khóa luận\Data\raw\garbage_v2\cardboard\cardboard_208.jpg,garbage_v2,cardboard,D:\HK7\Đồ án khóa luận\Data\raw\vn_trash\Carton\train_cardboard678.jpg,vn_trash,Carton,ed92943c2b668e65,True,exact_md5_duplicate
DUP_GROUP_0270,D:\HK7\Đồ án khóa luận\Data\raw\garbage_v2\cardboard\cardboard_209.jpg,garbage_v2,cardboard,D:\HK7\Đồ án khóa luận\Data\raw\vn_trash\Carton\train_cardboard289.jpg,vn_trash,Carton,b7cec6839f3c9084,True,exact_md5_duplicate
DUP_GROUP_0271,D:\HK7\Đồ án khóa luận\Data\raw\garbage_v2\cardboard\cardboard_210.jpg,garbage_v2,cardboard,D:\HK7\Đồ án khóa luận\Data\raw\vn_trash\Carton\test_cardboard 1999.jpg,vn_trash,Carton,bea0c794dad8d258,True,exact_md5_duplicate
DUP_GROUP_0271,D:\HK7\Đồ án khóa luận\Data\raw\garbage_v2\cardboard\cardboard_210.jpg,garbage_v2,cardboard,D:\HK7\Đồ án khóa luận\Data\raw\vn_trash\Carton\train_cardboard815.jpg,vn_trash,Carton,bea0c794dad8d258,True,exact_md5_duplicate
DUP_GROUP_0272,D:\HK7\Đồ án khóa luận\Data\raw\garbage_v2\cardboard\cardboard_212.jpg,garbage_v2,cardboard,D:\HK7\Đồ án khóa luận\Data\raw\vn_trash\Carton\train_cardboard 37.jpg,vn_trash,Carton,ac2dc942c83bcf93,True,exact_md5_duplicate
DUP_GROUP_0272,D:\HK7\Đồ án khóa luận\Data\raw\garbage_v2\cardboard\cardboard_212.jpg,garbage_v2,cardboard,D:\HK7\Đồ án khóa luận\Data\raw\vn_trash\Carton\train_cardboard257.jpg,vn_trash,Carton,ac2dc942c83bcf93,True,exact_md5_duplicate
DUP_GROUP_0273,D:\HK7\Đồ án khóa luận\Data\raw\garbage_v2\cardboard\cardboard_213.jpg,garbage_v2,cardboard,D:\HK7\Đồ án khóa luận\Data\raw\vn_trash\Carton\train_cardboard 205.jpg,vn_trash,Carton,be9d84609aa5e8d6,False,near_phash_duplicate
DUP_GROUP_0273,D:\HK7\Đồ án khóa luận\Data\raw\garbage_v2\cardboard\cardboard_213.jpg,garbage_v2,cardboard,D:\HK7\Đồ án khóa luận\Data\raw\vn_trash\Carton\train_cardboard459.jpg,vn_trash,Carton,be9d84609aa5e8d6,True,exact_md5_duplicate
DUP_GROUP_0274,D:\HK7\Đồ án khóa luận\Data\raw\garbage_v2\cardboard\cardboard_215.jpg,garbage_v2,cardboard,D:\HK7\Đồ án khóa luận\Data\raw\vn_trash\Carton\train_cardboard536.jpg,vn_trash,Carton,af39b44ec6a5c252,True,exact_md5_duplicate
DUP_GROUP_0275,D:\HK7\Đồ án khóa luận\Data\raw\garbage_v2\cardboard\cardboard_216.jpg,garbage_v2,cardboard,D:\HK7\Đồ án khóa luận\Data\raw\vn_trash\Carton\test_cardboard 1957.jpg,vn_trash,Carton,f0d8cccce663c199,True,exact_md5_duplicate
DUP_GROUP_0275,D:\HK7\Đồ án khóa luận\Data\raw\garbage_v2\cardboard\cardboard_216.jpg,garbage_v2,cardboard,D:\HK7\Đồ án khóa luận\Data\raw\vn_trash\Carton\train_cardboard442.jpg,vn_trash,Carton,f0d8cccce663c199,True,exact_md5_duplicate
DUP_GROUP_0276,D:\HK7\Đồ án khóa luận\Data\raw\garbage_v2\cardboard\cardboard_220.jpg,garbage_v2,cardboard,D:\HK7\Đồ án khóa luận\Data\raw\vn_trash\Carton\train_cardboard177.jpg,vn_trash,Carton,dd02e0bdbac5aa1c,True,exact_md5_duplicate
DUP_GROUP_0277,D:\HK7\Đồ án khóa luận\Data\raw\garbage_v2\cardboard\cardboard_221.jpg,garbage_v2,cardboard,D:\HK7\Đồ án khóa luận\Data\raw\vn_trash\Carton\train_cardboard276.jpg,vn_trash,Carton,d0ae78560f0ef4e8,True,exact_md5_duplicate
DUP_GROUP_0278,D:\HK7\Đồ án khóa luận\Data\raw\garbage_v2\cardboard\cardboard_223.jpg,garbage_v2,cardboard,D:\HK7\Đồ án khóa luận\Data\raw\vn_trash\Carton\train_cardboard222.jpg,vn_trash,Carton,d16b23d605f405f6,True,exact_md5_duplicate
DUP_GROUP_0279,D:\HK7\Đồ án khóa luận\Data\raw\garbage_v2\cardboard\cardboard_224.jpg,garbage_v2,cardboard,D:\HK7\Đồ án khóa luận\Data\raw\vn_trash\Carton\train_cardboard155.jpg,vn_trash,Carton,f56825d3453ac536,True,exact_md5_duplicate
DUP_GROUP_0280,D:\HK7\Đồ án khóa luận\Data\raw\garbage_v2\cardboard\cardboard_225.jpg,garbage_v2,cardboard,D:\HK7\Đồ án khóa luận\Data\raw\vn_trash\Carton\train_cardboard487.jpg,vn_trash,Carton,ea80d7ff982888cd,True,exact_md5_duplicate
DUP_GROUP_0281,D:\HK7\Đồ án khóa luận\Data\raw\garbage_v2\cardboard\cardboard_232.jpg,garbage_v2,cardboard,D:\HK7\Đồ án khóa luận\Data\raw\vn_trash\Carton\train_cardboard85.jpg,vn_trash,Carton,daa56ad295d25295,True,exact_md5_duplicate
DUP_GROUP_0282,D:\HK7\Đồ án khóa luận\Data\raw\garbage_v2\cardboard\cardboard_233.jpg,garbage_v2,cardboard,D:\HK7\Đồ án khóa luận\Data\raw\vn_trash\Carton\train_cardboard643.jpg,vn_trash,Carton,ee16c1ea95e13615,True,exact_md5_duplicate
DUP_GROUP_0283,D:\HK7\Đồ án khóa luận\Data\raw\garbage_v2\cardboard\cardboard_234.jpg,garbage_v2,cardboard,D:\HK7\Đồ án khóa luận\Data\raw\vn_trash\Carton\train_cardboard330.jpg,vn_trash,Carton,91c89ee08bee9167,True,exact_md5_duplicate
DUP_GROUP_0284,D:\HK7\Đồ án khóa luận\Data\raw\garbage_v2\cardboard\cardboard_239.jpg,garbage_v2,cardboard,D:\HK7\Đồ án khóa luận\Data\raw\vn_trash\Carton\train_cardboard167.jpg,vn_trash,Carton,f3c39bb9919f8006,True,exact_md5_duplicate
DUP_GROUP_0285,D:\HK7\Đồ án khóa luận\Data\raw\garbage_v2\cardboard\cardboard_244.jpg,garbage_v2,cardboard,D:\HK7\Đồ án khóa luận\Data\raw\vn_trash\Carton\train_cardboard738.jpg,vn_trash,Carton,8067676e2f066d71,True,exact_md5_duplicate
DUP_GROUP_0286,D:\HK7\Đồ án khóa luận\Data\raw\garbage_v2\cardboard\cardboard_245.jpg,garbage_v2,cardboard,D:\HK7\Đồ án khóa luận\Data\raw\vn_trash\Carton\train_cardboard447.jpg,vn_trash,Carton,bec19827c81bc5b9,True,exact_md5_duplicate
DUP_GROUP_0287,D:\HK7\Đồ án khóa luận\Data\raw\garbage_v2\cardboard\cardboard_246.jpg,garbage_v2,cardboard,D:\HK7\Đồ án khóa luận\Data\raw\vn_trash\Carton\train_cardboard266.jpg,vn_trash,Carton,c09037e83f993d36,True,exact_md5_duplicate
DUP_GROUP_0288,D:\HK7\Đồ án khóa luận\Data\raw\garbage_v2\cardboard\cardboard_247.jpg,garbage_v2,cardboard,D:\HK7\Đồ án khóa luận\Data\raw\vn_trash\Carton\train_cardboard178.jpg,vn_trash,Carton,c0f45b67c44bcb19,True,exact_md5_duplicate
DUP_GROUP_0289,D:\HK7\Đồ án khóa luận\Data\raw\garbage_v2\cardboard\cardboard_249.jpg,garbage_v2,cardboard,D:\HK7\Đồ án khóa luận\Data\raw\vn_trash\Carton\train_cardboard520.jpg,vn_trash,Carton,bc49c3363dc9e232,True,exact_md5_duplicate
DUP_GROUP_0290,D:\HK7\Đồ án khóa luận\Data\raw\garbage_v2\cardboard\cardboard_25.jpg,garbage_v2,cardboard,D:\HK7\Đồ án khóa luận\Data\raw\vn_trash\Carton\train_cardboard695.jpg,vn_trash,Carton,eede91e811e108f5,True,exact_md5_duplicate
DUP_GROUP_0291,D:\HK7\Đồ án khóa luận\Data\raw\garbage_v2\cardboard\cardboard_252.jpg,garbage_v2,cardboard,D:\HK7\Đồ án khóa luận\Data\raw\vn_trash\Carton\train_cardboard128.jpg,vn_trash,Carton,ec919c3b2e6a6a68,True,exact_md5_duplicate
DUP_GROUP_0292,D:\HK7\Đồ án khóa luận\Data\raw\garbage_v2\cardboard\cardboard_253.jpg,garbage_v2,cardboard,D:\HK7\Đồ án khóa luận\Data\raw\vn_trash\Carton\train_cardboard193.jpg,vn_trash,Carton,807fc09f7fc0913c,True,exact_md5_duplicate
DUP_GROUP_0293,D:\HK7\Đồ án khóa luận\Data\raw\garbage_v2\cardboard\cardboard_261.jpg,garbage_v2,cardboard,D:\HK7\Đồ án khóa luận\Data\raw\vn_trash\Carton\test_cardboard 2036.jpg,vn_trash,Carton,fcc5c034c93a368f,True,exact_md5_duplicate
DUP_GROUP_0293,D:\HK7\Đồ án khóa luận\Data\raw\garbage_v2\cardboard\cardboard_261.jpg,garbage_v2,cardboard,D:\HK7\Đồ án khóa luận\Data\raw\vn_trash\Carton\train_cardboard19.jpg,vn_trash,Carton,fcc5c034c93a368f,True,exact_md5_duplicate
DUP_GROUP_0294,D:\HK7\Đồ án khóa luận\Data\raw\garbage_v2\cardboard\cardboard_263.jpg,garbage_v2,cardboard,D:\HK7\Đồ án khóa luận\Data\raw\vn_trash\Carton\train_cardboard808.jpg,vn_trash,Carton,886bc8ce12f4e7c5,True,exact_md5_duplicate
DUP_GROUP_0295,D:\HK7\Đồ án khóa luận\Data\raw\garbage_v2\cardboard\cardboard_264.jpg,garbage_v2,cardboard,D:\HK7\Đồ án khóa luận\Data\raw\vn_trash\Carton\train_cardboard707.jpg,vn_trash,Carton,af929039da64ced4,True,exact_md5_duplicate
DUP_GROUP_0296,D:\HK7\Đồ án khóa luận\Data\raw\garbage_v2\cardboard\cardboard_265.jpg,garbage_v2,cardboard,D:\HK7\Đồ án khóa luận\Data\raw\vn_trash\Carton\train_cardboard819.jpg,vn_trash,Carton,fb2b8794b8ca4946,True,exact_md5_duplicate
DUP_GROUP_0297,D:\HK7\Đồ án khóa luận\Data\raw\garbage_v2\cardboard\cardboard_266.jpg,garbage_v2,cardboard,D:\HK7\Đồ án khóa luận\Data\raw\vn_trash\Carton\train_cardboard104.jpg,vn_trash,Carton,dfc7884ea193cc98,True,exact_md5_duplicate
DUP_GROUP_0298,D:\HK7\Đồ án khóa luận\Data\raw\garbage_v2\cardboard\cardboard_268.jpg,garbage_v2,cardboard,D:\HK7\Đồ án khóa luận\Data\raw\vn_trash\Carton\test_cardboard 1953.jpg,vn_trash,Carton,99e38c33c6c96798,True,exact_md5_duplicate
DUP_GROUP_0298,D:\HK7\Đồ án khóa luận\Data\raw\garbage_v2\cardboard\cardboard_268.jpg,garbage_v2,cardboard,D:\HK7\Đồ án khóa luận\Data\raw\vn_trash\Carton\train_cardboard399.jpg,vn_trash,Carton,99e38c33c6c96798,True,exact_md5_duplicate
DUP_GROUP_0299,D:\HK7\Đồ án khóa luận\Data\raw\garbage_v2\cardboard\cardboard_270.jpg,garbage_v2,cardboard,D:\HK7\Đồ án khóa luận\Data\raw\vn_trash\Carton\train_cardboard632.jpg,vn_trash,Carton,bf6a9034c89bc4cd,True,exact_md5_duplicate
DUP_GROUP_0300,D:\HK7\Đồ án khóa luận\Data\raw\garbage_v2\cardboard\cardboard_274.jpg,garbage_v2,cardboard,D:\HK7\Đồ án khóa luận\Data\raw\vn_trash\Carton\train_cardboard219.jpg,vn_trash,Carton,e74f99b0f2d0f090,True,exact_md5_duplicate
DUP_GROUP_0301,D:\HK7\Đồ án khóa luận\Data\raw\garbage_v2\cardboard\cardboard_279.jpg,garbage_v2,cardboard,D:\HK7\Đồ án khóa luận\Data\raw\vn_trash\Carton\train_cardboard141.jpg,vn_trash,Carton,c0ffdff393210121,True,exact_md5_duplicate
DUP_GROUP_0302,D:\HK7\Đồ án khóa luận\Data\raw\garbage_v2\cardboard\cardboard_28.jpg,garbage_v2,cardboard,D:\HK7\Đồ án khóa luận\Data\raw\vn_trash\Carton\test_cardboard 2027.jpg,vn_trash,Carton,ef8f8084a5f0f07a,True,exact_md5_duplicate
DUP_GROUP_0302,D:\HK7\Đồ án khóa luận\Data\raw\garbage_v2\cardboard\cardboard_28.jpg,garbage_v2,cardboard,D:\HK7\Đồ án khóa luận\Data\raw\vn_trash\Carton\train_cardboard9.jpg,vn_trash,Carton,ef8f8084a5f0f07a,True,exact_md5_duplicate
DUP_GROUP_0303,D:\HK7\Đồ án khóa luận\Data\raw\garbage_v2\cardboard\cardboard_281.jpg,garbage_v2,cardboard,D:\HK7\Đồ án khóa luận\Data\raw\vn_trash\Carton\train_cardboard70.jpg,vn_trash,Carton,cfd0d36f3a2a80d4,True,exact_md5_duplicate
DUP_GROUP_0304,D:\HK7\Đồ án khóa luận\Data\raw\garbage_v2\cardboard\cardboard_283.jpg,garbage_v2,cardboard,D:\HK7\Đồ án khóa luận\Data\raw\vn_trash\Carton\train_cardboard 35.jpg,vn_trash,Carton,80b3a09f7b80679f,True,exact_md5_duplicate
DUP_GROUP_0304,D:\HK7\Đồ án khóa luận\Data\raw\garbage_v2\cardboard\cardboard_283.jpg,garbage_v2,cardboard,D:\HK7\Đồ án khóa luận\Data\raw\vn_trash\Carton\train_cardboard246.jpg,vn_trash,Carton,80b3a09f7b80679f,True,exact_md5_duplicate
DUP_GROUP_0305,D:\HK7\Đồ án khóa luận\Data\raw\garbage_v2\cardboard\cardboard_284.jpg,garbage_v2,cardboard,D:\HK7\Đồ án khóa luận\Data\raw\vn_trash\Carton\train_cardboard677.jpg,vn_trash,Carton,fabe8511d1e1169c,True,exact_md5_duplicate
DUP_GROUP_0306,D:\HK7\Đồ án khóa luận\Data\raw\garbage_v2\cardboard\cardboard_285.jpg,garbage_v2,cardboard,D:\HK7\Đồ án khóa luận\Data\raw\vn_trash\Carton\train_cardboard224.jpg,vn_trash,Carton,f93e1e878f832449,True,exact_md5_duplicate
DUP_GROUP_0307,D:\HK7\Đồ án khóa luận\Data\raw\garbage_v2\cardboard\cardboard_288.jpg,garbage_v2,cardboard,D:\HK7\Đồ án khóa luận\Data\raw\vn_trash\Carton\train_cardboard79.jpg,vn_trash,Carton,dd2baad6d425294a,True,exact_md5_duplicate
DUP_GROUP_0308,D:\HK7\Đồ án khóa luận\Data\raw\garbage_v2\cardboard\cardboard_289.jpg,garbage_v2,cardboard,D:\HK7\Đồ án khóa luận\Data\raw\vn_trash\Carton\train_cardboard137.jpg,vn_trash,Carton,c69333ec04c6d373,True,exact_md5_duplicate
DUP_GROUP_0309,D:\HK7\Đồ án khóa luận\Data\raw\garbage_v2\cardboard\cardboard_29.jpg,garbage_v2,cardboard,D:\HK7\Đồ án khóa luận\Data\raw\vn_trash\Carton\train_cardboard798.jpg,vn_trash,Carton,bf94d02ac46fc07a,True,exact_md5_duplicate
DUP_GROUP_0310,D:\HK7\Đồ án khóa luận\Data\raw\garbage_v2\cardboard\cardboard_294.jpg,garbage_v2,cardboard,D:\HK7\Đồ án khóa luận\Data\raw\vn_trash\Carton\train_cardboard 46.jpg,vn_trash,Carton,b1c32713ce321dce,True,exact_md5_duplicate
DUP_GROUP_0310,D:\HK7\Đồ án khóa luận\Data\raw\garbage_v2\cardboard\cardboard_294.jpg,garbage_v2,cardboard,D:\HK7\Đồ án khóa luận\Data\raw\vn_trash\Carton\train_cardboard346.jpg,vn_trash,Carton,b1c32713ce321dce,True,exact_md5_duplicate
DUP_GROUP_0311,D:\HK7\Đồ án khóa luận\Data\raw\garbage_v2\cardboard\cardboard_296.jpg,garbage_v2,cardboard,D:\HK7\Đồ án khóa luận\Data\raw\vn_trash\Carton\train_cardboard87.jpg,vn_trash,Carton,f21180c8d593eef5,True,exact_md5_duplicate
DUP_GROUP_0312,D:\HK7\Đồ án khóa luận\Data\raw\garbage_v2\cardboard\cardboard_299.jpg,garbage_v2,cardboard,D:\HK7\Đồ án khóa luận\Data\raw\vn_trash\Carton\train_cardboard241.jpg,vn_trash,Carton,b366666c6e4d6c60,True,exact_md5_duplicate
DUP_GROUP_0313,D:\HK7\Đồ án khóa luận\Data\raw\garbage_v2\cardboard\cardboard_3.jpg,garbage_v2,cardboard,D:\HK7\Đồ án khóa luận\Data\raw\vn_trash\Carton\train_cardboard131.jpg,vn_trash,Carton,f8879ee1733c1e80,True,exact_md5_duplicate
DUP_GROUP_0314,D:\HK7\Đồ án khóa luận\Data\raw\garbage_v2\cardboard\cardboard_300.jpg,garbage_v2,cardboard,D:\HK7\Đồ án khóa luận\Data\raw\vn_trash\Carton\train_cardboard569.jpg,vn_trash,Carton,e96a96952c1b6b68,True,exact_md5_duplicate
DUP_GROUP_0315,D:\HK7\Đồ án khóa luận\Data\raw\garbage_v2\cardboard\cardboard_301.jpg,garbage_v2,cardboard,D:\HK7\Đồ án khóa luận\Data\raw\vn_trash\Carton\train_cardboard71.jpg,vn_trash,Carton,c5b70dcf8c4610bb,True,exact_md5_duplicate
DUP_GROUP_0316,D:\HK7\Đồ án khóa luận\Data\raw\garbage_v2\cardboard\cardboard_302.jpg,garbage_v2,cardboard,D:\HK7\Đồ án khóa luận\Data\raw\vn_trash\Carton\test_cardboard 2054.jpg,vn_trash,Carton,f28cc31c9bc1998f,True,exact_md5_duplicate
DUP_GROUP_0316,D:\HK7\Đồ án khóa luận\Data\raw\garbage_v2\cardboard\cardboard_302.jpg,garbage_v2,cardboard,D:\HK7\Đồ án khóa luận\Data\raw\vn_trash\Carton\train_cardboard34.jpg,vn_trash,Carton,f28cc31c9bc1998f,True,exact_md5_duplicate
DUP_GROUP_0317,D:\HK7\Đồ án khóa luận\Data\raw\garbage_v2\cardboard\cardboard_303.jpg,garbage_v2,cardboard,D:\HK7\Đồ án khóa luận\Data\raw\vn_trash\Carton\train_cardboard433.jpg,vn_trash,Carton,ee4bc4e593321927,True,exact_md5_duplicate
DUP_GROUP_0318,D:\HK7\Đồ án khóa luận\Data\raw\garbage_v2\cardboard\cardboard_304.jpg,garbage_v2,cardboard,D:\HK7\Đồ án khóa luận\Data\raw\vn_trash\Carton\train_cardboard628.jpg,vn_trash,Carton,af3a9ce4cac36138,True,exact_md5_duplicate
DUP_GROUP_0319,D:\HK7\Đồ án khóa luận\Data\raw\garbage_v2\cardboard\cardboard_306.jpg,garbage_v2,cardboard,D:\HK7\Đồ án khóa luận\Data\raw\vn_trash\Carton\train_cardboard149.jpg,vn_trash,Carton,f7ea9838c0c3c786,True,exact_md5_duplicate
DUP_GROUP_0320,D:\HK7\Đồ án khóa luận\Data\raw\garbage_v2\cardboard\cardboard_307.jpg,garbage_v2,cardboard,D:\HK7\Đồ án khóa luận\Data\raw\vn_trash\Carton\train_cardboard95.jpg,vn_trash,Carton,cdd1a64a4996b25b,True,exact_md5_duplicate
DUP_GROUP_0321,D:\HK7\Đồ án khóa luận\Data\raw\garbage_v2\cardboard\cardboard_308.jpg,garbage_v2,cardboard,D:\HK7\Đồ án khóa luận\Data\raw\vn_trash\Carton\train_cardboard603.jpg,vn_trash,Carton,ae2f9496d36a6321,True,exact_md5_duplicate
DUP_GROUP_0322,D:\HK7\Đồ án khóa luận\Data\raw\garbage_v2\cardboard\cardboard_309.jpg,garbage_v2,cardboard,D:\HK7\Đồ án khóa luận\Data\raw\vn_trash\Carton\train_cardboard159.jpg,vn_trash,Carton,d28321fc7cc3473c,True,exact_md5_duplicate
DUP_GROUP_0323,D:\HK7\Đồ án khóa luận\Data\raw\garbage_v2\cardboard\cardboard_31.jpg,garbage_v2,cardboard,D:\HK7\Đồ án khóa luận\Data\raw\vn_trash\Carton\train_cardboard15.jpg,vn_trash,Carton,eb2ad4ed34d2c894,True,exact_md5_duplicate
DUP_GROUP_0324,D:\HK7\Đồ án khóa luận\Data\raw\garbage_v2\cardboard\cardboard_310.jpg,garbage_v2,cardboard,D:\HK7\Đồ án khóa luận\Data\raw\vn_trash\Carton\train_cardboard877.jpg,vn_trash,Carton,f463dbdb81146cc8,True,exact_md5_duplicate
DUP_GROUP_0325,D:\HK7\Đồ án khóa luận\Data\raw\garbage_v2\cardboard\cardboard_311.jpg,garbage_v2,cardboard,D:\HK7\Đồ án khóa luận\Data\raw\vn_trash\Carton\train_cardboard122.jpg,vn_trash,Carton,fec182af6668191b,True,exact_md5_duplicate
DUP_GROUP_0326,D:\HK7\Đồ án khóa luận\Data\raw\garbage_v2\cardboard\cardboard_314.jpg,garbage_v2,cardboard,D:\HK7\Đồ án khóa luận\Data\raw\vn_trash\Carton\train_cardboard164.jpg,vn_trash,Carton,d7a5a8f05883378b,True,exact_md5_duplicate
DUP_GROUP_0327,D:\HK7\Đồ án khóa luận\Data\raw\garbage_v2\cardboard\cardboard_315.jpg,garbage_v2,cardboard,D:\HK7\Đồ án khóa luận\Data\raw\vn_trash\Carton\train_cardboard267.jpg,vn_trash,Carton,d5bc9ac3436324bc,True,exact_md5_duplicate
DUP_GROUP_0328,D:\HK7\Đồ án khóa luận\Data\raw\garbage_v2\cardboard\cardboard_317.jpg,garbage_v2,cardboard,D:\HK7\Đồ án khóa luận\Data\raw\vn_trash\Carton\train_cardboard754.jpg,vn_trash,Carton,827c85156bca93f5,True,exact_md5_duplicate
DUP_GROUP_0329,D:\HK7\Đồ án khóa luận\Data\raw\garbage_v2\cardboard\cardboard_318.jpg,garbage_v2,cardboard,D:\HK7\Đồ án khóa luận\Data\raw\vn_trash\Carton\train_cardboard615.jpg,vn_trash,Carton,f36ccc3330cf9318,True,exact_md5_duplicate
DUP_GROUP_0330,D:\HK7\Đồ án khóa luận\Data\raw\garbage_v2\cardboard\cardboard_319.jpg,garbage_v2,cardboard,D:\HK7\Đồ án khóa luận\Data\raw\vn_trash\Carton\train_cardboard 42.jpg,vn_trash,Carton,e24c96399ad39966,True,exact_md5_duplicate
DUP_GROUP_0330,D:\HK7\Đồ án khóa luận\Data\raw\garbage_v2\cardboard\cardboard_319.jpg,garbage_v2,cardboard,D:\HK7\Đồ án khóa luận\Data\raw\vn_trash\Carton\train_cardboard301.jpg,vn_trash,Carton,e24c96399ad39966,True,exact_md5_duplicate
DUP_GROUP_0331,D:\HK7\Đồ án khóa luận\Data\raw\garbage_v2\cardboard\cardboard_32.jpg,garbage_v2,cardboard,D:\HK7\Đồ án khóa luận\Data\raw\vn_trash\Carton\train_cardboard862.jpg,vn_trash,Carton,b8d1d03d793a8595,True,exact_md5_duplicate
DUP_GROUP_0332,D:\HK7\Đồ án khóa luận\Data\raw\garbage_v2\cardboard\cardboard_324.jpg,garbage_v2,cardboard,D:\HK7\Đồ án khóa luận\Data\raw\vn_trash\Carton\train_cardboard567.jpg,vn_trash,Carton,bd83f28686f9f018,True,exact_md5_duplicate
DUP_GROUP_0333,D:\HK7\Đồ án khóa luận\Data\raw\garbage_v2\cardboard\cardboard_325.jpg,garbage_v2,cardboard,D:\HK7\Đồ án khóa luận\Data\raw\vn_trash\Carton\test_cardboard 2072.jpg,vn_trash,Carton,aa5a14e9360ff01f,True,exact_md5_duplicate
DUP_GROUP_0333,D:\HK7\Đồ án khóa luận\Data\raw\garbage_v2\cardboard\cardboard_325.jpg,garbage_v2,cardboard,D:\HK7\Đồ án khóa luận\Data\raw\vn_trash\Carton\train_cardboard51.jpg,vn_trash,Carton,aa5a14e9360ff01f,True,exact_md5_duplicate
DUP_GROUP_0334,D:\HK7\Đồ án khóa luận\Data\raw\garbage_v2\cardboard\cardboard_327.jpg,garbage_v2,cardboard,D:\HK7\Đồ án khóa luận\Data\raw\vn_trash\Carton\train_cardboard696.jpg,vn_trash,Carton,e49993649c6599b6,True,exact_md5_duplicate
DUP_GROUP_0335,D:\HK7\Đồ án khóa luận\Data\raw\garbage_v2\cardboard\cardboard_328.jpg,garbage_v2,cardboard,D:\HK7\Đồ án khóa luận\Data\raw\vn_trash\Carton\train_cardboard189.jpg,vn_trash,Carton,f16aa38cd3cc6638,True,exact_md5_duplicate
DUP_GROUP_0336,D:\HK7\Đồ án khóa luận\Data\raw\garbage_v2\cardboard\cardboard_329.jpg,garbage_v2,cardboard,D:\HK7\Đồ án khóa luận\Data\raw\vn_trash\Carton\train_cardboard674.jpg,vn_trash,Carton,ec1992e6690e6739,True,exact_md5_duplicate
DUP_GROUP_0337,D:\HK7\Đồ án khóa luận\Data\raw\garbage_v2\cardboard\cardboard_330.jpg,garbage_v2,cardboard,D:\HK7\Đồ án khóa luận\Data\raw\vn_trash\Carton\train_cardboard280.jpg,vn_trash,Carton,b3cc1b189cd33c87,True,exact_md5_duplicate
DUP_GROUP_0338,D:\HK7\Đồ án khóa luận\Data\raw\garbage_v2\cardboard\cardboard_331.jpg,garbage_v2,cardboard,D:\HK7\Đồ án khóa luận\Data\raw\vn_trash\Carton\train_cardboard698.jpg,vn_trash,Carton,fe879077c3c88878,True,exact_md5_duplicate
DUP_GROUP_0339,D:\HK7\Đồ án khóa luận\Data\raw\garbage_v2\cardboard\cardboard_332.jpg,garbage_v2,cardboard,D:\HK7\Đồ án khóa luận\Data\raw\vn_trash\Carton\train_cardboard32.jpg,vn_trash,Carton,f8b1e6cee009ce38,True,exact_md5_duplicate
DUP_GROUP_0340,D:\HK7\Đồ án khóa luận\Data\raw\garbage_v2\cardboard\cardboard_334.jpg,garbage_v2,cardboard,D:\HK7\Đồ án khóa luận\Data\raw\vn_trash\Carton\train_cardboard760.jpg,vn_trash,Carton,e18e96717866cd91,True,exact_md5_duplicate
DUP_GROUP_0341,D:\HK7\Đồ án khóa luận\Data\raw\garbage_v2\cardboard\cardboard_335.jpg,garbage_v2,cardboard,D:\HK7\Đồ án khóa luận\Data\raw\vn_trash\Carton\train_cardboard770.jpg,vn_trash,Carton,d96b2ac7dec23881,True,exact_md5_duplicate
DUP_GROUP_0342,D:\HK7\Đồ án khóa luận\Data\raw\garbage_v2\cardboard\cardboard_336.jpg,garbage_v2,cardboard,D:\HK7\Đồ án khóa luận\Data\raw\vn_trash\Carton\test_cardboard 1980.jpg,vn_trash,Carton,a4b55a8b916c749b,True,exact_md5_duplicate
DUP_GROUP_0342,D:\HK7\Đồ án khóa luận\Data\raw\garbage_v2\cardboard\cardboard_336.jpg,garbage_v2,cardboard,D:\HK7\Đồ án khóa luận\Data\raw\vn_trash\Carton\train_cardboard638.jpg,vn_trash,Carton,a4b55a8b916c749b,True,exact_md5_duplicate
DUP_GROUP_0343,D:\HK7\Đồ án khóa luận\Data\raw\garbage_v2\cardboard\cardboard_337.jpg,garbage_v2,cardboard,D:\HK7\Đồ án khóa luận\Data\raw\vn_trash\Carton\train_cardboard471.jpg,vn_trash,Carton,d8ee35c1ab900fb8,True,exact_md5_duplicate
DUP_GROUP_0344,D:\HK7\Đồ án khóa luận\Data\raw\garbage_v2\cardboard\cardboard_339.jpg,garbage_v2,cardboard,D:\HK7\Đồ án khóa luận\Data\raw\vn_trash\Carton\train_cardboard7.jpg,vn_trash,Carton,d2fd8d5106c62373,True,exact_md5_duplicate
DUP_GROUP_0345,D:\HK7\Đồ án khóa luận\Data\raw\garbage_v2\cardboard\cardboard_340.jpg,garbage_v2,cardboard,D:\HK7\Đồ án khóa luận\Data\raw\vn_trash\Carton\train_cardboard658.jpg,vn_trash,Carton,ad9ac668ce319a87,True,exact_md5_duplicate
DUP_GROUP_0346,D:\HK7\Đồ án khóa luận\Data\raw\garbage_v2\cardboard\cardboard_341.jpg,garbage_v2,cardboard,D:\HK7\Đồ án khóa luận\Data\raw\vn_trash\Carton\train_cardboard247.jpg,vn_trash,Carton,ff5f822a8995a894,True,exact_md5_duplicate
DUP_GROUP_0347,D:\HK7\Đồ án khóa luận\Data\raw\garbage_v2\cardboard\cardboard_342.jpg,garbage_v2,cardboard,D:\HK7\Đồ án khóa luận\Data\raw\vn_trash\Carton\train_cardboard733.jpg,vn_trash,Carton,bec00537560f583f,True,exact_md5_duplicate
DUP_GROUP_0348,D:\HK7\Đồ án khóa luận\Data\raw\garbage_v2\cardboard\cardboard_343.jpg,garbage_v2,cardboard,D:\HK7\Đồ án khóa luận\Data\raw\vn_trash\Carton\train_cardboard633.jpg,vn_trash,Carton,eec0941bdb35c8b1,True,exact_md5_duplicate
DUP_GROUP_0349,D:\HK7\Đồ án khóa luận\Data\raw\garbage_v2\cardboard\cardboard_346.jpg,garbage_v2,cardboard,D:\HK7\Đồ án khóa luận\Data\raw\vn_trash\Carton\train_cardboard723.jpg,vn_trash,Carton,d44a01ef96693e36,True,exact_md5_duplicate
DUP_GROUP_0350,D:\HK7\Đồ án khóa luận\Data\raw\garbage_v2\cardboard\cardboard_348.jpg,garbage_v2,cardboard,D:\HK7\Đồ án khóa luận\Data\raw\vn_trash\Carton\train_cardboard317.jpg,vn_trash,Carton,a95b76643f68300f,True,exact_md5_duplicate
DUP_GROUP_0351,D:\HK7\Đồ án khóa luận\Data\raw\garbage_v2\cardboard\cardboard_351.jpg,garbage_v2,cardboard,D:\HK7\Đồ án khóa luận\Data\raw\vn_trash\Carton\train_cardboard702.jpg,vn_trash,Carton,ecc783399c963968,True,exact_md5_duplicate
DUP_GROUP_0352,D:\HK7\Đồ án khóa luận\Data\raw\garbage_v2\cardboard\cardboard_356.jpg,garbage_v2,cardboard,D:\HK7\Đồ án khóa luận\Data\raw\vn_trash\Carton\train_cardboard841.jpg,vn_trash,Carton,fe11807a97d27895,True,exact_md5_duplicate
DUP_GROUP_0353,D:\HK7\Đồ án khóa luận\Data\raw\garbage_v2\cardboard\cardboard_357.jpg,garbage_v2,cardboard,D:\HK7\Đồ án khóa luận\Data\raw\vn_trash\Carton\train_cardboard118.jpg,vn_trash,Carton,ec33fc07d83684b4,True,exact_md5_duplicate
DUP_GROUP_0354,D:\HK7\Đồ án khóa luận\Data\raw\garbage_v2\cardboard\cardboard_358.jpg,garbage_v2,cardboard,D:\HK7\Đồ án khóa luận\Data\raw\vn_trash\Carton\train_cardboard593.jpg,vn_trash,Carton,ea3e95c14a0e3db1,True,exact_md5_duplicate
DUP_GROUP_0355,D:\HK7\Đồ án khóa luận\Data\raw\garbage_v2\cardboard\cardboard_36.jpg,garbage_v2,cardboard,D:\HK7\Đồ án khóa luận\Data\raw\vn_trash\Carton\train_cardboard169.jpg,vn_trash,Carton,c41b24e2c1e0fefc,True,exact_md5_duplicate
DUP_GROUP_0356,D:\HK7\Đồ án khóa luận\Data\raw\garbage_v2\cardboard\cardboard_361.jpg,garbage_v2,cardboard,D:\HK7\Đồ án khóa luận\Data\raw\vn_trash\Carton\train_cardboard242.jpg,vn_trash,Carton,c0c06035cbe53fcf,True,exact_md5_duplicate
DUP_GROUP_0357,D:\HK7\Đồ án khóa luận\Data\raw\garbage_v2\cardboard\cardboard_363.jpg,garbage_v2,cardboard,D:\HK7\Đồ án khóa luận\Data\raw\vn_trash\Carton\train_cardboard672.jpg,vn_trash,Carton,edc3c60d3c309a4f,True,exact_md5_duplicate
DUP_GROUP_0358,D:\HK7\Đồ án khóa luận\Data\raw\garbage_v2\cardboard\cardboard_364.jpg,garbage_v2,cardboard,D:\HK7\Đồ án khóa luận\Data\raw\vn_trash\Carton\train_cardboard681.jpg,vn_trash,Carton,fa9cc4c23836936d,True,exact_md5_duplicate
DUP_GROUP_0359,D:\HK7\Đồ án khóa luận\Data\raw\garbage_v2\cardboard\cardboard_366.jpg,garbage_v2,cardboard,D:\HK7\Đồ án khóa luận\Data\raw\vn_trash\Carton\train_cardboard509.jpg,vn_trash,Carton,b03deeef118c1683,True,exact_md5_duplicate
DUP_GROUP_0360,D:\HK7\Đồ án khóa luận\Data\raw\garbage_v2\cardboard\cardboard_368.jpg,garbage_v2,cardboard,D:\HK7\Đồ án khóa luận\Data\raw\vn_trash\Carton\train_cardboard820.jpg,vn_trash,Carton,dd2f265261bc5728,True,exact_md5_duplicate
DUP_GROUP_0361,D:\HK7\Đồ án khóa luận\Data\raw\garbage_v2\cardboard\cardboard_373.jpg,garbage_v2,cardboard,D:\HK7\Đồ án khóa luận\Data\raw\vn_trash\Carton\train_cardboard752.jpg,vn_trash,Carton,d5aa18a95554e7a5,True,exact_md5_duplicate
DUP_GROUP_0362,D:\HK7\Đồ án khóa luận\Data\raw\garbage_v2\cardboard\cardboard_374.jpg,garbage_v2,cardboard,D:\HK7\Đồ án khóa luận\Data\raw\vn_trash\Carton\train_cardboard307.jpg,vn_trash,Carton,d62ca5cc2f4ca1dc,True,exact_md5_duplicate
DUP_GROUP_0363,D:\HK7\Đồ án khóa luận\Data\raw\garbage_v2\cardboard\cardboard_375.jpg,garbage_v2,cardboard,D:\HK7\Đồ án khóa luận\Data\raw\vn_trash\Carton\train_cardboard208.jpg,vn_trash,Carton,ef4f4eb130f00cf0,True,exact_md5_duplicate
DUP_GROUP_0364,D:\HK7\Đồ án khóa luận\Data\raw\garbage_v2\cardboard\cardboard_376.jpg,garbage_v2,cardboard,D:\HK7\Đồ án khóa luận\Data\raw\vn_trash\Carton\train_cardboard647.jpg,vn_trash,Carton,ceb50bd42b50af52,True,exact_md5_duplicate
DUP_GROUP_0365,D:\HK7\Đồ án khóa luận\Data\raw\garbage_v2\cardboard\cardboard_378.jpg,garbage_v2,cardboard,D:\HK7\Đồ án khóa luận\Data\raw\vn_trash\Carton\train_cardboard 38.jpg,vn_trash,Carton,f62a7add8565c092,True,exact_md5_duplicate
DUP_GROUP_0365,D:\HK7\Đồ án khóa luận\Data\raw\garbage_v2\cardboard\cardboard_378.jpg,garbage_v2,cardboard,D:\HK7\Đồ án khóa luận\Data\raw\vn_trash\Carton\train_cardboard268.jpg,vn_trash,Carton,f62a7add8565c092,True,exact_md5_duplicate
DUP_GROUP_0366,D:\HK7\Đồ án khóa luận\Data\raw\garbage_v2\cardboard\cardboard_379.jpg,garbage_v2,cardboard,D:\HK7\Đồ án khóa luận\Data\raw\vn_trash\Carton\train_cardboard600.jpg,vn_trash,Carton,add2d02dc22e3dd8,True,exact_md5_duplicate
DUP_GROUP_0367,D:\HK7\Đồ án khóa luận\Data\raw\garbage_v2\cardboard\cardboard_380.jpg,garbage_v2,cardboard,D:\HK7\Đồ án khóa luận\Data\raw\vn_trash\Carton\train_cardboard278.jpg,vn_trash,Carton,87c1e0f0e8b8e3bc,True,exact_md5_duplicate
DUP_GROUP_0368,D:\HK7\Đồ án khóa luận\Data\raw\garbage_v2\cardboard\cardboard_381.jpg,garbage_v2,cardboard,D:\HK7\Đồ án khóa luận\Data\raw\vn_trash\Carton\test_cardboard 1994.jpg,vn_trash,Carton,f18686b28babca5a,True,exact_md5_duplicate
DUP_GROUP_0368,D:\HK7\Đồ án khóa luận\Data\raw\garbage_v2\cardboard\cardboard_381.jpg,garbage_v2,cardboard,D:\HK7\Đồ án khóa luận\Data\raw\vn_trash\Carton\train_cardboard759.jpg,vn_trash,Carton,f18686b28babca5a,True,exact_md5_duplicate
DUP_GROUP_0369,D:\HK7\Đồ án khóa luận\Data\raw\garbage_v2\cardboard\cardboard_383.jpg,garbage_v2,cardboard,D:\HK7\Đồ án khóa luận\Data\raw\vn_trash\Carton\train_cardboard734.jpg,vn_trash,Carton,fe9a93089af9e882,True,exact_md5_duplicate
DUP_GROUP_0370,D:\HK7\Đồ án khóa luận\Data\raw\garbage_v2\cardboard\cardboard_384.jpg,garbage_v2,cardboard,D:\HK7\Đồ án khóa luận\Data\raw\vn_trash\Carton\train_cardboard127.jpg,vn_trash,Carton,80fcdc486e9b7613,True,exact_md5_duplicate
DUP_GROUP_0371,D:\HK7\Đồ án khóa luận\Data\raw\garbage_v2\cardboard\cardboard_387.jpg,garbage_v2,cardboard,D:\HK7\Đồ án khóa luận\Data\raw\vn_trash\Carton\train_cardboard495.jpg,vn_trash,Carton,bf6ed2910c706c9a,True,exact_md5_duplicate
DUP_GROUP_0372,D:\HK7\Đồ án khóa luận\Data\raw\garbage_v2\cardboard\cardboard_388.jpg,garbage_v2,cardboard,D:\HK7\Đồ án khóa luận\Data\raw\vn_trash\Carton\train_cardboard86.jpg,vn_trash,Carton,ab3d9da26d4c9285,True,exact_md5_duplicate
DUP_GROUP_0373,D:\HK7\Đồ án khóa luận\Data\raw\garbage_v2\cardboard\cardboard_391.jpg,garbage_v2,cardboard,D:\HK7\Đồ án khóa luận\Data\raw\vn_trash\Carton\train_cardboard608.jpg,vn_trash,Carton,b4d9938ec28eda26,True,exact_md5_duplicate
DUP_GROUP_0374,D:\HK7\Đồ án khóa luận\Data\raw\garbage_v2\cardboard\cardboard_392.jpg,garbage_v2,cardboard,D:\HK7\Đồ án khóa luận\Data\raw\vn_trash\Carton\train_cardboard550.jpg,vn_trash,Carton,fe4c81b37a41e52c,True,exact_md5_duplicate
DUP_GROUP_0375,D:\HK7\Đồ án khóa luận\Data\raw\garbage_v2\cardboard\cardboard_397.jpg,garbage_v2,cardboard,D:\HK7\Đồ án khóa luận\Data\raw\vn_trash\Carton\train_cardboard472.jpg,vn_trash,Carton,9a42fcb5a66e4b88,True,exact_md5_duplicate
DUP_GROUP_0376,D:\HK7\Đồ án khóa luận\Data\raw\garbage_v2\cardboard\cardboard_40.jpg,garbage_v2,cardboard,D:\HK7\Đồ án khóa luận\Data\raw\vn_trash\Carton\train_cardboard68.jpg,vn_trash,Carton,caf5c61839a7c6d0,True,exact_md5_duplicate
DUP_GROUP_0377,D:\HK7\Đồ án khóa luận\Data\raw\garbage_v2\cardboard\cardboard_402.jpg,garbage_v2,cardboard,D:\HK7\Đồ án khóa luận\Data\raw\vn_trash\Carton\train_cardboard269.jpg,vn_trash,Carton,fe7f95804397d140,True,exact_md5_duplicate
DUP_GROUP_0378,D:\HK7\Đồ án khóa luận\Data\raw\garbage_v2\cardboard\cardboard_403.jpg,garbage_v2,cardboard,D:\HK7\Đồ án khóa luận\Data\raw\vn_trash\Carton\train_cardboard 2371.jpg,vn_trash,Carton,9f1e0ce0f87f2603,True,exact_md5_duplicate
DUP_GROUP_0378,D:\HK7\Đồ án khóa luận\Data\raw\garbage_v2\cardboard\cardboard_403.jpg,garbage_v2,cardboard,D:\HK7\Đồ án khóa luận\Data\raw\vn_trash\Carton\train_cardboard329.jpg,vn_trash,Carton,9f1e0ce0f87f2603,True,exact_md5_duplicate
DUP_GROUP_0379,D:\HK7\Đồ án khóa luận\Data\raw\garbage_v2\cardboard\cardboard_404.jpg,garbage_v2,cardboard,D:\HK7\Đồ án khóa luận\Data\raw\vn_trash\Carton\train_cardboard136.jpg,vn_trash,Carton,e7319bb20de10cf2,True,exact_md5_duplicate
DUP_GROUP_0380,D:\HK7\Đồ án khóa luận\Data\raw\garbage_v2\cardboard\cardboard_405.jpg,garbage_v2,cardboard,D:\HK7\Đồ án khóa luận\Data\raw\vn_trash\Carton\train_cardboard203.jpg,vn_trash,Carton,f6c801fb324b0f33,True,exact_md5_duplicate
DUP_GROUP_0381,D:\HK7\Đồ án khóa luận\Data\raw\garbage_v2\cardboard\cardboard_407.jpg,garbage_v2,cardboard,D:\HK7\Đồ án khóa luận\Data\raw\vn_trash\Carton\train_cardboard839.jpg,vn_trash,Carton,d2d33d7cc4923a62,True,exact_md5_duplicate
DUP_GROUP_0382,D:\HK7\Đồ án khóa luận\Data\raw\garbage_v2\cardboard\cardboard_41.jpg,garbage_v2,cardboard,D:\HK7\Đồ án khóa luận\Data\raw\vn_trash\Carton\train_cardboard296.jpg,vn_trash,Carton,c6da9332a62cb95a,True,exact_md5_duplicate
DUP_GROUP_0383,D:\HK7\Đồ án khóa luận\Data\raw\garbage_v2\cardboard\cardboard_410.jpg,garbage_v2,cardboard,D:\HK7\Đồ án khóa luận\Data\raw\vn_trash\Carton\train_cardboard121.jpg,vn_trash,Carton,cd22d13fc4381ff0,True,exact_md5_duplicate
DUP_GROUP_0384,D:\HK7\Đồ án khóa luận\Data\raw\garbage_v2\cardboard\cardboard_413.jpg,garbage_v2,cardboard,D:\HK7\Đồ án khóa luận\Data\raw\vn_trash\Carton\train_cardboard144.jpg,vn_trash,Carton,d49c9c32cfcf3218,True,exact_md5_duplicate
DUP_GROUP_0385,D:\HK7\Đồ án khóa luận\Data\raw\garbage_v2\cardboard\cardboard_417.jpg,garbage_v2,cardboard,D:\HK7\Đồ án khóa luận\Data\raw\vn_trash\Carton\train_cardboard303.jpg,vn_trash,Carton,c6296ed9896c91e9,True,exact_md5_duplicate
DUP_GROUP_0386,D:\HK7\Đồ án khóa luận\Data\raw\garbage_v2\cardboard\cardboard_418.jpg,garbage_v2,cardboard,D:\HK7\Đồ án khóa luận\Data\raw\vn_trash\Carton\train_cardboard444.jpg,vn_trash,Carton,ecb0c01a95a3d2ef,True,exact_md5_duplicate
DUP_GROUP_0387,D:\HK7\Đồ án khóa luận\Data\raw\garbage_v2\cardboard\cardboard_419.jpg,garbage_v2,cardboard,D:\HK7\Đồ án khóa luận\Data\raw\vn_trash\Carton\train_cardboard610.jpg,vn_trash,Carton,ea9685693c64cf91,True,exact_md5_duplicate
DUP_GROUP_0388,D:\HK7\Đồ án khóa luận\Data\raw\garbage_v2\cardboard\cardboard_424.jpg,garbage_v2,cardboard,D:\HK7\Đồ án khóa luận\Data\raw\vn_trash\Carton\train_cardboard81.jpg,vn_trash,Carton,d113659607f7f124,True,exact_md5_duplicate
DUP_GROUP_0389,D:\HK7\Đồ án khóa luận\Data\raw\garbage_v2\cardboard\cardboard_426.jpg,garbage_v2,cardboard,D:\HK7\Đồ án khóa luận\Data\raw\vn_trash\Carton\train_cardboard685.jpg,vn_trash,Carton,bee0c11fcc8994da,True,exact_md5_duplicate
DUP_GROUP_0390,D:\HK7\Đồ án khóa luận\Data\raw\garbage_v2\cardboard\cardboard_429.jpg,garbage_v2,cardboard,D:\HK7\Đồ án khóa luận\Data\raw\vn_trash\Carton\train_cardboard 48.jpg,vn_trash,Carton,f330cdcf264c3331,True,exact_md5_duplicate
DUP_GROUP_0390,D:\HK7\Đồ án khóa luận\Data\raw\garbage_v2\cardboard\cardboard_429.jpg,garbage_v2,cardboard,D:\HK7\Đồ án khóa luận\Data\raw\vn_trash\Carton\train_cardboard356.jpg,vn_trash,Carton,f330cdcf264c3331,True,exact_md5_duplicate
DUP_GROUP_0391,D:\HK7\Đồ án khóa luận\Data\raw\garbage_v2\cardboard\cardboard_431.jpg,garbage_v2,cardboard,D:\HK7\Đồ án khóa luận\Data\raw\vn_trash\Carton\train_cardboard 2380.jpg,vn_trash,Carton,ee22914868b5f61f,True,exact_md5_duplicate
DUP_GROUP_0391,D:\HK7\Đồ án khóa luận\Data\raw\garbage_v2\cardboard\cardboard_431.jpg,garbage_v2,cardboard,D:\HK7\Đồ án khóa luận\Data\raw\vn_trash\Carton\train_cardboard339.jpg,vn_trash,Carton,ee22914868b5f61f,True,exact_md5_duplicate
DUP_GROUP_0392,D:\HK7\Đồ án khóa luận\Data\raw\garbage_v2\cardboard\cardboard_434.jpg,garbage_v2,cardboard,D:\HK7\Đồ án khóa luận\Data\raw\vn_trash\Carton\train_cardboard184.jpg,vn_trash,Carton,96d519ee823a43d9,True,exact_md5_duplicate
DUP_GROUP_0393,D:\HK7\Đồ án khóa luận\Data\raw\garbage_v2\cardboard\cardboard_435.jpg,garbage_v2,cardboard,D:\HK7\Đồ án khóa luận\Data\raw\vn_trash\Carton\train_cardboard866.jpg,vn_trash,Carton,e3943b2bcd90b50e,True,exact_md5_duplicate
DUP_GROUP_0394,D:\HK7\Đồ án khóa luận\Data\raw\garbage_v2\cardboard\cardboard_436.jpg,garbage_v2,cardboard,D:\HK7\Đồ án khóa luận\Data\raw\vn_trash\Carton\train_cardboard234.jpg,vn_trash,Carton,8dcb36c936c832cd,True,exact_md5_duplicate
DUP_GROUP_0395,D:\HK7\Đồ án khóa luận\Data\raw\garbage_v2\cardboard\cardboard_439.jpg,garbage_v2,cardboard,D:\HK7\Đồ án khóa luận\Data\raw\vn_trash\Carton\train_cardboard656.jpg,vn_trash,Carton,eaca953c9da4cb30,True,exact_md5_duplicate
DUP_GROUP_0396,D:\HK7\Đồ án khóa luận\Data\raw\garbage_v2\cardboard\cardboard_44.jpg,garbage_v2,cardboard,D:\HK7\Đồ án khóa luận\Data\raw\vn_trash\Carton\train_cardboard89.jpg,vn_trash,Carton,cfd4b2b6c84f480e,True,exact_md5_duplicate
DUP_GROUP_0397,D:\HK7\Đồ án khóa luận\Data\raw\garbage_v2\cardboard\cardboard_440.jpg,garbage_v2,cardboard,D:\HK7\Đồ án khóa luận\Data\raw\vn_trash\Carton\train_cardboard194.jpg,vn_trash,Carton,91a626db4b669ba8,True,exact_md5_duplicate
DUP_GROUP_0398,D:\HK7\Đồ án khóa luận\Data\raw\garbage_v2\cardboard\cardboard_441.jpg,garbage_v2,cardboard,D:\HK7\Đồ án khóa luận\Data\raw\vn_trash\Carton\train_cardboard493.jpg,vn_trash,Carton,afe9c1161a3d6dc0,True,exact_md5_duplicate
DUP_GROUP_0399,D:\HK7\Đồ án khóa luận\Data\raw\garbage_v2\cardboard\cardboard_442.jpg,garbage_v2,cardboard,D:\HK7\Đồ án khóa luận\Data\raw\vn_trash\Carton\train_cardboard872.jpg,vn_trash,Carton,969d496a32b5959c,True,exact_md5_duplicate
DUP_GROUP_0400,D:\HK7\Đồ án khóa luận\Data\raw\garbage_v2\cardboard\cardboard_444.jpg,garbage_v2,cardboard,D:\HK7\Đồ án khóa luận\Data\raw\vn_trash\Carton\train_cardboard497.jpg,vn_trash,Carton,ad43933cc2f0b8cd,True,exact_md5_duplicate
DUP_GROUP_0401,D:\HK7\Đồ án khóa luận\Data\raw\garbage_v2\cardboard\cardboard_446.jpg,garbage_v2,cardboard,D:\HK7\Đồ án khóa luận\Data\raw\vn_trash\Carton\train_cardboard199.jpg,vn_trash,Carton,d5d4aaeb106f80d3,True,exact_md5_duplicate
DUP_GROUP_0402,D:\HK7\Đồ án khóa luận\Data\raw\garbage_v2\cardboard\cardboard_447.jpg,garbage_v2,cardboard,D:\HK7\Đồ án khóa luận\Data\raw\vn_trash\Carton\train_cardboard713.jpg,vn_trash,Carton,d4cbb7c8c1151ab6,True,exact_md5_duplicate
DUP_GROUP_0403,D:\HK7\Đồ án khóa luận\Data\raw\garbage_v2\cardboard\cardboard_448.jpg,garbage_v2,cardboard,D:\HK7\Đồ án khóa luận\Data\raw\vn_trash\Carton\train_cardboard549.jpg,vn_trash,Carton,b9ccd364ce30c933,True,exact_md5_duplicate
DUP_GROUP_0404,D:\HK7\Đồ án khóa luận\Data\raw\garbage_v2\cardboard\cardboard_449.jpg,garbage_v2,cardboard,D:\HK7\Đồ án khóa luận\Data\raw\vn_trash\Carton\train_cardboard286.jpg,vn_trash,Carton,99396d4c49c94bda,True,exact_md5_duplicate
DUP_GROUP_0405,D:\HK7\Đồ án khóa luận\Data\raw\garbage_v2\cardboard\cardboard_450.jpg,garbage_v2,cardboard,D:\HK7\Đồ án khóa luận\Data\raw\vn_trash\Carton\train_cardboard827.jpg,vn_trash,Carton,efe1851f12f06983,True,exact_md5_duplicate
DUP_GROUP_0406,D:\HK7\Đồ án khóa luận\Data\raw\garbage_v2\cardboard\cardboard_452.jpg,garbage_v2,cardboard,D:\HK7\Đồ án khóa luận\Data\raw\vn_trash\Carton\train_cardboard191.jpg,vn_trash,Carton,c0ffb5800a1c7ed5,True,exact_md5_duplicate
DUP_GROUP_0407,D:\HK7\Đồ án khóa luận\Data\raw\garbage_v2\cardboard\cardboard_453.jpg,garbage_v2,cardboard,D:\HK7\Đồ án khóa luận\Data\raw\vn_trash\Carton\train_cardboard462.jpg,vn_trash,Carton,ab45957b92780f94,True,exact_md5_duplicate
DUP_GROUP_0408,D:\HK7\Đồ án khóa luận\Data\raw\garbage_v2\cardboard\cardboard_454.jpg,garbage_v2,cardboard,D:\HK7\Đồ án khóa luận\Data\raw\vn_trash\Carton\train_cardboard449.jpg,vn_trash,Carton,b5d2ca2fc6611cc6,True,exact_md5_duplicate
DUP_GROUP_0409,D:\HK7\Đồ án khóa luận\Data\raw\garbage_v2\cardboard\cardboard_456.jpg,garbage_v2,cardboard,D:\HK7\Đồ án khóa luận\Data\raw\vn_trash\Carton\train_cardboard425.jpg,vn_trash,Carton,bc6fd0344d187366,True,exact_md5_duplicate
DUP_GROUP_0410,D:\HK7\Đồ án khóa luận\Data\raw\garbage_v2\cardboard\cardboard_457.jpg,garbage_v2,cardboard,D:\HK7\Đồ án khóa luận\Data\raw\vn_trash\Carton\train_cardboard631.jpg,vn_trash,Carton,bf51a0bbe2b98291,True,exact_md5_duplicate
DUP_GROUP_0411,D:\HK7\Đồ án khóa luận\Data\raw\garbage_v2\cardboard\cardboard_458.jpg,garbage_v2,cardboard,D:\HK7\Đồ án khóa luận\Data\raw\vn_trash\Carton\train_cardboard287.jpg,vn_trash,Carton,9188ccd37324cded,True,exact_md5_duplicate
DUP_GROUP_0412,D:\HK7\Đồ án khóa luận\Data\raw\garbage_v2\cardboard\cardboard_459.jpg,garbage_v2,cardboard,D:\HK7\Đồ án khóa luận\Data\raw\vn_trash\Carton\train_cardboard260.jpg,vn_trash,Carton,fce8a0a1afa58595,True,exact_md5_duplicate
DUP_GROUP_0413,D:\HK7\Đồ án khóa luận\Data\raw\garbage_v2\cardboard\cardboard_465.jpg,garbage_v2,cardboard,D:\HK7\Đồ án khóa luận\Data\raw\vn_trash\Carton\train_cardboard61.jpg,vn_trash,Carton,c52d9793934ba6a8,True,exact_md5_duplicate
DUP_GROUP_0414,D:\HK7\Đồ án khóa luận\Data\raw\garbage_v2\cardboard\cardboard_466.jpg,garbage_v2,cardboard,D:\HK7\Đồ án khóa luận\Data\raw\vn_trash\Carton\train_cardboard693.jpg,vn_trash,Carton,f8635e96844d6595,True,exact_md5_duplicate
DUP_GROUP_0415,D:\HK7\Đồ án khóa luận\Data\raw\garbage_v2\cardboard\cardboard_467.jpg,garbage_v2,cardboard,D:\HK7\Đồ án khóa luận\Data\raw\vn_trash\Carton\train_cardboard833.jpg,vn_trash,Carton,bfc0c037943fe02d,True,exact_md5_duplicate
DUP_GROUP_0416,D:\HK7\Đồ án khóa luận\Data\raw\garbage_v2\cardboard\cardboard_470.jpg,garbage_v2,cardboard,D:\HK7\Đồ án khóa luận\Data\raw\vn_trash\Carton\train_cardboard614.jpg,vn_trash,Carton,ba2fb1e4c2d0cad2,True,exact_md5_duplicate
DUP_GROUP_0417,D:\HK7\Đồ án khóa luận\Data\raw\garbage_v2\cardboard\cardboard_471.jpg,garbage_v2,cardboard,D:\HK7\Đồ án khóa luận\Data\raw\vn_trash\Carton\train_cardboard273.jpg,vn_trash,Carton,d7a700503e3fc1bc,True,exact_md5_duplicate
DUP_GROUP_0418,D:\HK7\Đồ án khóa luận\Data\raw\garbage_v2\cardboard\cardboard_472.jpg,garbage_v2,cardboard,D:\HK7\Đồ án khóa luận\Data\raw\vn_trash\Carton\train_cardboard577.jpg,vn_trash,Carton,ec1693e96a16b4a9,True,exact_md5_duplicate
DUP_GROUP_0419,D:\HK7\Đồ án khóa luận\Data\raw\garbage_v2\cardboard\cardboard_475.jpg,garbage_v2,cardboard,D:\HK7\Đồ án khóa luận\Data\raw\vn_trash\Carton\train_cardboard551.jpg,vn_trash,Carton,b26c6ccccdcccc8c,True,exact_md5_duplicate
DUP_GROUP_0420,D:\HK7\Đồ án khóa luận\Data\raw\garbage_v2\cardboard\cardboard_477.jpg,garbage_v2,cardboard,D:\HK7\Đồ án khóa luận\Data\raw\vn_trash\Carton\train_cardboard558.jpg,vn_trash,Carton,fa52803d97cd98d1,True,exact_md5_duplicate
DUP_GROUP_0421,D:\HK7\Đồ án khóa luận\Data\raw\garbage_v2\cardboard\cardboard_478.jpg,garbage_v2,cardboard,D:\HK7\Đồ án khóa luận\Data\raw\vn_trash\Carton\train_cardboard285.jpg,vn_trash,Carton,8f7c60f884dc7878,True,exact_md5_duplicate
DUP_GROUP_0422,D:\HK7\Đồ án khóa luận\Data\raw\garbage_v2\cardboard\cardboard_479.jpg,garbage_v2,cardboard,D:\HK7\Đồ án khóa luận\Data\raw\vn_trash\Carton\train_cardboard413.jpg,vn_trash,Carton,fa34c1f08387e9d4,True,exact_md5_duplicate
DUP_GROUP_0423,D:\HK7\Đồ án khóa luận\Data\raw\garbage_v2\cardboard\cardboard_48.jpg,garbage_v2,cardboard,D:\HK7\Đồ án khóa luận\Data\raw\vn_trash\Carton\train_cardboard251.jpg,vn_trash,Carton,f175d2acdaa86ac0,True,exact_md5_duplicate
DUP_GROUP_0424,D:\HK7\Đồ án khóa luận\Data\raw\garbage_v2\cardboard\cardboard_480.jpg,garbage_v2,cardboard,D:\HK7\Đồ án khóa luận\Data\raw\vn_trash\Carton\train_cardboard406.jpg,vn_trash,Carton,bff8c00012bf3fe0,True,exact_md5_duplicate
DUP_GROUP_0425,D:\HK7\Đồ án khóa luận\Data\raw\garbage_v2\cardboard\cardboard_482.jpg,garbage_v2,cardboard,D:\HK7\Đồ án khóa luận\Data\raw\vn_trash\Carton\train_cardboard216.jpg,vn_trash,Carton,f330939bcac9ad84,True,exact_md5_duplicate
DUP_GROUP_0426,D:\HK7\Đồ án khóa luận\Data\raw\garbage_v2\cardboard\cardboard_483.jpg,garbage_v2,cardboard,D:\HK7\Đồ án khóa luận\Data\raw\vn_trash\Carton\train_cardboard470.jpg,vn_trash,Carton,af9498cfc722f190,True,exact_md5_duplicate
DUP_GROUP_0427,D:\HK7\Đồ án khóa luận\Data\raw\garbage_v2\cardboard\cardboard_485.jpg,garbage_v2,cardboard,D:\HK7\Đồ án khóa luận\Data\raw\vn_trash\Carton\test_cardboard 2031.jpg,vn_trash,Carton,ee1be0f0dcf11485,True,exact_md5_duplicate
DUP_GROUP_0427,D:\HK7\Đồ án khóa luận\Data\raw\garbage_v2\cardboard\cardboard_485.jpg,garbage_v2,cardboard,D:\HK7\Đồ án khóa luận\Data\raw\vn_trash\Carton\train_cardboard14.jpg,vn_trash,Carton,ee1be0f0dcf11485,True,exact_md5_duplicate
DUP_GROUP_0428,D:\HK7\Đồ án khóa luận\Data\raw\garbage_v2\cardboard\cardboard_486.jpg,garbage_v2,cardboard,D:\HK7\Đồ án khóa luận\Data\raw\vn_trash\Carton\train_cardboard163.jpg,vn_trash,Carton,d2e008d2a97ee76c,True,exact_md5_duplicate
DUP_GROUP_0429,D:\HK7\Đồ án khóa luận\Data\raw\garbage_v2\cardboard\cardboard_487.jpg,garbage_v2,cardboard,D:\HK7\Đồ án khóa luận\Data\raw\vn_trash\Carton\train_cardboard597.jpg,vn_trash,Carton,be87d06a833a3e31,True,exact_md5_duplicate
DUP_GROUP_0430,D:\HK7\Đồ án khóa luận\Data\raw\garbage_v2\cardboard\cardboard_488.jpg,garbage_v2,cardboard,D:\HK7\Đồ án khóa luận\Data\raw\vn_trash\Carton\train_cardboard514.jpg,vn_trash,Carton,b1929b6cce64ce91,True,exact_md5_duplicate
DUP_GROUP_0431,D:\HK7\Đồ án khóa luận\Data\raw\garbage_v2\cardboard\cardboard_489.jpg,garbage_v2,cardboard,D:\HK7\Đồ án khóa luận\Data\raw\vn_trash\Carton\train_cardboard448.jpg,vn_trash,Carton,fb5bd18c85a0a666,True,exact_md5_duplicate
DUP_GROUP_0432,D:\HK7\Đồ án khóa luận\Data\raw\garbage_v2\cardboard\cardboard_493.jpg,garbage_v2,cardboard,D:\HK7\Đồ án khóa luận\Data\raw\vn_trash\Carton\train_cardboard270.jpg,vn_trash,Carton,ed9639611f142739,True,exact_md5_duplicate
DUP_GROUP_0433,D:\HK7\Đồ án khóa luận\Data\raw\garbage_v2\cardboard\cardboard_494.jpg,garbage_v2,cardboard,D:\HK7\Đồ án khóa luận\Data\raw\vn_trash\Carton\train_cardboard238.jpg,vn_trash,Carton,e4f61656527a1157,True,exact_md5_duplicate
DUP_GROUP_0434,D:\HK7\Đồ án khóa luận\Data\raw\garbage_v2\cardboard\cardboard_496.jpg,garbage_v2,cardboard,D:\HK7\Đồ án khóa luận\Data\raw\vn_trash\Carton\train_cardboard618.jpg,vn_trash,Carton,bc96c24bcf2dc492,True,exact_md5_duplicate
DUP_GROUP_0435,D:\HK7\Đồ án khóa luận\Data\raw\garbage_v2\cardboard\cardboard_497.jpg,garbage_v2,cardboard,D:\HK7\Đồ án khóa luận\Data\raw\vn_trash\Carton\train_cardboard105.jpg,vn_trash,Carton,c7d4944da0f9be03,True,exact_md5_duplicate
DUP_GROUP_0436,D:\HK7\Đồ án khóa luận\Data\raw\garbage_v2\cardboard\cardboard_498.jpg,garbage_v2,cardboard,D:\HK7\Đồ án khóa luận\Data\raw\vn_trash\Carton\train_cardboard570.jpg,vn_trash,Carton,ee398542d0a587f6,True,exact_md5_duplicate
DUP_GROUP_0437,D:\HK7\Đồ án khóa luận\Data\raw\garbage_v2\cardboard\cardboard_499.jpg,garbage_v2,cardboard,D:\HK7\Đồ án khóa luận\Data\raw\vn_trash\Carton\train_cardboard445.jpg,vn_trash,Carton,ec4d8690cb1a9be3,True,exact_md5_duplicate
DUP_GROUP_0438,D:\HK7\Đồ án khóa luận\Data\raw\garbage_v2\cardboard\cardboard_5.jpg,garbage_v2,cardboard,D:\HK7\Đồ án khóa luận\Data\raw\vn_trash\Carton\test_cardboard 1995.jpg,vn_trash,Carton,f498cb67319e2319,True,exact_md5_duplicate
DUP_GROUP_0438,D:\HK7\Đồ án khóa luận\Data\raw\garbage_v2\cardboard\cardboard_5.jpg,garbage_v2,cardboard,D:\HK7\Đồ án khóa luận\Data\raw\vn_trash\Carton\train_cardboard771.jpg,vn_trash,Carton,f498cb67319e2319,True,exact_md5_duplicate
DUP_GROUP_0439,D:\HK7\Đồ án khóa luận\Data\raw\garbage_v2\cardboard\cardboard_500.jpg,garbage_v2,cardboard,D:\HK7\Đồ án khóa luận\Data\raw\vn_trash\Carton\train_cardboard73.jpg,vn_trash,Carton,c08be33c3ec33c3c,True,exact_md5_duplicate
DUP_GROUP_0440,D:\HK7\Đồ án khóa luận\Data\raw\garbage_v2\cardboard\cardboard_503.jpg,garbage_v2,cardboard,D:\HK7\Đồ án khóa luận\Data\raw\vn_trash\Carton\train_cardboard281.jpg,vn_trash,Carton,d0613ff7877c4320,True,exact_md5_duplicate
DUP_GROUP_0441,D:\HK7\Đồ án khóa luận\Data\raw\garbage_v2\cardboard\cardboard_504.jpg,garbage_v2,cardboard,D:\HK7\Đồ án khóa luận\Data\raw\vn_trash\Carton\train_cardboard746.jpg,vn_trash,Carton,f107869c8bf9aa64,True,exact_md5_duplicate
DUP_GROUP_0442,D:\HK7\Đồ án khóa luận\Data\raw\garbage_v2\cardboard\cardboard_508.jpg,garbage_v2,cardboard,D:\HK7\Đồ án khóa luận\Data\raw\vn_trash\Carton\train_cardboard657.jpg,vn_trash,Carton,fb4e91a58972cc13,True,exact_md5_duplicate
DUP_GROUP_0443,D:\HK7\Đồ án khóa luận\Data\raw\garbage_v2\cardboard\cardboard_51.jpg,garbage_v2,cardboard,D:\HK7\Đồ án khóa luận\Data\raw\vn_trash\Carton\train_cardboard310.jpg,vn_trash,Carton,fe3e9081477e3883,True,exact_md5_duplicate
DUP_GROUP_0444,D:\HK7\Đồ án khóa luận\Data\raw\garbage_v2\cardboard\cardboard_510.jpg,garbage_v2,cardboard,D:\HK7\Đồ án khóa luận\Data\raw\vn_trash\Carton\train_cardboard249.jpg,vn_trash,Carton,d2a5d61a95d43b83,True,exact_md5_duplicate
DUP_GROUP_0445,D:\HK7\Đồ án khóa luận\Data\raw\garbage_v2\cardboard\cardboard_512.jpg,garbage_v2,cardboard,D:\HK7\Đồ án khóa luận\Data\raw\vn_trash\Carton\train_cardboard775.jpg,vn_trash,Carton,e5ce9a9496319c63,True,exact_md5_duplicate
DUP_GROUP_0446,D:\HK7\Đồ án khóa luận\Data\raw\garbage_v2\cardboard\cardboard_515.jpg,garbage_v2,cardboard,D:\HK7\Đồ án khóa luận\Data\raw\vn_trash\Carton\train_cardboard335.jpg,vn_trash,Carton,b02ccfd14ccf3a1c,True,exact_md5_duplicate
DUP_GROUP_0447,D:\HK7\Đồ án khóa luận\Data\raw\garbage_v2\cardboard\cardboard_518.jpg,garbage_v2,cardboard,D:\HK7\Đồ án khóa luận\Data\raw\vn_trash\Carton\train_cardboard456.jpg,vn_trash,Carton,c9fad9c00b8c7699,True,exact_md5_duplicate
DUP_GROUP_0448,D:\HK7\Đồ án khóa luận\Data\raw\garbage_v2\cardboard\cardboard_52.jpg,garbage_v2,cardboard,D:\HK7\Đồ án khóa luận\Data\raw\vn_trash\Carton\test_cardboard 2040.jpg,vn_trash,Carton,e48b9bc696b48d32,True,exact_md5_duplicate
DUP_GROUP_0448,D:\HK7\Đồ án khóa luận\Data\raw\garbage_v2\cardboard\cardboard_52.jpg,garbage_v2,cardboard,D:\HK7\Đồ án khóa luận\Data\raw\vn_trash\Carton\train_cardboard21.jpg,vn_trash,Carton,e48b9bc696b48d32,True,exact_md5_duplicate
DUP_GROUP_0449,D:\HK7\Đồ án khóa luận\Data\raw\garbage_v2\cardboard\cardboard_522.jpg,garbage_v2,cardboard,D:\HK7\Đồ án khóa luận\Data\raw\vn_trash\Carton\train_cardboard 2363.jpg,vn_trash,Carton,fe4288a29f973cb0,True,exact_md5_duplicate
DUP_GROUP_0449,D:\HK7\Đồ án khóa luận\Data\raw\garbage_v2\cardboard\cardboard_522.jpg,garbage_v2,cardboard,D:\HK7\Đồ án khóa luận\Data\raw\vn_trash\Carton\train_cardboard321.jpg,vn_trash,Carton,fe4288a29f973cb0,True,exact_md5_duplicate
DUP_GROUP_0450,D:\HK7\Đồ án khóa luận\Data\raw\garbage_v2\cardboard\cardboard_523.jpg,garbage_v2,cardboard,D:\HK7\Đồ án khóa luận\Data\raw\vn_trash\Carton\train_cardboard662.jpg,vn_trash,Carton,bb69c0942e1e7879,True,exact_md5_duplicate
DUP_GROUP_0451,D:\HK7\Đồ án khóa luận\Data\raw\garbage_v2\cardboard\cardboard_525.jpg,garbage_v2,cardboard,D:\HK7\Đồ án khóa luận\Data\raw\vn_trash\Carton\train_cardboard314.jpg,vn_trash,Carton,c14b4a9bb3c4ec78,True,exact_md5_duplicate
DUP_GROUP_0452,D:\HK7\Đồ án khóa luận\Data\raw\garbage_v2\cardboard\cardboard_529.jpg,garbage_v2,cardboard,D:\HK7\Đồ án khóa luận\Data\raw\vn_trash\Carton\train_cardboard829.jpg,vn_trash,Carton,fa9281c99f3e5a30,True,exact_md5_duplicate
DUP_GROUP_0453,D:\HK7\Đồ án khóa luận\Data\raw\garbage_v2\cardboard\cardboard_532.jpg,garbage_v2,cardboard,D:\HK7\Đồ án khóa luận\Data\raw\vn_trash\Carton\train_cardboard57.jpg,vn_trash,Carton,e1764eae42930f95,True,exact_md5_duplicate
DUP_GROUP_0454,D:\HK7\Đồ án khóa luận\Data\raw\garbage_v2\cardboard\cardboard_533.jpg,garbage_v2,cardboard,D:\HK7\Đồ án khóa luận\Data\raw\vn_trash\Carton\test_cardboard 2073.jpg,vn_trash,Carton,ea78986e25996d25,True,exact_md5_duplicate
DUP_GROUP_0454,D:\HK7\Đồ án khóa luận\Data\raw\garbage_v2\cardboard\cardboard_533.jpg,garbage_v2,cardboard,D:\HK7\Đồ án khóa luận\Data\raw\vn_trash\Carton\train_cardboard52.jpg,vn_trash,Carton,ea78986e25996d25,True,exact_md5_duplicate
DUP_GROUP_0455,D:\HK7\Đồ án khóa luận\Data\raw\garbage_v2\cardboard\cardboard_537.jpg,garbage_v2,cardboard,D:\HK7\Đồ án khóa luận\Data\raw\vn_trash\Carton\train_cardboard576.jpg,vn_trash,Carton,ea7895877a78c107,True,exact_md5_duplicate
DUP_GROUP_0456,D:\HK7\Đồ án khóa luận\Data\raw\garbage_v2\cardboard\cardboard_538.jpg,garbage_v2,cardboard,D:\HK7\Đồ án khóa luận\Data\raw\vn_trash\Carton\test_cardboard 2051.jpg,vn_trash,Carton,eac4851f987ac363,True,exact_md5_duplicate
DUP_GROUP_0456,D:\HK7\Đồ án khóa luận\Data\raw\garbage_v2\cardboard\cardboard_538.jpg,garbage_v2,cardboard,D:\HK7\Đồ án khóa luận\Data\raw\vn_trash\Carton\train_cardboard31.jpg,vn_trash,Carton,eac4851f987ac363,True,exact_md5_duplicate
DUP_GROUP_0457,D:\HK7\Đồ án khóa luận\Data\raw\garbage_v2\cardboard\cardboard_540.jpg,garbage_v2,cardboard,D:\HK7\Đồ án khóa luận\Data\raw\vn_trash\Carton\train_cardboard814.jpg,vn_trash,Carton,dd493f8650c339d1,True,exact_md5_duplicate
DUP_GROUP_0458,D:\HK7\Đồ án khóa luận\Data\raw\garbage_v2\cardboard\cardboard_551.jpg,garbage_v2,cardboard,D:\HK7\Đồ án khóa luận\Data\raw\vn_trash\Carton\train_cardboard212.jpg,vn_trash,Carton,8f87bf7f808e0960,True,exact_md5_duplicate
DUP_GROUP_0459,D:\HK7\Đồ án khóa luận\Data\raw\garbage_v2\cardboard\cardboard_558.jpg,garbage_v2,cardboard,D:\HK7\Đồ án khóa luận\Data\raw\vn_trash\Carton\train_cardboard440.jpg,vn_trash,Carton,bcb0d26d9946c43b,True,exact_md5_duplicate
DUP_GROUP_0460,D:\HK7\Đồ án khóa luận\Data\raw\garbage_v2\cardboard\cardboard_559.jpg,garbage_v2,cardboard,D:\HK7\Đồ án khóa luận\Data\raw\vn_trash\Carton\train_cardboard756.jpg,vn_trash,Carton,9b47b438d235c9b2,True,exact_md5_duplicate
DUP_GROUP_0461,D:\HK7\Đồ án khóa luận\Data\raw\garbage_v2\cardboard\cardboard_56.jpg,garbage_v2,cardboard,D:\HK7\Đồ án khóa luận\Data\raw\vn_trash\Carton\train_cardboard223.jpg,vn_trash,Carton,f1cf2518e4b2994e,True,exact_md5_duplicate
DUP_GROUP_0462,D:\HK7\Đồ án khóa luận\Data\raw\garbage_v2\cardboard\cardboard_561.jpg,garbage_v2,cardboard,D:\HK7\Đồ án khóa luận\Data\raw\vn_trash\Carton\train_cardboard619.jpg,vn_trash,Carton,fb8e902f95dc91a0,True,exact_md5_duplicate
DUP_GROUP_0463,D:\HK7\Đồ án khóa luận\Data\raw\garbage_v2\cardboard\cardboard_564.jpg,garbage_v2,cardboard,D:\HK7\Đồ án khóa luận\Data\raw\vn_trash\Carton\train_cardboard173.jpg,vn_trash,Carton,e37598378b463b44,True,exact_md5_duplicate
DUP_GROUP_0464,D:\HK7\Đồ án khóa luận\Data\raw\garbage_v2\cardboard\cardboard_565.jpg,garbage_v2,cardboard,D:\HK7\Đồ án khóa luận\Data\raw\vn_trash\Carton\train_cardboard 429.jpg,vn_trash,Carton,babd4ce8d1e26291,False,near_phash_duplicate
DUP_GROUP_0464,D:\HK7\Đồ án khóa luận\Data\raw\garbage_v2\cardboard\cardboard_565.jpg,garbage_v2,cardboard,D:\HK7\Đồ án khóa luận\Data\raw\vn_trash\Carton\train_cardboard475.jpg,vn_trash,Carton,babd4ce8d1e26291,True,exact_md5_duplicate
DUP_GROUP_0465,D:\HK7\Đồ án khóa luận\Data\raw\garbage_v2\cardboard\cardboard_566.jpg,garbage_v2,cardboard,D:\HK7\Đồ án khóa luận\Data\raw\vn_trash\Carton\train_cardboard739.jpg,vn_trash,Carton,d19faa3b7515ca80,True,exact_md5_duplicate
DUP_GROUP_0466,D:\HK7\Đồ án khóa luận\Data\raw\garbage_v2\cardboard\cardboard_567.jpg,garbage_v2,cardboard,D:\HK7\Đồ án khóa luận\Data\raw\vn_trash\Carton\train_cardboard274.jpg,vn_trash,Carton,8f8d2d325a6a7398,True,exact_md5_duplicate
DUP_GROUP_0467,D:\HK7\Đồ án khóa luận\Data\raw\garbage_v2\cardboard\cardboard_570.jpg,garbage_v2,cardboard,D:\HK7\Đồ án khóa luận\Data\raw\vn_trash\Carton\train_cardboard828.jpg,vn_trash,Carton,ea95956e96e06a85,True,exact_md5_duplicate
DUP_GROUP_0468,D:\HK7\Đồ án khóa luận\Data\raw\garbage_v2\cardboard\cardboard_571.jpg,garbage_v2,cardboard,D:\HK7\Đồ án khóa luận\Data\raw\vn_trash\Carton\train_cardboard527.jpg,vn_trash,Carton,af42f060f063f8ae,True,exact_md5_duplicate
DUP_GROUP_0468,D:\HK7\Đồ án khóa luận\Data\raw\garbage_v2\cardboard\cardboard_571.jpg,garbage_v2,cardboard,D:\HK7\Đồ án khóa luận\Data\raw\vn_trash\Carton\train_cardboard650.jpg,vn_trash,Carton,af42f060f063f8ae,False,near_phash_duplicate
DUP_GROUP_0469,D:\HK7\Đồ án khóa luận\Data\raw\garbage_v2\cardboard\cardboard_572.jpg,garbage_v2,cardboard,D:\HK7\Đồ án khóa luận\Data\raw\vn_trash\Carton\test_cardboard 2009.jpg,vn_trash,Carton,8c7293cdc7e1b0e1,True,exact_md5_duplicate
DUP_GROUP_0469,D:\HK7\Đồ án khóa luận\Data\raw\garbage_v2\cardboard\cardboard_572.jpg,garbage_v2,cardboard,D:\HK7\Đồ án khóa luận\Data\raw\vn_trash\Carton\train_cardboard884.jpg,vn_trash,Carton,8c7293cdc7e1b0e1,True,exact_md5_duplicate
DUP_GROUP_0470,D:\HK7\Đồ án khóa luận\Data\raw\garbage_v2\cardboard\cardboard_575.jpg,garbage_v2,cardboard,D:\HK7\Đồ án khóa luận\Data\raw\vn_trash\Carton\train_cardboard407.jpg,vn_trash,Carton,ab172e95e4c3116b,True,exact_md5_duplicate
DUP_GROUP_0471,D:\HK7\Đồ án khóa luận\Data\raw\garbage_v2\cardboard\cardboard_578.jpg,garbage_v2,cardboard,D:\HK7\Đồ án khóa luận\Data\raw\vn_trash\Carton\train_cardboard745.jpg,vn_trash,Carton,fa3cc163278c68d3,True,exact_md5_duplicate
DUP_GROUP_0472,D:\HK7\Đồ án khóa luận\Data\raw\garbage_v2\cardboard\cardboard_579.jpg,garbage_v2,cardboard,D:\HK7\Đồ án khóa luận\Data\raw\vn_trash\Carton\train_cardboard588.jpg,vn_trash,Carton,eab285d5346a96c5,True,exact_md5_duplicate
DUP_GROUP_0473,D:\HK7\Đồ án khóa luận\Data\raw\garbage_v2\cardboard\cardboard_58.jpg,garbage_v2,cardboard,D:\HK7\Đồ án khóa luận\Data\raw\vn_trash\Carton\train_cardboard305.jpg,vn_trash,Carton,db1c4ad5f21331c3,True,exact_md5_duplicate
DUP_GROUP_0474,D:\HK7\Đồ án khóa luận\Data\raw\garbage_v2\cardboard\cardboard_581.jpg,garbage_v2,cardboard,D:\HK7\Đồ án khóa luận\Data\raw\vn_trash\Carton\train_cardboard504.jpg,vn_trash,Carton,aad4e50ae9f58135,True,exact_md5_duplicate
DUP_GROUP_0475,D:\HK7\Đồ án khóa luận\Data\raw\garbage_v2\cardboard\cardboard_583.jpg,garbage_v2,cardboard,D:\HK7\Đồ án khóa luận\Data\raw\vn_trash\Carton\train_cardboard437.jpg,vn_trash,Carton,85974f6712193c4f,True,exact_md5_duplicate
DUP_GROUP_0476,D:\HK7\Đồ án khóa luận\Data\raw\garbage_v2\cardboard\cardboard_585.jpg,garbage_v2,cardboard,D:\HK7\Đồ án khóa luận\Data\raw\vn_trash\Carton\test_cardboard 2024.jpg,vn_trash,Carton,afcad025d33495d2,True,exact_md5_duplicate
DUP_GROUP_0476,D:\HK7\Đồ án khóa luận\Data\raw\garbage_v2\cardboard\cardboard_585.jpg,garbage_v2,cardboard,D:\HK7\Đồ án khóa luận\Data\raw\vn_trash\Carton\train_cardboard8.jpg,vn_trash,Carton,afcad025d33495d2,True,exact_md5_duplicate
DUP_GROUP_0477,D:\HK7\Đồ án khóa luận\Data\raw\garbage_v2\cardboard\cardboard_586.jpg,garbage_v2,cardboard,D:\HK7\Đồ án khóa luận\Data\raw\vn_trash\Carton\train_cardboard429.jpg,vn_trash,Carton,faaaaf80aba1a8a5,True,exact_md5_duplicate
DUP_GROUP_0478,D:\HK7\Đồ án khóa luận\Data\raw\garbage_v2\cardboard\cardboard_587.jpg,garbage_v2,cardboard,D:\HK7\Đồ án khóa luận\Data\raw\vn_trash\Carton\test_cardboard 1998.jpg,vn_trash,Carton,f992ce6532191d36,True,exact_md5_duplicate
DUP_GROUP_0478,D:\HK7\Đồ án khóa luận\Data\raw\garbage_v2\cardboard\cardboard_587.jpg,garbage_v2,cardboard,D:\HK7\Đồ án khóa luận\Data\raw\vn_trash\Carton\train_cardboard804.jpg,vn_trash,Carton,f992ce6532191d36,True,exact_md5_duplicate
DUP_GROUP_0479,D:\HK7\Đồ án khóa luận\Data\raw\garbage_v2\cardboard\cardboard_59.jpg,garbage_v2,cardboard,D:\HK7\Đồ án khóa luận\Data\raw\vn_trash\Carton\train_cardboard461.jpg,vn_trash,Carton,afced034ce930c1b,True,exact_md5_duplicate
DUP_GROUP_0480,D:\HK7\Đồ án khóa luận\Data\raw\garbage_v2\cardboard\cardboard_590.jpg,garbage_v2,cardboard,D:\HK7\Đồ án khóa luận\Data\raw\vn_trash\Carton\test_cardboard 2047.jpg,vn_trash,Carton,d0d397208972b4f7,True,exact_md5_duplicate
DUP_GROUP_0480,D:\HK7\Đồ án khóa luận\Data\raw\garbage_v2\cardboard\cardboard_590.jpg,garbage_v2,cardboard,D:\HK7\Đồ án khóa luận\Data\raw\vn_trash\Carton\train_cardboard29.jpg,vn_trash,Carton,d0d397208972b4f7,True,exact_md5_duplicate
DUP_GROUP_0481,D:\HK7\Đồ án khóa luận\Data\raw\garbage_v2\cardboard\cardboard_592.jpg,garbage_v2,cardboard,D:\HK7\Đồ án khóa luận\Data\raw\vn_trash\Carton\train_cardboard244.jpg,vn_trash,Carton,ffb8917590c227c8,True,exact_md5_duplicate
DUP_GROUP_0482,D:\HK7\Đồ án khóa luận\Data\raw\garbage_v2\cardboard\cardboard_594.jpg,garbage_v2,cardboard,D:\HK7\Đồ án khóa luận\Data\raw\vn_trash\Carton\train_cardboard816.jpg,vn_trash,Carton,a101c46aeafed4bc,True,exact_md5_duplicate
DUP_GROUP_0483,D:\HK7\Đồ án khóa luận\Data\raw\garbage_v2\cardboard\cardboard_595.jpg,garbage_v2,cardboard,D:\HK7\Đồ án khóa luận\Data\raw\vn_trash\Carton\train_cardboard860.jpg,vn_trash,Carton,bf2ff84ec0ec84a0,True,exact_md5_duplicate
DUP_GROUP_0484,D:\HK7\Đồ án khóa luận\Data\raw\garbage_v2\cardboard\cardboard_596.jpg,garbage_v2,cardboard,D:\HK7\Đồ án khóa luận\Data\raw\vn_trash\Carton\train_cardboard846.jpg,vn_trash,Carton,fc7f92c02d0f85a4,True,exact_md5_duplicate
DUP_GROUP_0485,D:\HK7\Đồ án khóa luận\Data\raw\garbage_v2\cardboard\cardboard_597.jpg,garbage_v2,cardboard,D:\HK7\Đồ án khóa luận\Data\raw\vn_trash\Carton\train_cardboard611.jpg,vn_trash,Carton,aa40bd2bd82fc8b5,True,exact_md5_duplicate
DUP_GROUP_0486,D:\HK7\Đồ án khóa luận\Data\raw\garbage_v2\cardboard\cardboard_602.jpg,garbage_v2,cardboard,D:\HK7\Đồ án khóa luận\Data\raw\vn_trash\Carton\train_cardboard311.jpg,vn_trash,Carton,aa2a95a94b1256fb,True,exact_md5_duplicate
DUP_GROUP_0487,D:\HK7\Đồ án khóa luận\Data\raw\garbage_v2\cardboard\cardboard_604.jpg,garbage_v2,cardboard,D:\HK7\Đồ án khóa luận\Data\raw\vn_trash\Carton\train_cardboard240.jpg,vn_trash,Carton,d7612b78c98a5555,True,exact_md5_duplicate
DUP_GROUP_0488,D:\HK7\Đồ án khóa luận\Data\raw\garbage_v2\cardboard\cardboard_606.jpg,garbage_v2,cardboard,D:\HK7\Đồ án khóa luận\Data\raw\vn_trash\Carton\train_cardboard123.jpg,vn_trash,Carton,eb77c0c287029f8e,True,exact_md5_duplicate
DUP_GROUP_0489,D:\HK7\Đồ án khóa luận\Data\raw\garbage_v2\cardboard\cardboard_607.jpg,garbage_v2,cardboard,D:\HK7\Đồ án khóa luận\Data\raw\vn_trash\Carton\train_cardboard46.jpg,vn_trash,Carton,ff7b2a741f410942,True,exact_md5_duplicate
DUP_GROUP_0490,D:\HK7\Đồ án khóa luận\Data\raw\garbage_v2\cardboard\cardboard_608.jpg,garbage_v2,cardboard,D:\HK7\Đồ án khóa luận\Data\raw\vn_trash\Carton\train_cardboard295.jpg,vn_trash,Carton,d6d45a6a2aeb4585,True,exact_md5_duplicate
DUP_GROUP_0491,D:\HK7\Đồ án khóa luận\Data\raw\garbage_v2\cardboard\cardboard_610.jpg,garbage_v2,cardboard,D:\HK7\Đồ án khóa luận\Data\raw\vn_trash\Carton\train_cardboard103.jpg,vn_trash,Carton,c0579f60cf31ce13,True,exact_md5_duplicate
DUP_GROUP_0492,D:\HK7\Đồ án khóa luận\Data\raw\garbage_v2\cardboard\cardboard_618.jpg,garbage_v2,cardboard,D:\HK7\Đồ án khóa luận\Data\raw\vn_trash\Carton\train_cardboard 2366.jpg,vn_trash,Carton,dc0f20f2c2ff8a51,True,exact_md5_duplicate
DUP_GROUP_0492,D:\HK7\Đồ án khóa luận\Data\raw\garbage_v2\cardboard\cardboard_618.jpg,garbage_v2,cardboard,D:\HK7\Đồ án khóa luận\Data\raw\vn_trash\Carton\train_cardboard325.jpg,vn_trash,Carton,dc0f20f2c2ff8a51,True,exact_md5_duplicate
DUP_GROUP_0493,D:\HK7\Đồ án khóa luận\Data\raw\garbage_v2\cardboard\cardboard_62.jpg,garbage_v2,cardboard,D:\HK7\Đồ án khóa luận\Data\raw\vn_trash\Carton\train_cardboard417.jpg,vn_trash,Carton,fab5804b97623f48,True,exact_md5_duplicate
DUP_GROUP_0494,D:\HK7\Đồ án khóa luận\Data\raw\garbage_v2\cardboard\cardboard_623.jpg,garbage_v2,cardboard,D:\HK7\Đồ án khóa luận\Data\raw\vn_trash\Carton\train_cardboard206.jpg,vn_trash,Carton,fed7bb3113313030,True,exact_md5_duplicate
DUP_GROUP_0495,D:\HK7\Đồ án khóa luận\Data\raw\garbage_v2\cardboard\cardboard_624.jpg,garbage_v2,cardboard,D:\HK7\Đồ án khóa luận\Data\raw\vn_trash\Carton\train_cardboard304.jpg,vn_trash,Carton,c383136dececac86,True,exact_md5_duplicate
DUP_GROUP_0496,D:\HK7\Đồ án khóa luận\Data\raw\garbage_v2\cardboard\cardboard_626.jpg,garbage_v2,cardboard,D:\HK7\Đồ án khóa luận\Data\raw\vn_trash\Carton\train_cardboard690.jpg,vn_trash,Carton,bd8bc698ce619986,True,exact_md5_duplicate
DUP_GROUP_0497,D:\HK7\Đồ án khóa luận\Data\raw\garbage_v2\cardboard\cardboard_627.jpg,garbage_v2,cardboard,D:\HK7\Đồ án khóa luận\Data\raw\vn_trash\Carton\train_cardboard560.jpg,vn_trash,Carton,ad9bc2243c6b339a,True,exact_md5_duplicate
DUP_GROUP_0498,D:\HK7\Đồ án khóa luận\Data\raw\garbage_v2\cardboard\cardboard_629.jpg,garbage_v2,cardboard,D:\HK7\Đồ án khóa luận\Data\raw\vn_trash\Carton\train_cardboard170.jpg,vn_trash,Carton,abaad4572eaad051,True,exact_md5_duplicate
DUP_GROUP_0499,D:\HK7\Đồ án khóa luận\Data\raw\garbage_v2\cardboard\cardboard_63.jpg,garbage_v2,cardboard,D:\HK7\Đồ án khóa luận\Data\raw\vn_trash\Carton\train_cardboard694.jpg,vn_trash,Carton,ea98c5291ae47b9a,True,exact_md5_duplicate
DUP_GROUP_0500,D:\HK7\Đồ án khóa luận\Data\raw\garbage_v2\cardboard\cardboard_630.jpg,garbage_v2,cardboard,D:\HK7\Đồ án khóa luận\Data\raw\vn_trash\Carton\train_cardboard584.jpg,vn_trash,Carton,bb08e4f984f19dc1,True,exact_md5_duplicate
DUP_GROUP_0501,D:\HK7\Đồ án khóa luận\Data\raw\garbage_v2\cardboard\cardboard_632.jpg,garbage_v2,cardboard,D:\HK7\Đồ án khóa luận\Data\raw\vn_trash\Carton\train_cardboard2.jpg,vn_trash,Carton,d2a28d9b8dd993c4,True,exact_md5_duplicate
DUP_GROUP_0502,D:\HK7\Đồ án khóa luận\Data\raw\garbage_v2\cardboard\cardboard_633.jpg,garbage_v2,cardboard,D:\HK7\Đồ án khóa luận\Data\raw\vn_trash\Carton\train_cardboard868.jpg,vn_trash,Carton,bb4ed0348d1b8e99,True,exact_md5_duplicate
DUP_GROUP_0503,D:\HK7\Đồ án khóa luận\Data\raw\garbage_v2\cardboard\cardboard_634.jpg,garbage_v2,cardboard,D:\HK7\Đồ án khóa luận\Data\raw\vn_trash\Carton\train_cardboard740.jpg,vn_trash,Carton,b81f95e0c2e0ce6d,True,exact_md5_duplicate
DUP_GROUP_0504,D:\HK7\Đồ án khóa luận\Data\raw\garbage_v2\cardboard\cardboard_636.jpg,garbage_v2,cardboard,D:\HK7\Đồ án khóa luận\Data\raw\vn_trash\Carton\test_cardboard 1983.jpg,vn_trash,Carton,d2d0affcd16b8091,True,exact_md5_duplicate
DUP_GROUP_0504,D:\HK7\Đồ án khóa luận\Data\raw\garbage_v2\cardboard\cardboard_636.jpg,garbage_v2,cardboard,D:\HK7\Đồ án khóa luận\Data\raw\vn_trash\Carton\train_cardboard660.jpg,vn_trash,Carton,d2d0affcd16b8091,True,exact_md5_duplicate
DUP_GROUP_0505,D:\HK7\Đồ án khóa luận\Data\raw\garbage_v2\cardboard\cardboard_640.jpg,garbage_v2,cardboard,D:\HK7\Đồ án khóa luận\Data\raw\vn_trash\Carton\train_cardboard639.jpg,vn_trash,Carton,bcadf05a01e6c764,True,exact_md5_duplicate
DUP_GROUP_0506,D:\HK7\Đồ án khóa luận\Data\raw\garbage_v2\cardboard\cardboard_643.jpg,garbage_v2,cardboard,D:\HK7\Đồ án khóa luận\Data\raw\vn_trash\Carton\train_cardboard93.jpg,vn_trash,Carton,b7a77c6884e2c568,True,exact_md5_duplicate
DUP_GROUP_0507,D:\HK7\Đồ án khóa luận\Data\raw\garbage_v2\cardboard\cardboard_644.jpg,garbage_v2,cardboard,D:\HK7\Đồ án khóa luận\Data\raw\vn_trash\Carton\train_cardboard262.jpg,vn_trash,Carton,fe7cb0a62ba6a034,True,exact_md5_duplicate
DUP_GROUP_0508,D:\HK7\Đồ án khóa luận\Data\raw\garbage_v2\cardboard\cardboard_646.jpg,garbage_v2,cardboard,D:\HK7\Đồ án khóa luận\Data\raw\vn_trash\Carton\train_cardboard548.jpg,vn_trash,Carton,bc4ec3313c303ccf,True,exact_md5_duplicate
DUP_GROUP_0509,D:\HK7\Đồ án khóa luận\Data\raw\garbage_v2\cardboard\cardboard_647.jpg,garbage_v2,cardboard,D:\HK7\Đồ án khóa luận\Data\raw\vn_trash\Carton\train_cardboard291.jpg,vn_trash,Carton,e070d740aa6f157e,True,exact_md5_duplicate
DUP_GROUP_0510,D:\HK7\Đồ án khóa luận\Data\raw\garbage_v2\cardboard\cardboard_648.jpg,garbage_v2,cardboard,D:\HK7\Đồ án khóa luận\Data\raw\vn_trash\Carton\train_cardboard176.jpg,vn_trash,Carton,d5e78a2a9555d48a,True,exact_md5_duplicate
DUP_GROUP_0511,D:\HK7\Đồ án khóa luận\Data\raw\garbage_v2\cardboard\cardboard_649.jpg,garbage_v2,cardboard,D:\HK7\Đồ án khóa luận\Data\raw\vn_trash\Carton\test_cardboard 2020.jpg,vn_trash,Carton,f7cca1d14aa4746a,True,exact_md5_duplicate
DUP_GROUP_0511,D:\HK7\Đồ án khóa luận\Data\raw\garbage_v2\cardboard\cardboard_649.jpg,garbage_v2,cardboard,D:\HK7\Đồ án khóa luận\Data\raw\vn_trash\Carton\train_cardboard4.jpg,vn_trash,Carton,f7cca1d14aa4746a,True,exact_md5_duplicate
DUP_GROUP_0512,D:\HK7\Đồ án khóa luận\Data\raw\garbage_v2\cardboard\cardboard_651.jpg,garbage_v2,cardboard,D:\HK7\Đồ án khóa luận\Data\raw\vn_trash\Carton\train_cardboard659.jpg,vn_trash,Carton,cd924bc73cc3c564,True,exact_md5_duplicate
DUP_GROUP_0513,D:\HK7\Đồ án khóa luận\Data\raw\garbage_v2\cardboard\cardboard_653.jpg,garbage_v2,cardboard,D:\HK7\Đồ án khóa luận\Data\raw\vn_trash\Carton\train_cardboard598.jpg,vn_trash,Carton,bf43d0bec2bc2740,True,exact_md5_duplicate
DUP_GROUP_0514,D:\HK7\Đồ án khóa luận\Data\raw\garbage_v2\cardboard\cardboard_654.jpg,garbage_v2,cardboard,D:\HK7\Đồ án khóa luận\Data\raw\vn_trash\Carton\train_cardboard202.jpg,vn_trash,Carton,eaeb85953ab26606,True,exact_md5_duplicate
DUP_GROUP_0515,D:\HK7\Đồ án khóa luận\Data\raw\garbage_v2\cardboard\cardboard_655.jpg,garbage_v2,cardboard,D:\HK7\Đồ án khóa luận\Data\raw\vn_trash\Carton\train_cardboard887.jpg,vn_trash,Carton,efc1c09a962f2de0,True,exact_md5_duplicate
DUP_GROUP_0516,D:\HK7\Đồ án khóa luận\Data\raw\garbage_v2\cardboard\cardboard_656.jpg,garbage_v2,cardboard,D:\HK7\Đồ án khóa luận\Data\raw\vn_trash\Carton\train_cardboard844.jpg,vn_trash,Carton,91c54d32558e2abf,True,exact_md5_duplicate
DUP_GROUP_0517,D:\HK7\Đồ án khóa luận\Data\raw\garbage_v2\cardboard\cardboard_659.jpg,garbage_v2,cardboard,D:\HK7\Đồ án khóa luận\Data\raw\vn_trash\Carton\train_cardboard151.jpg,vn_trash,Carton,d656eb2a55da9411,True,exact_md5_duplicate
DUP_GROUP_0518,D:\HK7\Đồ án khóa luận\Data\raw\garbage_v2\cardboard\cardboard_660.jpg,garbage_v2,cardboard,D:\HK7\Đồ án khóa luận\Data\raw\vn_trash\Carton\train_cardboard557.jpg,vn_trash,Carton,ac2fc3e499c6c2d2,True,exact_md5_duplicate
DUP_GROUP_0519,D:\HK7\Đồ án khóa luận\Data\raw\garbage_v2\cardboard\cardboard_665.jpg,garbage_v2,cardboard,D:\HK7\Đồ án khóa luận\Data\raw\vn_trash\Carton\train_cardboard114.jpg,vn_trash,Carton,d7b0417c78f47ac0,True,exact_md5_duplicate
DUP_GROUP_0520,D:\HK7\Đồ án khóa luận\Data\raw\garbage_v2\cardboard\cardboard_666.jpg,garbage_v2,cardboard,D:\HK7\Đồ án khóa luận\Data\raw\vn_trash\Carton\test_cardboard 2058.jpg,vn_trash,Carton,f183cc3c26c3373c,True,exact_md5_duplicate
DUP_GROUP_0520,D:\HK7\Đồ án khóa luận\Data\raw\garbage_v2\cardboard\cardboard_666.jpg,garbage_v2,cardboard,D:\HK7\Đồ án khóa luận\Data\raw\vn_trash\Carton\train_cardboard39.jpg,vn_trash,Carton,f183cc3c26c3373c,True,exact_md5_duplicate
DUP_GROUP_0521,D:\HK7\Đồ án khóa luận\Data\raw\garbage_v2\cardboard\cardboard_667.jpg,garbage_v2,cardboard,D:\HK7\Đồ án khóa luận\Data\raw\vn_trash\Carton\train_cardboard294.jpg,vn_trash,Carton,dae425aff50a3590,True,exact_md5_duplicate
DUP_GROUP_0522,D:\HK7\Đồ án khóa luận\Data\raw\garbage_v2\cardboard\cardboard_668.jpg,garbage_v2,cardboard,D:\HK7\Đồ án khóa luận\Data\raw\vn_trash\Carton\test_cardboard 2006.jpg,vn_trash,Carton,edc8d0d292939397,True,exact_md5_duplicate
DUP_GROUP_0522,D:\HK7\Đồ án khóa luận\Data\raw\garbage_v2\cardboard\cardboard_668.jpg,garbage_v2,cardboard,D:\HK7\Đồ án khóa luận\Data\raw\vn_trash\Carton\train_cardboard869.jpg,vn_trash,Carton,edc8d0d292939397,True,exact_md5_duplicate
DUP_GROUP_0523,D:\HK7\Đồ án khóa luận\Data\raw\garbage_v2\cardboard\cardboard_669.jpg,garbage_v2,cardboard,D:\HK7\Đồ án khóa luận\Data\raw\vn_trash\Carton\train_cardboard331.jpg,vn_trash,Carton,ea55b0230ec8db37,True,exact_md5_duplicate
DUP_GROUP_0524,D:\HK7\Đồ án khóa luận\Data\raw\garbage_v2\cardboard\cardboard_67.jpg,garbage_v2,cardboard,D:\HK7\Đồ án khóa luận\Data\raw\vn_trash\Carton\test_cardboard 2022.jpg,vn_trash,Carton,fba187869546785a,True,exact_md5_duplicate
DUP_GROUP_0524,D:\HK7\Đồ án khóa luận\Data\raw\garbage_v2\cardboard\cardboard_67.jpg,garbage_v2,cardboard,D:\HK7\Đồ án khóa luận\Data\raw\vn_trash\Carton\train_cardboard6.jpg,vn_trash,Carton,fba187869546785a,True,exact_md5_duplicate
DUP_GROUP_0525,D:\HK7\Đồ án khóa luận\Data\raw\garbage_v2\cardboard\cardboard_670.jpg,garbage_v2,cardboard,D:\HK7\Đồ án khóa luận\Data\raw\vn_trash\Carton\test_cardboard 1969.jpg,vn_trash,Carton,e7d99c666968948c,True,exact_md5_duplicate
DUP_GROUP_0525,D:\HK7\Đồ án khóa luận\Data\raw\garbage_v2\cardboard\cardboard_670.jpg,garbage_v2,cardboard,D:\HK7\Đồ án khóa luận\Data\raw\vn_trash\Carton\train_cardboard552.jpg,vn_trash,Carton,e7d99c666968948c,True,exact_md5_duplicate
DUP_GROUP_0526,D:\HK7\Đồ án khóa luận\Data\raw\garbage_v2\cardboard\cardboard_671.jpg,garbage_v2,cardboard,D:\HK7\Đồ án khóa luận\Data\raw\vn_trash\Carton\test_cardboard 1987.jpg,vn_trash,Carton,ab31b291399ade4c,True,exact_md5_duplicate
DUP_GROUP_0526,D:\HK7\Đồ án khóa luận\Data\raw\garbage_v2\cardboard\cardboard_671.jpg,garbage_v2,cardboard,D:\HK7\Đồ án khóa luận\Data\raw\vn_trash\Carton\train_cardboard704.jpg,vn_trash,Carton,ab31b291399ade4c,True,exact_md5_duplicate
DUP_GROUP_0527,D:\HK7\Đồ án khóa luận\Data\raw\garbage_v2\cardboard\cardboard_675.jpg,garbage_v2,cardboard,D:\HK7\Đồ án khóa luận\Data\raw\vn_trash\Carton\train_cardboard145.jpg,vn_trash,Carton,c95a12e429ece98f,True,exact_md5_duplicate
DUP_GROUP_0528,D:\HK7\Đồ án khóa luận\Data\raw\garbage_v2\cardboard\cardboard_678.jpg,garbage_v2,cardboard,D:\HK7\Đồ án khóa luận\Data\raw\vn_trash\Carton\train_cardboard676.jpg,vn_trash,Carton,ea1885e89e271bd6,True,exact_md5_duplicate
DUP_GROUP_0529,D:\HK7\Đồ án khóa luận\Data\raw\garbage_v2\cardboard\cardboard_679.jpg,garbage_v2,cardboard,D:\HK7\Đồ án khóa luận\Data\raw\vn_trash\Carton\train_cardboard 2361.jpg,vn_trash,Carton,d53b0a682ba58de3,True,exact_md5_duplicate
DUP_GROUP_0529,D:\HK7\Đồ án khóa luận\Data\raw\garbage_v2\cardboard\cardboard_679.jpg,garbage_v2,cardboard,D:\HK7\Đồ án khóa luận\Data\raw\vn_trash\Carton\train_cardboard319.jpg,vn_trash,Carton,d53b0a682ba58de3,True,exact_md5_duplicate
DUP_GROUP_0530,D:\HK7\Đồ án khóa luận\Data\raw\garbage_v2\cardboard\cardboard_68.jpg,garbage_v2,cardboard,D:\HK7\Đồ án khóa luận\Data\raw\vn_trash\Carton\train_cardboard486.jpg,vn_trash,Carton,eb6f9486919186e5,True,exact_md5_duplicate
DUP_GROUP_0531,D:\HK7\Đồ án khóa luận\Data\raw\garbage_v2\cardboard\cardboard_682.jpg,garbage_v2,cardboard,D:\HK7\Đồ án khóa luận\Data\raw\vn_trash\Carton\train_cardboard96.jpg,vn_trash,Carton,e444a9d5ab92d5aa,True,exact_md5_duplicate
DUP_GROUP_0532,D:\HK7\Đồ án khóa luận\Data\raw\garbage_v2\cardboard\cardboard_683.jpg,garbage_v2,cardboard,D:\HK7\Đồ án khóa luận\Data\raw\vn_trash\Carton\train_cardboard134.jpg,vn_trash,Carton,e55b923f8bb209c2,True,exact_md5_duplicate
DUP_GROUP_0533,D:\HK7\Đồ án khóa luận\Data\raw\garbage_v2\cardboard\cardboard_689.jpg,garbage_v2,cardboard,D:\HK7\Đồ án khóa luận\Data\raw\vn_trash\Carton\train_cardboard230.jpg,vn_trash,Carton,c442cc9adfad10d7,True,exact_md5_duplicate
DUP_GROUP_0534,D:\HK7\Đồ án khóa luận\Data\raw\garbage_v2\cardboard\cardboard_69.jpg,garbage_v2,cardboard,D:\HK7\Đồ án khóa luận\Data\raw\vn_trash\Carton\train_cardboard813.jpg,vn_trash,Carton,8bf8c58bcb62860f,True,exact_md5_duplicate
DUP_GROUP_0535,D:\HK7\Đồ án khóa luận\Data\raw\garbage_v2\cardboard\cardboard_691.jpg,garbage_v2,cardboard,D:\HK7\Đồ án khóa luận\Data\raw\vn_trash\Carton\train_cardboard84.jpg,vn_trash,Carton,c084e77aef476438,True,exact_md5_duplicate
DUP_GROUP_0536,D:\HK7\Đồ án khóa luận\Data\raw\garbage_v2\cardboard\cardboard_693.jpg,garbage_v2,cardboard,D:\HK7\Đồ án khóa luận\Data\raw\vn_trash\Carton\train_cardboard204.jpg,vn_trash,Carton,d7af80d03e0703af,True,exact_md5_duplicate
DUP_GROUP_0537,D:\HK7\Đồ án khóa luận\Data\raw\garbage_v2\cardboard\cardboard_694.jpg,garbage_v2,cardboard,D:\HK7\Đồ án khóa luận\Data\raw\vn_trash\Carton\train_cardboard757.jpg,vn_trash,Carton,efcb844285f8943d,True,exact_md5_duplicate
DUP_GROUP_0538,D:\HK7\Đồ án khóa luận\Data\raw\garbage_v2\cardboard\cardboard_695.jpg,garbage_v2,cardboard,D:\HK7\Đồ án khóa luận\Data\raw\vn_trash\Carton\train_cardboard686.jpg,vn_trash,Carton,fa4e81b16e4af0a5,True,exact_md5_duplicate
DUP_GROUP_0539,D:\HK7\Đồ án khóa luận\Data\raw\garbage_v2\cardboard\cardboard_699.jpg,garbage_v2,cardboard,D:\HK7\Đồ án khóa luận\Data\raw\vn_trash\Carton\train_cardboard154.jpg,vn_trash,Carton,cc51b36e95a1b3a4,True,exact_md5_duplicate
DUP_GROUP_0540,D:\HK7\Đồ án khóa luận\Data\raw\garbage_v2\cardboard\cardboard_7.jpg,garbage_v2,cardboard,D:\HK7\Đồ án khóa luận\Data\raw\vn_trash\Carton\train_cardboard111.jpg,vn_trash,Carton,c65abb7304ee7128,True,exact_md5_duplicate
DUP_GROUP_0541,D:\HK7\Đồ án khóa luận\Data\raw\garbage_v2\cardboard\cardboard_700.jpg,garbage_v2,cardboard,D:\HK7\Đồ án khóa luận\Data\raw\vn_trash\Carton\train_cardboard697.jpg,vn_trash,Carton,ad1b96cdc6f0d091,True,exact_md5_duplicate
DUP_GROUP_0542,D:\HK7\Đồ án khóa luận\Data\raw\garbage_v2\cardboard\cardboard_704.jpg,garbage_v2,cardboard,D:\HK7\Đồ án khóa luận\Data\raw\vn_trash\Carton\train_cardboard432.jpg,vn_trash,Carton,ff3d80c0f49cc3a1,True,exact_md5_duplicate
DUP_GROUP_0543,D:\HK7\Đồ án khóa luận\Data\raw\garbage_v2\cardboard\cardboard_705.jpg,garbage_v2,cardboard,D:\HK7\Đồ án khóa luận\Data\raw\vn_trash\Carton\train_cardboard17.jpg,vn_trash,Carton,e552596d55a252ad,True,exact_md5_duplicate
DUP_GROUP_0544,D:\HK7\Đồ án khóa luận\Data\raw\garbage_v2\cardboard\cardboard_709.jpg,garbage_v2,cardboard,D:\HK7\Đồ án khóa luận\Data\raw\vn_trash\Carton\train_cardboard150.jpg,vn_trash,Carton,c763ba41da29d896,True,exact_md5_duplicate
DUP_GROUP_0545,D:\HK7\Đồ án khóa luận\Data\raw\garbage_v2\cardboard\cardboard_71.jpg,garbage_v2,cardboard,D:\HK7\Đồ án khóa luận\Data\raw\vn_trash\Carton\train_cardboard719.jpg,vn_trash,Carton,bc9fc298842ba7a9,True,exact_md5_duplicate
DUP_GROUP_0546,D:\HK7\Đồ án khóa luận\Data\raw\garbage_v2\cardboard\cardboard_712.jpg,garbage_v2,cardboard,D:\HK7\Đồ án khóa luận\Data\raw\vn_trash\Carton\train_cardboard613.jpg,vn_trash,Carton,af61d09e2f61d0d2,True,exact_md5_duplicate
DUP_GROUP_0547,D:\HK7\Đồ án khóa luận\Data\raw\garbage_v2\cardboard\cardboard_717.jpg,garbage_v2,cardboard,D:\HK7\Đồ án khóa luận\Data\raw\vn_trash\Carton\train_cardboard90.jpg,vn_trash,Carton,a2b51319d9c9cdd4,True,exact_md5_duplicate
DUP_GROUP_0548,D:\HK7\Đồ án khóa luận\Data\raw\garbage_v2\cardboard\cardboard_72.jpg,garbage_v2,cardboard,D:\HK7\Đồ án khóa luận\Data\raw\vn_trash\Carton\test_cardboard 1973.jpg,vn_trash,Carton,f4cdcb929f312033,True,exact_md5_duplicate
DUP_GROUP_0548,D:\HK7\Đồ án khóa luận\Data\raw\garbage_v2\cardboard\cardboard_72.jpg,garbage_v2,cardboard,D:\HK7\Đồ án khóa luận\Data\raw\vn_trash\Carton\train_cardboard573.jpg,vn_trash,Carton,f4cdcb929f312033,True,exact_md5_duplicate
DUP_GROUP_0549,D:\HK7\Đồ án khóa luận\Data\raw\garbage_v2\cardboard\cardboard_720.jpg,garbage_v2,cardboard,D:\HK7\Đồ án khóa luận\Data\raw\vn_trash\Carton\test_cardboard 1955.jpg,vn_trash,Carton,c41f1b18c771c67a,True,exact_md5_duplicate
DUP_GROUP_0549,D:\HK7\Đồ án khóa luận\Data\raw\garbage_v2\cardboard\cardboard_720.jpg,garbage_v2,cardboard,D:\HK7\Đồ án khóa luận\Data\raw\vn_trash\Carton\train_cardboard420.jpg,vn_trash,Carton,c41f1b18c771c67a,True,exact_md5_duplicate
DUP_GROUP_0550,D:\HK7\Đồ án khóa luận\Data\raw\garbage_v2\cardboard\cardboard_721.jpg,garbage_v2,cardboard,D:\HK7\Đồ án khóa luận\Data\raw\vn_trash\Carton\train_cardboard477.jpg,vn_trash,Carton,90bb719e64507747,True,exact_md5_duplicate
DUP_GROUP_0551,D:\HK7\Đồ án khóa luận\Data\raw\garbage_v2\cardboard\cardboard_722.jpg,garbage_v2,cardboard,D:\HK7\Đồ án khóa luận\Data\raw\vn_trash\Carton\train_cardboard727.jpg,vn_trash,Carton,cb36e94af4ab4291,True,exact_md5_duplicate
DUP_GROUP_0552,D:\HK7\Đồ án khóa luận\Data\raw\garbage_v2\cardboard\cardboard_723.jpg,garbage_v2,cardboard,D:\HK7\Đồ án khóa luận\Data\raw\vn_trash\Carton\test_cardboard 2065.jpg,vn_trash,Carton,ed5214a9854772bb,True,exact_md5_duplicate
DUP_GROUP_0552,D:\HK7\Đồ án khóa luận\Data\raw\garbage_v2\cardboard\cardboard_723.jpg,garbage_v2,cardboard,D:\HK7\Đồ án khóa luận\Data\raw\vn_trash\Carton\train_cardboard44.jpg,vn_trash,Carton,ed5214a9854772bb,True,exact_md5_duplicate
DUP_GROUP_0553,D:\HK7\Đồ án khóa luận\Data\raw\garbage_v2\cardboard\cardboard_725.jpg,garbage_v2,cardboard,D:\HK7\Đồ án khóa luận\Data\raw\vn_trash\Carton\train_cardboard559.jpg,vn_trash,Carton,bc95c36a3c960fc1,True,exact_md5_duplicate
DUP_GROUP_0554,D:\HK7\Đồ án khóa luận\Data\raw\garbage_v2\cardboard\cardboard_728.jpg,garbage_v2,cardboard,D:\HK7\Đồ án khóa luận\Data\raw\vn_trash\Carton\train_cardboard517.jpg,vn_trash,Carton,bec2c03d3fc86325,True,exact_md5_duplicate
DUP_GROUP_0555,D:\HK7\Đồ án khóa luận\Data\raw\garbage_v2\cardboard\cardboard_73.jpg,garbage_v2,cardboard,D:\HK7\Đồ án khóa luận\Data\raw\vn_trash\Carton\train_cardboard796.jpg,vn_trash,Carton,f84e97b19d254d90,True,exact_md5_duplicate
DUP_GROUP_0556,D:\HK7\Đồ án khóa luận\Data\raw\garbage_v2\cardboard\cardboard_737.jpg,garbage_v2,cardboard,D:\HK7\Đồ án khóa luận\Data\raw\vn_trash\Carton\test_cardboard 2014.jpg,vn_trash,Carton,d2cd2d32859a32cf,True,exact_md5_duplicate
DUP_GROUP_0556,D:\HK7\Đồ án khóa luận\Data\raw\garbage_v2\cardboard\cardboard_737.jpg,garbage_v2,cardboard,D:\HK7\Đồ án khóa luận\Data\raw\vn_trash\Carton\train_cardboard888.jpg,vn_trash,Carton,d2cd2d32859a32cf,True,exact_md5_duplicate
DUP_GROUP_0557,D:\HK7\Đồ án khóa luận\Data\raw\garbage_v2\cardboard\cardboard_738.jpg,garbage_v2,cardboard,D:\HK7\Đồ án khóa luận\Data\raw\vn_trash\Carton\train_cardboard156.jpg,vn_trash,Carton,c0f01f80f8ff3887,True,exact_md5_duplicate
DUP_GROUP_0558,D:\HK7\Đồ án khóa luận\Data\raw\garbage_v2\cardboard\cardboard_740.jpg,garbage_v2,cardboard,D:\HK7\Đồ án khóa luận\Data\raw\vn_trash\Carton\train_cardboard434.jpg,vn_trash,Carton,aa7faf3ed5808484,True,exact_md5_duplicate
DUP_GROUP_0559,D:\HK7\Đồ án khóa luận\Data\raw\garbage_v2\cardboard\cardboard_741.jpg,garbage_v2,cardboard,D:\HK7\Đồ án khóa luận\Data\raw\vn_trash\Carton\train_cardboard528.jpg,vn_trash,Carton,b53aca3c75823ce1,True,exact_md5_duplicate
DUP_GROUP_0560,D:\HK7\Đồ án khóa luận\Data\raw\garbage_v2\cardboard\cardboard_742.jpg,garbage_v2,cardboard,D:\HK7\Đồ án khóa luận\Data\raw\vn_trash\Carton\train_cardboard654.jpg,vn_trash,Carton,eb94856b5ac43ad4,True,exact_md5_duplicate
DUP_GROUP_0561,D:\HK7\Đồ án khóa luận\Data\raw\garbage_v2\cardboard\cardboard_744.jpg,garbage_v2,cardboard,D:\HK7\Đồ án khóa luận\Data\raw\vn_trash\Carton\train_cardboard168.jpg,vn_trash,Carton,dba4d1712c2a97d4,True,exact_md5_duplicate
DUP_GROUP_0562,D:\HK7\Đồ án khóa luận\Data\raw\garbage_v2\cardboard\cardboard_746.jpg,garbage_v2,cardboard,D:\HK7\Đồ án khóa luận\Data\raw\vn_trash\Carton\train_cardboard623.jpg,vn_trash,Carton,ee99d14593c6c638,True,exact_md5_duplicate
DUP_GROUP_0563,D:\HK7\Đồ án khóa luận\Data\raw\garbage_v2\cardboard\cardboard_749.jpg,garbage_v2,cardboard,D:\HK7\Đồ án khóa luận\Data\raw\vn_trash\Carton\train_cardboard69.jpg,vn_trash,Carton,b685cbe70c7933c0,True,exact_md5_duplicate
DUP_GROUP_0564,D:\HK7\Đồ án khóa luận\Data\raw\garbage_v2\cardboard\cardboard_750.jpg,garbage_v2,cardboard,D:\HK7\Đồ án khóa luận\Data\raw\vn_trash\Carton\train_cardboard521.jpg,vn_trash,Carton,ea14c97a85e2bc65,True,exact_md5_duplicate
DUP_GROUP_0565,D:\HK7\Đồ án khóa luận\Data\raw\garbage_v2\cardboard\cardboard_751.jpg,garbage_v2,cardboard,D:\HK7\Đồ án khóa luận\Data\raw\vn_trash\Carton\train_cardboard592.jpg,vn_trash,Carton,bf90c04b3fbc3a81,True,exact_md5_duplicate
DUP_GROUP_0566,D:\HK7\Đồ án khóa luận\Data\raw\garbage_v2\cardboard\cardboard_753.jpg,garbage_v2,cardboard,D:\HK7\Đồ án khóa luận\Data\raw\vn_trash\Carton\test_cardboard 2068.jpg,vn_trash,Carton,dda99695d2939415,True,exact_md5_duplicate
DUP_GROUP_0566,D:\HK7\Đồ án khóa luận\Data\raw\garbage_v2\cardboard\cardboard_753.jpg,garbage_v2,cardboard,D:\HK7\Đồ án khóa luận\Data\raw\vn_trash\Carton\train_cardboard48.jpg,vn_trash,Carton,dda99695d2939415,True,exact_md5_duplicate
DUP_GROUP_0567,D:\HK7\Đồ án khóa luận\Data\raw\garbage_v2\cardboard\cardboard_758.jpg,garbage_v2,cardboard,D:\HK7\Đồ án khóa luận\Data\raw\vn_trash\Carton\train_cardboard67.jpg,vn_trash,Carton,d3b9b3f14c1c0e8c,True,exact_md5_duplicate
DUP_GROUP_0568,D:\HK7\Đồ án khóa luận\Data\raw\garbage_v2\cardboard\cardboard_759.jpg,garbage_v2,cardboard,D:\HK7\Đồ án khóa luận\Data\raw\vn_trash\Carton\train_cardboard130.jpg,vn_trash,Carton,ccb2314dce733139,True,exact_md5_duplicate
DUP_GROUP_0569,D:\HK7\Đồ án khóa luận\Data\raw\garbage_v2\cardboard\cardboard_760.jpg,garbage_v2,cardboard,D:\HK7\Đồ án khóa luận\Data\raw\vn_trash\Carton\train_cardboard183.jpg,vn_trash,Carton,fdd18591a8cc325b,True,exact_md5_duplicate
DUP_GROUP_0570,D:\HK7\Đồ án khóa luận\Data\raw\garbage_v2\cardboard\cardboard_763.jpg,garbage_v2,cardboard,D:\HK7\Đồ án khóa luận\Data\raw\vn_trash\Carton\train_cardboard679.jpg,vn_trash,Carton,be4391bca16ec394,True,exact_md5_duplicate
DUP_GROUP_0571,D:\HK7\Đồ án khóa luận\Data\raw\garbage_v2\cardboard\cardboard_764.jpg,garbage_v2,cardboard,D:\HK7\Đồ án khóa luận\Data\raw\vn_trash\Carton\train_cardboard129.jpg,vn_trash,Carton,f84656919a7c47b1,True,exact_md5_duplicate
DUP_GROUP_0572,D:\HK7\Đồ án khóa luận\Data\raw\garbage_v2\cardboard\cardboard_767.jpg,garbage_v2,cardboard,D:\HK7\Đồ án khóa luận\Data\raw\vn_trash\Carton\train_cardboard490.jpg,vn_trash,Carton,ef938281e133195f,True,exact_md5_duplicate
DUP_GROUP_0573,D:\HK7\Đồ án khóa luận\Data\raw\garbage_v2\cardboard\cardboard_769.jpg,garbage_v2,cardboard,D:\HK7\Đồ án khóa luận\Data\raw\vn_trash\Carton\train_cardboard 2413.jpg,vn_trash,Carton,c2c92fc23e69966c,True,exact_md5_duplicate
DUP_GROUP_0573,D:\HK7\Đồ án khóa luận\Data\raw\garbage_v2\cardboard\cardboard_769.jpg,garbage_v2,cardboard,D:\HK7\Đồ án khóa luận\Data\raw\vn_trash\Carton\train_cardboard441.jpg,vn_trash,Carton,c2c92fc23e69966c,True,exact_md5_duplicate
DUP_GROUP_0574,D:\HK7\Đồ án khóa luận\Data\raw\garbage_v2\cardboard\cardboard_77.jpg,garbage_v2,cardboard,D:\HK7\Đồ án khóa luận\Data\raw\vn_trash\Carton\test_cardboard 1978.jpg,vn_trash,Carton,bfbf9f404223b281,True,exact_md5_duplicate
DUP_GROUP_0574,D:\HK7\Đồ án khóa luận\Data\raw\garbage_v2\cardboard\cardboard_77.jpg,garbage_v2,cardboard,D:\HK7\Đồ án khóa luận\Data\raw\vn_trash\Carton\train_cardboard616.jpg,vn_trash,Carton,bfbf9f404223b281,True,exact_md5_duplicate
DUP_GROUP_0575,D:\HK7\Đồ án khóa luận\Data\raw\garbage_v2\cardboard\cardboard_770.jpg,garbage_v2,cardboard,D:\HK7\Đồ án khóa luận\Data\raw\vn_trash\Carton\train_cardboard283.jpg,vn_trash,Carton,edd9e4858d2daca0,True,exact_md5_duplicate
DUP_GROUP_0576,D:\HK7\Đồ án khóa luận\Data\raw\garbage_v2\cardboard\cardboard_775.jpg,garbage_v2,cardboard,D:\HK7\Đồ án khóa luận\Data\raw\vn_trash\Carton\train_cardboard 2369.jpg,vn_trash,Carton,e26c636c64568dcb,True,exact_md5_duplicate
DUP_GROUP_0576,D:\HK7\Đồ án khóa luận\Data\raw\garbage_v2\cardboard\cardboard_775.jpg,garbage_v2,cardboard,D:\HK7\Đồ án khóa luận\Data\raw\vn_trash\Carton\train_cardboard328.jpg,vn_trash,Carton,e26c636c64568dcb,True,exact_md5_duplicate
DUP_GROUP_0577,D:\HK7\Đồ án khóa luận\Data\raw\garbage_v2\cardboard\cardboard_776.jpg,garbage_v2,cardboard,D:\HK7\Đồ án khóa luận\Data\raw\vn_trash\Carton\train_cardboard186.jpg,vn_trash,Carton,e2dd221d82f52a37,True,exact_md5_duplicate
DUP_GROUP_0578,D:\HK7\Đồ án khóa luận\Data\raw\garbage_v2\cardboard\cardboard_777.jpg,garbage_v2,cardboard,D:\HK7\Đồ án khóa luận\Data\raw\vn_trash\Carton\train_cardboard524.jpg,vn_trash,Carton,af3bc2a396c0d2e4,True,exact_md5_duplicate
DUP_GROUP_0579,D:\HK7\Đồ án khóa luận\Data\raw\garbage_v2\cardboard\cardboard_778.jpg,garbage_v2,cardboard,D:\HK7\Đồ án khóa luận\Data\raw\vn_trash\Carton\train_cardboard691.jpg,vn_trash,Carton,ee1695baa4e892b1,True,exact_md5_duplicate
DUP_GROUP_0580,D:\HK7\Đồ án khóa luận\Data\raw\garbage_v2\cardboard\cardboard_78.jpg,garbage_v2,cardboard,D:\HK7\Đồ án khóa luận\Data\raw\vn_trash\Carton\test_cardboard 2080.jpg,vn_trash,Carton,aa9d95d4cbe86960,True,exact_md5_duplicate
DUP_GROUP_0580,D:\HK7\Đồ án khóa luận\Data\raw\garbage_v2\cardboard\cardboard_78.jpg,garbage_v2,cardboard,D:\HK7\Đồ án khóa luận\Data\raw\vn_trash\Carton\train_cardboard58.jpg,vn_trash,Carton,aa9d95d4cbe86960,True,exact_md5_duplicate
DUP_GROUP_0581,D:\HK7\Đồ án khóa luận\Data\raw\garbage_v2\cardboard\cardboard_780.jpg,garbage_v2,cardboard,D:\HK7\Đồ án khóa luận\Data\raw\vn_trash\Carton\train_cardboard217.jpg,vn_trash,Carton,ba519168c337d837,True,exact_md5_duplicate
DUP_GROUP_0582,D:\HK7\Đồ án khóa luận\Data\raw\garbage_v2\cardboard\cardboard_783.jpg,garbage_v2,cardboard,D:\HK7\Đồ án khóa luận\Data\raw\vn_trash\Carton\test_cardboard 2064.jpg,vn_trash,Carton,f3cca2629a9f2ae0,True,exact_md5_duplicate
DUP_GROUP_0582,D:\HK7\Đồ án khóa luận\Data\raw\garbage_v2\cardboard\cardboard_783.jpg,garbage_v2,cardboard,D:\HK7\Đồ án khóa luận\Data\raw\vn_trash\Carton\train_cardboard43.jpg,vn_trash,Carton,f3cca2629a9f2ae0,True,exact_md5_duplicate
DUP_GROUP_0583,D:\HK7\Đồ án khóa luận\Data\raw\garbage_v2\cardboard\cardboard_785.jpg,garbage_v2,cardboard,D:\HK7\Đồ án khóa luận\Data\raw\vn_trash\Carton\train_cardboard62.jpg,vn_trash,Carton,c424cad668decde2,True,exact_md5_duplicate
DUP_GROUP_0584,D:\HK7\Đồ án khóa luận\Data\raw\garbage_v2\cardboard\cardboard_788.jpg,garbage_v2,cardboard,D:\HK7\Đồ án khóa luận\Data\raw\vn_trash\Carton\train_cardboard38.jpg,vn_trash,Carton,f199ce2438b36399,True,exact_md5_duplicate
DUP_GROUP_0585,D:\HK7\Đồ án khóa luận\Data\raw\garbage_v2\cardboard\cardboard_789.jpg,garbage_v2,cardboard,D:\HK7\Đồ án khóa luận\Data\raw\vn_trash\Carton\train_cardboard65.jpg,vn_trash,Carton,c56c8d98b3b2b26c,True,exact_md5_duplicate
DUP_GROUP_0586,D:\HK7\Đồ án khóa luận\Data\raw\garbage_v2\cardboard\cardboard_79.jpg,garbage_v2,cardboard,D:\HK7\Đồ án khóa luận\Data\raw\vn_trash\Carton\train_cardboard 302.jpg,vn_trash,Carton,c359213df00ffd22,False,near_phash_duplicate
DUP_GROUP_0586,D:\HK7\Đồ án khóa luận\Data\raw\garbage_v2\cardboard\cardboard_79.jpg,garbage_v2,cardboard,D:\HK7\Đồ án khóa luận\Data\raw\vn_trash\Carton\train_cardboard501.jpg,vn_trash,Carton,c359213df00ffd22,False,near_phash_duplicate
DUP_GROUP_0586,D:\HK7\Đồ án khóa luận\Data\raw\garbage_v2\cardboard\cardboard_79.jpg,garbage_v2,cardboard,D:\HK7\Đồ án khóa luận\Data\raw\vn_trash\Carton\train_cardboard751.jpg,vn_trash,Carton,c359213df00ffd22,True,exact_md5_duplicate
DUP_GROUP_0587,D:\HK7\Đồ án khóa luận\Data\raw\garbage_v2\cardboard\cardboard_790.jpg,garbage_v2,cardboard,D:\HK7\Đồ án khóa luận\Data\raw\vn_trash\Carton\train_cardboard126.jpg,vn_trash,Carton,c9ad6d294d231ce6,True,exact_md5_duplicate
DUP_GROUP_0588,D:\HK7\Đồ án khóa luận\Data\raw\garbage_v2\cardboard\cardboard_792.jpg,garbage_v2,cardboard,D:\HK7\Đồ án khóa luận\Data\raw\vn_trash\Carton\test_cardboard 1965.jpg,vn_trash,Carton,bf0dd1de8949ce04,True,exact_md5_duplicate
DUP_GROUP_0588,D:\HK7\Đồ án khóa luận\Data\raw\garbage_v2\cardboard\cardboard_792.jpg,garbage_v2,cardboard,D:\HK7\Đồ án khóa luận\Data\raw\vn_trash\Carton\train_cardboard507.jpg,vn_trash,Carton,bf0dd1de8949ce04,True,exact_md5_duplicate
DUP_GROUP_0589,D:\HK7\Đồ án khóa luận\Data\raw\garbage_v2\cardboard\cardboard_795.jpg,garbage_v2,cardboard,D:\HK7\Đồ án khóa luận\Data\raw\vn_trash\Carton\train_cardboard243.jpg,vn_trash,Carton,eea6b61df101c89c,True,exact_md5_duplicate
DUP_GROUP_0590,D:\HK7\Đồ án khóa luận\Data\raw\garbage_v2\cardboard\cardboard_796.jpg,garbage_v2,cardboard,D:\HK7\Đồ án khóa luận\Data\raw\vn_trash\Carton\train_cardboard607.jpg,vn_trash,Carton,bf9b806cc2d48de2,True,exact_md5_duplicate
DUP_GROUP_0591,D:\HK7\Đồ án khóa luận\Data\raw\garbage_v2\cardboard\cardboard_797.jpg,garbage_v2,cardboard,D:\HK7\Đồ án khóa luận\Data\raw\vn_trash\Carton\train_cardboard23.jpg,vn_trash,Carton,b4c0ca3dc7926dc6,True,exact_md5_duplicate
DUP_GROUP_0592,D:\HK7\Đồ án khóa luận\Data\raw\garbage_v2\cardboard\cardboard_798.jpg,garbage_v2,cardboard,D:\HK7\Đồ án khóa luận\Data\raw\vn_trash\Carton\train_cardboard878.jpg,vn_trash,Carton,9c87716c96a56c3a,True,exact_md5_duplicate
DUP_GROUP_0593,D:\HK7\Đồ án khóa luận\Data\raw\garbage_v2\cardboard\cardboard_799.jpg,garbage_v2,cardboard,D:\HK7\Đồ án khóa luận\Data\raw\vn_trash\Carton\train_cardboard648.jpg,vn_trash,Carton,b4c1c33e1dc1663d,True,exact_md5_duplicate
DUP_GROUP_0594,D:\HK7\Đồ án khóa luận\Data\raw\garbage_v2\cardboard\cardboard_8.jpg,garbage_v2,cardboard,D:\HK7\Đồ án khóa luận\Data\raw\vn_trash\Carton\train_cardboard292.jpg,vn_trash,Carton,e2afa4586de20b39,True,exact_md5_duplicate
DUP_GROUP_0595,D:\HK7\Đồ án khóa luận\Data\raw\garbage_v2\cardboard\cardboard_802.jpg,garbage_v2,cardboard,D:\HK7\Đồ án khóa luận\Data\raw\vn_trash\Carton\train_cardboard116.jpg,vn_trash,Carton,c40e46c6c5d5d5c7,True,exact_md5_duplicate
DUP_GROUP_0596,D:\HK7\Đồ án khóa luận\Data\raw\garbage_v2\cardboard\cardboard_803.jpg,garbage_v2,cardboard,D:\HK7\Đồ án khóa luận\Data\raw\vn_trash\Carton\train_cardboard546.jpg,vn_trash,Carton,eacc95370a706c6b,True,exact_md5_duplicate
DUP_GROUP_0597,D:\HK7\Đồ án khóa luận\Data\raw\garbage_v2\cardboard\cardboard_806.jpg,garbage_v2,cardboard,D:\HK7\Đồ án khóa luận\Data\raw\vn_trash\Carton\test_cardboard 1968.jpg,vn_trash,Carton,f6f999c624292393,True,exact_md5_duplicate
DUP_GROUP_0597,D:\HK7\Đồ án khóa luận\Data\raw\garbage_v2\cardboard\cardboard_806.jpg,garbage_v2,cardboard,D:\HK7\Đồ án khóa luận\Data\raw\vn_trash\Carton\train_cardboard540.jpg,vn_trash,Carton,f6f999c624292393,True,exact_md5_duplicate
DUP_GROUP_0598,D:\HK7\Đồ án khóa luận\Data\raw\garbage_v2\cardboard\cardboard_81.jpg,garbage_v2,cardboard,D:\HK7\Đồ án khóa luận\Data\raw\vn_trash\Carton\train_cardboard494.jpg,vn_trash,Carton,b098cc63c733cd63,True,exact_md5_duplicate
DUP_GROUP_0599,D:\HK7\Đồ án khóa luận\Data\raw\garbage_v2\cardboard\cardboard_812.jpg,garbage_v2,cardboard,D:\HK7\Đồ án khóa luận\Data\raw\vn_trash\Carton\train_cardboard 2376.jpg,vn_trash,Carton,fe51dc3a6a956224,True,exact_md5_duplicate
DUP_GROUP_0599,D:\HK7\Đồ án khóa luận\Data\raw\garbage_v2\cardboard\cardboard_812.jpg,garbage_v2,cardboard,D:\HK7\Đồ án khóa luận\Data\raw\vn_trash\Carton\train_cardboard333.jpg,vn_trash,Carton,fe51dc3a6a956224,True,exact_md5_duplicate
DUP_GROUP_0600,D:\HK7\Đồ án khóa luận\Data\raw\garbage_v2\cardboard\cardboard_817.jpg,garbage_v2,cardboard,D:\HK7\Đồ án khóa luận\Data\raw\vn_trash\Carton\train_cardboard435.jpg,vn_trash,Carton,eb1b843986e19ae5,True,exact_md5_duplicate
DUP_GROUP_0601,D:\HK7\Đồ án khóa luận\Data\raw\garbage_v2\cardboard\cardboard_818.jpg,garbage_v2,cardboard,D:\HK7\Đồ án khóa luận\Data\raw\vn_trash\Carton\train_cardboard675.jpg,vn_trash,Carton,d995ae5aa46a85e4,True,exact_md5_duplicate
DUP_GROUP_0602,D:\HK7\Đồ án khóa luận\Data\raw\garbage_v2\cardboard\cardboard_819.jpg,garbage_v2,cardboard,D:\HK7\Đồ án khóa luận\Data\raw\vn_trash\Carton\train_cardboard581.jpg,vn_trash,Carton,fbe3c89c9633610c,True,exact_md5_duplicate
DUP_GROUP_0603,D:\HK7\Đồ án khóa luận\Data\raw\garbage_v2\cardboard\cardboard_821.jpg,garbage_v2,cardboard,D:\HK7\Đồ án khóa luận\Data\raw\vn_trash\Carton\train_cardboard689.jpg,vn_trash,Carton,f2c08d1b8f68d18f,True,exact_md5_duplicate
DUP_GROUP_0604,D:\HK7\Đồ án khóa luận\Data\raw\garbage_v2\cardboard\cardboard_822.jpg,garbage_v2,cardboard,D:\HK7\Đồ án khóa luận\Data\raw\vn_trash\Carton\train_cardboard75.jpg,vn_trash,Carton,ca68e097bc00dafe,True,exact_md5_duplicate
DUP_GROUP_0605,D:\HK7\Đồ án khóa luận\Data\raw\garbage_v2\cardboard\cardboard_823.jpg,garbage_v2,cardboard,D:\HK7\Đồ án khóa luận\Data\raw\vn_trash\Carton\train_cardboard871.jpg,vn_trash,Carton,b8eec3901c0f7aaa,True,exact_md5_duplicate
DUP_GROUP_0606,D:\HK7\Đồ án khóa luận\Data\raw\garbage_v2\cardboard\cardboard_825.jpg,garbage_v2,cardboard,D:\HK7\Đồ án khóa luận\Data\raw\vn_trash\Carton\train_cardboard586.jpg,vn_trash,Carton,cb6b2c3e3496949a,True,exact_md5_duplicate
DUP_GROUP_0607,D:\HK7\Đồ án khóa luận\Data\raw\garbage_v2\cardboard\cardboard_826.jpg,garbage_v2,cardboard,D:\HK7\Đồ án khóa luận\Data\raw\vn_trash\Carton\train_cardboard709.jpg,vn_trash,Carton,af6b903c91b4cd94,True,exact_md5_duplicate
DUP_GROUP_0608,D:\HK7\Đồ án khóa luận\Data\raw\garbage_v2\cardboard\cardboard_827.jpg,garbage_v2,cardboard,D:\HK7\Đồ án khóa luận\Data\raw\vn_trash\Carton\train_cardboard259.jpg,vn_trash,Carton,b6a2a7f313cf1881,True,exact_md5_duplicate
DUP_GROUP_0609,D:\HK7\Đồ án khóa luận\Data\raw\garbage_v2\cardboard\cardboard_828.jpg,garbage_v2,cardboard,D:\HK7\Đồ án khóa luận\Data\raw\vn_trash\Carton\train_cardboard492.jpg,vn_trash,Carton,be9cc1632edc1e18,True,exact_md5_duplicate
DUP_GROUP_0610,D:\HK7\Đồ án khóa luận\Data\raw\garbage_v2\cardboard\cardboard_829.jpg,garbage_v2,cardboard,D:\HK7\Đồ án khóa luận\Data\raw\vn_trash\Carton\train_cardboard446.jpg,vn_trash,Carton,fb44c0b7a81b83b9,True,exact_md5_duplicate
DUP_GROUP_0611,D:\HK7\Đồ án khóa luận\Data\raw\garbage_v2\cardboard\cardboard_83.jpg,garbage_v2,cardboard,D:\HK7\Đồ án khóa luận\Data\raw\vn_trash\Carton\train_cardboard277.jpg,vn_trash,Carton,f0a3b7e187c28ec1,True,exact_md5_duplicate
DUP_GROUP_0612,D:\HK7\Đồ án khóa luận\Data\raw\garbage_v2\cardboard\cardboard_830.jpg,garbage_v2,cardboard,D:\HK7\Đồ án khóa luận\Data\raw\vn_trash\Carton\train_cardboard284.jpg,vn_trash,Carton,d8a436d666c26fc4,True,exact_md5_duplicate
DUP_GROUP_0613,D:\HK7\Đồ án khóa luận\Data\raw\garbage_v2\cardboard\cardboard_836.jpg,garbage_v2,cardboard,D:\HK7\Đồ án khóa luận\Data\raw\vn_trash\Carton\train_cardboard703.jpg,vn_trash,Carton,eac89525cb3c1c73,True,exact_md5_duplicate
DUP_GROUP_0614,D:\HK7\Đồ án khóa luận\Data\raw\garbage_v2\cardboard\cardboard_837.jpg,garbage_v2,cardboard,D:\HK7\Đồ án khóa luận\Data\raw\vn_trash\Carton\train_cardboard229.jpg,vn_trash,Carton,c0acdf4104739dee,True,exact_md5_duplicate
DUP_GROUP_0615,D:\HK7\Đồ án khóa luận\Data\raw\garbage_v2\cardboard\cardboard_839.jpg,garbage_v2,cardboard,D:\HK7\Đồ án khóa luận\Data\raw\vn_trash\Carton\train_cardboard209.jpg,vn_trash,Carton,c3120bfe7f20037d,True,exact_md5_duplicate
DUP_GROUP_0616,D:\HK7\Đồ án khóa luận\Data\raw\garbage_v2\cardboard\cardboard_84.jpg,garbage_v2,cardboard,D:\HK7\Đồ án khóa luận\Data\raw\vn_trash\Carton\test_cardboard 1981.jpg,vn_trash,Carton,8787c7474feca1a0,True,exact_md5_duplicate
DUP_GROUP_0616,D:\HK7\Đồ án khóa luận\Data\raw\garbage_v2\cardboard\cardboard_84.jpg,garbage_v2,cardboard,D:\HK7\Đồ án khóa luận\Data\raw\vn_trash\Carton\train_cardboard649.jpg,vn_trash,Carton,8787c7474feca1a0,True,exact_md5_duplicate
DUP_GROUP_0617,D:\HK7\Đồ án khóa luận\Data\raw\garbage_v2\cardboard\cardboard_841.jpg,garbage_v2,cardboard,D:\HK7\Đồ án khóa luận\Data\raw\vn_trash\Carton\train_cardboard848.jpg,vn_trash,Carton,ed01c07ed57e8dc0,True,exact_md5_duplicate
DUP_GROUP_0618,D:\HK7\Đồ án khóa luận\Data\raw\garbage_v2\cardboard\cardboard_842.jpg,garbage_v2,cardboard,D:\HK7\Đồ án khóa luận\Data\raw\vn_trash\Carton\train_cardboard479.jpg,vn_trash,Carton,be4dc43b94b19364,True,exact_md5_duplicate
DUP_GROUP_0619,D:\HK7\Đồ án khóa luận\Data\raw\garbage_v2\cardboard\cardboard_843.jpg,garbage_v2,cardboard,D:\HK7\Đồ án khóa luận\Data\raw\vn_trash\Carton\train_cardboard843.jpg,vn_trash,Carton,a79cd863cca72c19,True,exact_md5_duplicate
DUP_GROUP_0620,D:\HK7\Đồ án khóa luận\Data\raw\garbage_v2\cardboard\cardboard_844.jpg,garbage_v2,cardboard,D:\HK7\Đồ án khóa luận\Data\raw\vn_trash\Carton\train_cardboard464.jpg,vn_trash,Carton,b3266626cc99d999,True,exact_md5_duplicate
DUP_GROUP_0621,D:\HK7\Đồ án khóa luận\Data\raw\garbage_v2\cardboard\cardboard_845.jpg,garbage_v2,cardboard,D:\HK7\Đồ án khóa luận\Data\raw\vn_trash\Carton\train_cardboard468.jpg,vn_trash,Carton,e9e1929a9d143c79,True,exact_md5_duplicate
DUP_GROUP_0622,D:\HK7\Đồ án khóa luận\Data\raw\garbage_v2\cardboard\cardboard_846.jpg,garbage_v2,cardboard,D:\HK7\Đồ án khóa luận\Data\raw\vn_trash\Carton\train_cardboard142.jpg,vn_trash,Carton,ec5c9bf9a2929191,True,exact_md5_duplicate
DUP_GROUP_0623,D:\HK7\Đồ án khóa luận\Data\raw\garbage_v2\cardboard\cardboard_848.jpg,garbage_v2,cardboard,D:\HK7\Đồ án khóa luận\Data\raw\vn_trash\Carton\train_cardboard298.jpg,vn_trash,Carton,e1f3e12d3c485ec2,True,exact_md5_duplicate
DUP_GROUP_0624,D:\HK7\Đồ án khóa luận\Data\raw\garbage_v2\cardboard\cardboard_850.jpg,garbage_v2,cardboard,D:\HK7\Đồ án khóa luận\Data\raw\vn_trash\Carton\train_cardboard288.jpg,vn_trash,Carton,c0ef950135ff5704,True,exact_md5_duplicate
DUP_GROUP_0625,D:\HK7\Đồ án khóa luận\Data\raw\garbage_v2\cardboard\cardboard_851.jpg,garbage_v2,cardboard,D:\HK7\Đồ án khóa luận\Data\raw\vn_trash\Carton\train_cardboard684.jpg,vn_trash,Carton,ead085ea9a39d334,True,exact_md5_duplicate
DUP_GROUP_0626,D:\HK7\Đồ án khóa luận\Data\raw\garbage_v2\cardboard\cardboard_853.jpg,garbage_v2,cardboard,D:\HK7\Đồ án khóa luận\Data\raw\vn_trash\Carton\train_cardboard544.jpg,vn_trash,Carton,eb3c94c34b3c3c64,True,exact_md5_duplicate
DUP_GROUP_0627,D:\HK7\Đồ án khóa luận\Data\raw\garbage_v2\cardboard\cardboard_859.jpg,garbage_v2,cardboard,D:\HK7\Đồ án khóa luận\Data\raw\vn_trash\Carton\train_cardboard802.jpg,vn_trash,Carton,d1ed659256a94aa5,True,exact_md5_duplicate
DUP_GROUP_0628,D:\HK7\Đồ án khóa luận\Data\raw\garbage_v2\cardboard\cardboard_860.jpg,garbage_v2,cardboard,D:\HK7\Đồ án khóa luận\Data\raw\vn_trash\Carton\train_cardboard625.jpg,vn_trash,Carton,e4399bc665494e36,True,exact_md5_duplicate
DUP_GROUP_0629,D:\HK7\Đồ án khóa luận\Data\raw\garbage_v2\cardboard\cardboard_862.jpg,garbage_v2,cardboard,D:\HK7\Đồ án khóa luận\Data\raw\vn_trash\Carton\test_cardboard 2033.jpg,vn_trash,Carton,d2a4b55b09f94da4,True,exact_md5_duplicate
DUP_GROUP_0629,D:\HK7\Đồ án khóa luận\Data\raw\garbage_v2\cardboard\cardboard_862.jpg,garbage_v2,cardboard,D:\HK7\Đồ án khóa luận\Data\raw\vn_trash\Carton\train_cardboard16.jpg,vn_trash,Carton,d2a4b55b09f94da4,True,exact_md5_duplicate
DUP_GROUP_0630,D:\HK7\Đồ án khóa luận\Data\raw\garbage_v2\cardboard\cardboard_864.jpg,garbage_v2,cardboard,D:\HK7\Đồ án khóa luận\Data\raw\vn_trash\Carton\train_cardboard110.jpg,vn_trash,Carton,9c1e9a27f8036b99,True,exact_md5_duplicate
DUP_GROUP_0631,D:\HK7\Đồ án khóa luận\Data\raw\garbage_v2\cardboard\cardboard_865.jpg,garbage_v2,cardboard,D:\HK7\Đồ án khóa luận\Data\raw\vn_trash\Carton\train_cardboard94.jpg,vn_trash,Carton,e0f29f34c1660f27,True,exact_md5_duplicate
DUP_GROUP_0632,D:\HK7\Đồ án khóa luận\Data\raw\garbage_v2\cardboard\cardboard_868.jpg,garbage_v2,cardboard,D:\HK7\Đồ án khóa luận\Data\raw\vn_trash\Carton\train_cardboard589.jpg,vn_trash,Carton,b06c9b91c66799c3,True,exact_md5_duplicate
DUP_GROUP_0633,D:\HK7\Đồ án khóa luận\Data\raw\garbage_v2\cardboard\cardboard_87.jpg,garbage_v2,cardboard,D:\HK7\Đồ án khóa luận\Data\raw\vn_trash\Carton\train_cardboard483.jpg,vn_trash,Carton,e3e3a41c19e4cb8d,True,exact_md5_duplicate
DUP_GROUP_0634,D:\HK7\Đồ án khóa luận\Data\raw\garbage_v2\cardboard\cardboard_871.jpg,garbage_v2,cardboard,D:\HK7\Đồ án khóa luận\Data\raw\vn_trash\Carton\train_cardboard596.jpg,vn_trash,Carton,e2d3879c9c678463,True,exact_md5_duplicate
DUP_GROUP_0635,D:\HK7\Đồ án khóa luận\Data\raw\garbage_v2\cardboard\cardboard_872.jpg,garbage_v2,cardboard,D:\HK7\Đồ án khóa luận\Data\raw\vn_trash\Carton\train_cardboard195.jpg,vn_trash,Carton,cdf2e44e7851492d,True,exact_md5_duplicate
DUP_GROUP_0636,D:\HK7\Đồ án khóa luận\Data\raw\garbage_v2\cardboard\cardboard_873.jpg,garbage_v2,cardboard,D:\HK7\Đồ án khóa luận\Data\raw\vn_trash\Carton\train_cardboard458.jpg,vn_trash,Carton,a62727585275d3a6,True,exact_md5_duplicate
DUP_GROUP_0637,D:\HK7\Đồ án khóa luận\Data\raw\garbage_v2\cardboard\cardboard_876.jpg,garbage_v2,cardboard,D:\HK7\Đồ án khóa luận\Data\raw\vn_trash\Carton\train_cardboard174.jpg,vn_trash,Carton,e979958e9e4a5285,True,exact_md5_duplicate
DUP_GROUP_0638,D:\HK7\Đồ án khóa luận\Data\raw\garbage_v2\cardboard\cardboard_877.jpg,garbage_v2,cardboard,D:\HK7\Đồ án khóa luận\Data\raw\vn_trash\Carton\train_cardboard792.jpg,vn_trash,Carton,ae3cf5acc22ec21a,True,exact_md5_duplicate
DUP_GROUP_0639,D:\HK7\Đồ án khóa luận\Data\raw\garbage_v2\cardboard\cardboard_88.jpg,garbage_v2,cardboard,D:\HK7\Đồ án khóa luận\Data\raw\vn_trash\Carton\train_cardboard795.jpg,vn_trash,Carton,d5aa58966d94699a,True,exact_md5_duplicate
DUP_GROUP_0640,D:\HK7\Đồ án khóa luận\Data\raw\garbage_v2\cardboard\cardboard_881.jpg,garbage_v2,cardboard,D:\HK7\Đồ án khóa luận\Data\raw\vn_trash\Carton\train_cardboard187.jpg,vn_trash,Carton,d888c7ef01f71c38,True,exact_md5_duplicate
DUP_GROUP_0641,D:\HK7\Đồ án khóa luận\Data\raw\garbage_v2\cardboard\cardboard_884.jpg,garbage_v2,cardboard,D:\HK7\Đồ án khóa luận\Data\raw\vn_trash\Carton\train_cardboard182.jpg,vn_trash,Carton,f8d141334fe1543b,True,exact_md5_duplicate
DUP_GROUP_0642,D:\HK7\Đồ án khóa luận\Data\raw\garbage_v2\cardboard\cardboard_889.jpg,garbage_v2,cardboard,D:\HK7\Đồ án khóa luận\Data\raw\vn_trash\Carton\test_cardboard 2016.jpg,vn_trash,Carton,ff90841fc04bc3e5,True,exact_md5_duplicate
DUP_GROUP_0642,D:\HK7\Đồ án khóa luận\Data\raw\garbage_v2\cardboard\cardboard_889.jpg,garbage_v2,cardboard,D:\HK7\Đồ án khóa luận\Data\raw\vn_trash\Carton\train_cardboard889.jpg,vn_trash,Carton,ff90841fc04bc3e5,True,exact_md5_duplicate
DUP_GROUP_0643,D:\HK7\Đồ án khóa luận\Data\raw\garbage_v2\cardboard\cardboard_89.jpg,garbage_v2,cardboard,D:\HK7\Đồ án khóa luận\Data\raw\vn_trash\Carton\test_cardboard 2079.jpg,vn_trash,Carton,e7883ecfb030cd32,True,exact_md5_duplicate
DUP_GROUP_0643,D:\HK7\Đồ án khóa luận\Data\raw\garbage_v2\cardboard\cardboard_89.jpg,garbage_v2,cardboard,D:\HK7\Đồ án khóa luận\Data\raw\vn_trash\Carton\train_cardboard56.jpg,vn_trash,Carton,e7883ecfb030cd32,True,exact_md5_duplicate
DUP_GROUP_0644,D:\HK7\Đồ án khóa luận\Data\raw\garbage_v2\cardboard\cardboard_893.jpg,garbage_v2,cardboard,D:\HK7\Đồ án khóa luận\Data\raw\vn_trash\Carton\train_cardboard18.jpg,vn_trash,Carton,ffbac281c0740f47,True,exact_md5_duplicate
DUP_GROUP_0645,D:\HK7\Đồ án khóa luận\Data\raw\garbage_v2\cardboard\cardboard_895.jpg,garbage_v2,cardboard,D:\HK7\Đồ án khóa luận\Data\raw\vn_trash\Carton\train_cardboard571.jpg,vn_trash,Carton,e9ee8411de5a9a8a,True,exact_md5_duplicate
DUP_GROUP_0646,D:\HK7\Đồ án khóa luận\Data\raw\garbage_v2\cardboard\cardboard_897.jpg,garbage_v2,cardboard,D:\HK7\Đồ án khóa luận\Data\raw\vn_trash\Carton\train_cardboard80.jpg,vn_trash,Carton,d2752fc8395a2f14,True,exact_md5_duplicate
DUP_GROUP_0647,D:\HK7\Đồ án khóa luận\Data\raw\garbage_v2\cardboard\cardboard_9.jpg,garbage_v2,cardboard,D:\HK7\Đồ án khóa luận\Data\raw\vn_trash\Carton\train_cardboard637.jpg,vn_trash,Carton,ed9ad0653fda6030,True,exact_md5_duplicate
DUP_GROUP_0648,D:\HK7\Đồ án khóa luận\Data\raw\garbage_v2\cardboard\cardboard_900.jpg,garbage_v2,cardboard,D:\HK7\Đồ án khóa luận\Data\raw\vn_trash\Carton\train_cardboard526.jpg,vn_trash,Carton,bec6d0ce902fc5d0,True,exact_md5_duplicate
DUP_GROUP_0649,D:\HK7\Đồ án khóa luận\Data\raw\garbage_v2\cardboard\cardboard_902.jpg,garbage_v2,cardboard,D:\HK7\Đồ án khóa luận\Data\raw\vn_trash\Carton\train_cardboard708.jpg,vn_trash,Carton,be4dc1b392388cc7,True,exact_md5_duplicate
DUP_GROUP_0650,D:\HK7\Đồ án khóa luận\Data\raw\garbage_v2\cardboard\cardboard_904.jpg,garbage_v2,cardboard,D:\HK7\Đồ án khóa luận\Data\raw\vn_trash\Carton\train_cardboard225.jpg,vn_trash,Carton,df349d858791c383,True,exact_md5_duplicate
DUP_GROUP_0651,D:\HK7\Đồ án khóa luận\Data\raw\garbage_v2\cardboard\cardboard_906.jpg,garbage_v2,cardboard,D:\HK7\Đồ án khóa luận\Data\raw\vn_trash\Carton\train_cardboard227.jpg,vn_trash,Carton,cc8c3cd37b26c62c,True,exact_md5_duplicate
DUP_GROUP_0652,D:\HK7\Đồ án khóa luận\Data\raw\garbage_v2\cardboard\cardboard_908.jpg,garbage_v2,cardboard,D:\HK7\Đồ án khóa luận\Data\raw\vn_trash\Carton\train_cardboard119.jpg,vn_trash,Carton,ea7c15d515932c36,True,exact_md5_duplicate
DUP_GROUP_0653,D:\HK7\Đồ án khóa luận\Data\raw\garbage_v2\cardboard\cardboard_909.jpg,garbage_v2,cardboard,D:\HK7\Đồ án khóa luận\Data\raw\vn_trash\Carton\train_cardboard258.jpg,vn_trash,Carton,df183e2fb86884c6,True,exact_md5_duplicate
DUP_GROUP_0654,D:\HK7\Đồ án khóa luận\Data\raw\garbage_v2\cardboard\cardboard_91.jpg,garbage_v2,cardboard,D:\HK7\Đồ án khóa luận\Data\raw\vn_trash\Carton\train_cardboard535.jpg,vn_trash,Carton,b593896c8663dce2,True,exact_md5_duplicate
DUP_GROUP_0655,D:\HK7\Đồ án khóa luận\Data\raw\garbage_v2\cardboard\cardboard_912.jpg,garbage_v2,cardboard,D:\HK7\Đồ án khóa luận\Data\raw\vn_trash\Carton\train_cardboard36.jpg,vn_trash,Carton,b7c3c02d8f7c8c38,True,exact_md5_duplicate
DUP_GROUP_0656,D:\HK7\Đồ án khóa luận\Data\raw\garbage_v2\cardboard\cardboard_914.jpg,garbage_v2,cardboard,D:\HK7\Đồ án khóa luận\Data\raw\vn_trash\Carton\train_cardboard147.jpg,vn_trash,Carton,81957f81748d653e,True,exact_md5_duplicate
DUP_GROUP_0657,D:\HK7\Đồ án khóa luận\Data\raw\garbage_v2\cardboard\cardboard_916.jpg,garbage_v2,cardboard,D:\HK7\Đồ án khóa luận\Data\raw\vn_trash\Carton\train_cardboard82.jpg,vn_trash,Carton,e11c54a2b85d4bfa,True,exact_md5_duplicate
DUP_GROUP_0658,D:\HK7\Đồ án khóa luận\Data\raw\garbage_v2\cardboard\cardboard_917.jpg,garbage_v2,cardboard,D:\HK7\Đồ án khóa luận\Data\raw\vn_trash\Carton\train_cardboard836.jpg,vn_trash,Carton,ea1a95e192e4da96,True,exact_md5_duplicate
DUP_GROUP_0659,D:\HK7\Đồ án khóa luận\Data\raw\garbage_v2\cardboard\cardboard_918.jpg,garbage_v2,cardboard,D:\HK7\Đồ án khóa luận\Data\raw\vn_trash\Carton\train_cardboard179.jpg,vn_trash,Carton,f42a79d0b96b4919,True,exact_md5_duplicate
DUP_GROUP_0660,D:\HK7\Đồ án khóa luận\Data\raw\garbage_v2\cardboard\cardboard_920.jpg,garbage_v2,cardboard,D:\HK7\Đồ án khóa luận\Data\raw\vn_trash\Carton\train_cardboard 44.jpg,vn_trash,Carton,f466cb990c3933c6,True,exact_md5_duplicate
DUP_GROUP_0660,D:\HK7\Đồ án khóa luận\Data\raw\garbage_v2\cardboard\cardboard_920.jpg,garbage_v2,cardboard,D:\HK7\Đồ án khóa luận\Data\raw\vn_trash\Carton\train_cardboard323.jpg,vn_trash,Carton,f466cb990c3933c6,True,exact_md5_duplicate
DUP_GROUP_0661,D:\HK7\Đồ án khóa luận\Data\raw\garbage_v2\cardboard\cardboard_921.jpg,garbage_v2,cardboard,D:\HK7\Đồ án khóa luận\Data\raw\vn_trash\Carton\train_cardboard135.jpg,vn_trash,Carton,950a2b4d2f8f6e85,True,exact_md5_duplicate
DUP_GROUP_0662,D:\HK7\Đồ án khóa luận\Data\raw\garbage_v2\cardboard\cardboard_922.jpg,garbage_v2,cardboard,D:\HK7\Đồ án khóa luận\Data\raw\vn_trash\Carton\test_cardboard 2007.jpg,vn_trash,Carton,9e50e3a5b4dae628,True,exact_md5_duplicate
DUP_GROUP_0662,D:\HK7\Đồ án khóa luận\Data\raw\garbage_v2\cardboard\cardboard_922.jpg,garbage_v2,cardboard,D:\HK7\Đồ án khóa luận\Data\raw\vn_trash\Carton\train_cardboard880.jpg,vn_trash,Carton,9e50e3a5b4dae628,True,exact_md5_duplicate
DUP_GROUP_0663,D:\HK7\Đồ án khóa luận\Data\raw\garbage_v2\cardboard\cardboard_926.jpg,garbage_v2,cardboard,D:\HK7\Đồ án khóa luận\Data\raw\vn_trash\Carton\train_cardboard162.jpg,vn_trash,Carton,c26e634d55ae5529,True,exact_md5_duplicate
DUP_GROUP_0664,D:\HK7\Đồ án khóa luận\Data\raw\garbage_v2\cardboard\cardboard_927.jpg,garbage_v2,cardboard,D:\HK7\Đồ án khóa luận\Data\raw\vn_trash\Carton\train_cardboard282.jpg,vn_trash,Carton,d26469b6935b664c,True,exact_md5_duplicate
DUP_GROUP_0665,D:\HK7\Đồ án khóa luận\Data\raw\garbage_v2\cardboard\cardboard_93.jpg,garbage_v2,cardboard,D:\HK7\Đồ án khóa luận\Data\raw\vn_trash\Carton\train_cardboard316.jpg,vn_trash,Carton,98a748535ca3adb5,True,exact_md5_duplicate
DUP_GROUP_0666,D:\HK7\Đồ án khóa luận\Data\raw\garbage_v2\cardboard\cardboard_931.jpg,garbage_v2,cardboard,D:\HK7\Đồ án khóa luận\Data\raw\vn_trash\Carton\train_cardboard700.jpg,vn_trash,Carton,ae29d0c7f1d00f78,True,exact_md5_duplicate
DUP_GROUP_0667,D:\HK7\Đồ án khóa luận\Data\raw\garbage_v2\cardboard\cardboard_932.jpg,garbage_v2,cardboard,D:\HK7\Đồ án khóa luận\Data\raw\vn_trash\Carton\train_cardboard300.jpg,vn_trash,Carton,e92de95394329572,True,exact_md5_duplicate
DUP_GROUP_0668,D:\HK7\Đồ án khóa luận\Data\raw\garbage_v2\cardboard\cardboard_933.jpg,garbage_v2,cardboard,D:\HK7\Đồ án khóa luận\Data\raw\vn_trash\Carton\train_cardboard478.jpg,vn_trash,Carton,e46b98cdc7b23036,True,exact_md5_duplicate
DUP_GROUP_0669,D:\HK7\Đồ án khóa luận\Data\raw\garbage_v2\cardboard\cardboard_934.jpg,garbage_v2,cardboard,D:\HK7\Đồ án khóa luận\Data\raw\vn_trash\Carton\train_cardboard530.jpg,vn_trash,Carton,ee3695f0b343483a,True,exact_md5_duplicate
DUP_GROUP_0670,D:\HK7\Đồ án khóa luận\Data\raw\garbage_v2\cardboard\cardboard_935.jpg,garbage_v2,cardboard,D:\HK7\Đồ án khóa luận\Data\raw\vn_trash\Carton\train_cardboard220.jpg,vn_trash,Carton,fb54ce9ec817c085,True,exact_md5_duplicate
DUP_GROUP_0671,D:\HK7\Đồ án khóa luận\Data\raw\garbage_v2\cardboard\cardboard_936.jpg,garbage_v2,cardboard,D:\HK7\Đồ án khóa luận\Data\raw\vn_trash\Carton\train_cardboard664.jpg,vn_trash,Carton,b44dcbb21ccf6161,True,exact_md5_duplicate
DUP_GROUP_0672,D:\HK7\Đồ án khóa luận\Data\raw\garbage_v2\cardboard\cardboard_939.jpg,garbage_v2,cardboard,D:\HK7\Đồ án khóa luận\Data\raw\vn_trash\Carton\train_cardboard661.jpg,vn_trash,Carton,f2adc97fa4097282,True,exact_md5_duplicate
DUP_GROUP_0673,D:\HK7\Đồ án khóa luận\Data\raw\garbage_v2\cardboard\cardboard_94.jpg,garbage_v2,cardboard,D:\HK7\Đồ án khóa luận\Data\raw\vn_trash\Carton\test_cardboard 1972.jpg,vn_trash,Carton,f1cc99b6cc199332,True,exact_md5_duplicate
DUP_GROUP_0673,D:\HK7\Đồ án khóa luận\Data\raw\garbage_v2\cardboard\cardboard_94.jpg,garbage_v2,cardboard,D:\HK7\Đồ án khóa luận\Data\raw\vn_trash\Carton\train_cardboard563.jpg,vn_trash,Carton,f1cc99b6cc199332,True,exact_md5_duplicate
DUP_GROUP_0674,D:\HK7\Đồ án khóa luận\Data\raw\garbage_v2\cardboard\cardboard_941.jpg,garbage_v2,cardboard,D:\HK7\Đồ án khóa luận\Data\raw\vn_trash\Carton\train_cardboard564.jpg,vn_trash,Carton,eda7901833e57983,True,exact_md5_duplicate
DUP_GROUP_0675,D:\HK7\Đồ án khóa luận\Data\raw\garbage_v2\cardboard\cardboard_942.jpg,garbage_v2,cardboard,D:\HK7\Đồ án khóa luận\Data\raw\vn_trash\Carton\test_cardboard 1979.jpg,vn_trash,Carton,aad52ad25452c5f5,True,exact_md5_duplicate
DUP_GROUP_0675,D:\HK7\Đồ án khóa luận\Data\raw\garbage_v2\cardboard\cardboard_942.jpg,garbage_v2,cardboard,D:\HK7\Đồ án khóa luận\Data\raw\vn_trash\Carton\train_cardboard627.jpg,vn_trash,Carton,aad52ad25452c5f5,True,exact_md5_duplicate
DUP_GROUP_0676,D:\HK7\Đồ án khóa luận\Data\raw\garbage_v2\cardboard\cardboard_945.jpg,garbage_v2,cardboard,D:\HK7\Đồ án khóa luận\Data\raw\vn_trash\Carton\train_cardboard264.jpg,vn_trash,Carton,b09e9f8921a0ffa1,True,exact_md5_duplicate
DUP_GROUP_0677,D:\HK7\Đồ án khóa luận\Data\raw\garbage_v2\cardboard\cardboard_946.jpg,garbage_v2,cardboard,D:\HK7\Đồ án khóa luận\Data\raw\vn_trash\Carton\train_cardboard857.jpg,vn_trash,Carton,f534aacb8bab2328,True,exact_md5_duplicate
DUP_GROUP_0678,D:\HK7\Đồ án khóa luận\Data\raw\garbage_v2\cardboard\cardboard_947.jpg,garbage_v2,cardboard,D:\HK7\Đồ án khóa luận\Data\raw\vn_trash\Carton\train_cardboard205.jpg,vn_trash,Carton,e8c59792342c6dcb,True,exact_md5_duplicate
DUP_GROUP_0679,D:\HK7\Đồ án khóa luận\Data\raw\garbage_v2\cardboard\cardboard_948.jpg,garbage_v2,cardboard,D:\HK7\Đồ án khóa luận\Data\raw\vn_trash\Carton\train_cardboard 2412.jpg,vn_trash,Carton,b3646d99c9538867,True,exact_md5_duplicate
DUP_GROUP_0679,D:\HK7\Đồ án khóa luận\Data\raw\garbage_v2\cardboard\cardboard_948.jpg,garbage_v2,cardboard,D:\HK7\Đồ án khóa luận\Data\raw\vn_trash\Carton\train_cardboard334.jpg,vn_trash,Carton,b3646d99c9538867,True,exact_md5_duplicate
DUP_GROUP_0680,D:\HK7\Đồ án khóa luận\Data\raw\garbage_v2\cardboard\cardboard_951.jpg,garbage_v2,cardboard,D:\HK7\Đồ án khóa luận\Data\raw\vn_trash\Carton\train_cardboard665.jpg,vn_trash,Carton,e898846e3bb4f958,True,exact_md5_duplicate
DUP_GROUP_0681,D:\HK7\Đồ án khóa luận\Data\raw\garbage_v2\cardboard\cardboard_952.jpg,garbage_v2,cardboard,D:\HK7\Đồ án khóa luận\Data\raw\vn_trash\Carton\test_cardboard 2063.jpg,vn_trash,Carton,bb8ec0270f713e38,True,exact_md5_duplicate
DUP_GROUP_0681,D:\HK7\Đồ án khóa luận\Data\raw\garbage_v2\cardboard\cardboard_952.jpg,garbage_v2,cardboard,D:\HK7\Đồ án khóa luận\Data\raw\vn_trash\Carton\train_cardboard42.jpg,vn_trash,Carton,bb8ec0270f713e38,True,exact_md5_duplicate
DUP_GROUP_0682,D:\HK7\Đồ án khóa luận\Data\raw\garbage_v2\cardboard\cardboard_953.jpg,garbage_v2,cardboard,D:\HK7\Đồ án khóa luận\Data\raw\vn_trash\Carton\train_cardboard845.jpg,vn_trash,Carton,bf40d13f62de34c0,True,exact_md5_duplicate
DUP_GROUP_0683,D:\HK7\Đồ án khóa luận\Data\raw\garbage_v2\cardboard\cardboard_954.jpg,garbage_v2,cardboard,D:\HK7\Đồ án khóa luận\Data\raw\vn_trash\Carton\train_cardboard272.jpg,vn_trash,Carton,dd66cbd492183669,True,exact_md5_duplicate
DUP_GROUP_0684,D:\HK7\Đồ án khóa luận\Data\raw\garbage_v2\cardboard\cardboard_956.jpg,garbage_v2,cardboard,D:\HK7\Đồ án khóa luận\Data\raw\vn_trash\Carton\train_cardboard701.jpg,vn_trash,Carton,bf1ec0e09ecf3218,True,exact_md5_duplicate
DUP_GROUP_0685,D:\HK7\Đồ án khóa luận\Data\raw\garbage_v2\cardboard\cardboard_96.jpg,garbage_v2,cardboard,D:\HK7\Đồ án khóa luận\Data\raw\vn_trash\Carton\train_cardboard580.jpg,vn_trash,Carton,bab4c14b17ec38b4,True,exact_md5_duplicate
DUP_GROUP_0686,D:\HK7\Đồ án khóa luận\Data\raw\garbage_v2\cardboard\cardboard_960.jpg,garbage_v2,cardboard,D:\HK7\Đồ án khóa luận\Data\raw\vn_trash\Carton\train_cardboard107.jpg,vn_trash,Carton,9c87383e63f06363,True,exact_md5_duplicate
DUP_GROUP_0687,D:\HK7\Đồ án khóa luận\Data\raw\garbage_v2\cardboard\cardboard_961.jpg,garbage_v2,cardboard,D:\HK7\Đồ án khóa luận\Data\raw\vn_trash\Carton\train_cardboard473.jpg,vn_trash,Carton,962f6be06b963c90,True,exact_md5_duplicate
DUP_GROUP_0688,D:\HK7\Đồ án khóa luận\Data\raw\garbage_v2\cardboard\cardboard_962.jpg,garbage_v2,cardboard,D:\HK7\Đồ án khóa luận\Data\raw\vn_trash\Carton\train_cardboard772.jpg,vn_trash,Carton,ddf0823b6516ec07,True,exact_md5_duplicate
DUP_GROUP_0689,D:\HK7\Đồ án khóa luận\Data\raw\garbage_v2\cardboard\cardboard_965.jpg,garbage_v2,cardboard,D:\HK7\Đồ án khóa luận\Data\raw\vn_trash\Carton\train_cardboard125.jpg,vn_trash,Carton,ff6be0e2e0a18383,True,exact_md5_duplicate
DUP_GROUP_0690,D:\HK7\Đồ án khóa luận\Data\raw\garbage_v2\cardboard\cardboard_967.jpg,garbage_v2,cardboard,D:\HK7\Đồ án khóa luận\Data\raw\vn_trash\Carton\train_cardboard591.jpg,vn_trash,Carton,e16c979398393366,True,exact_md5_duplicate
DUP_GROUP_0691,D:\HK7\Đồ án khóa luận\Data\raw\garbage_v2\cardboard\cardboard_968.jpg,garbage_v2,cardboard,D:\HK7\Đồ án khóa luận\Data\raw\vn_trash\Carton\train_cardboard451.jpg,vn_trash,Carton,b9c7d6386f36c0c0,True,exact_md5_duplicate
DUP_GROUP_0692,D:\HK7\Đồ án khóa luận\Data\raw\garbage_v2\cardboard\cardboard_970.jpg,garbage_v2,cardboard,D:\HK7\Đồ án khóa luận\Data\raw\vn_trash\Carton\train_cardboard466.jpg,vn_trash,Carton,b1c38e4cc76d9a31,True,exact_md5_duplicate
DUP_GROUP_0693,D:\HK7\Đồ án khóa luận\Data\raw\garbage_v2\cardboard\cardboard_975.jpg,garbage_v2,cardboard,D:\HK7\Đồ án khóa luận\Data\raw\vn_trash\Carton\test_cardboard 2021.jpg,vn_trash,Carton,ee82f8c1c694951f,True,exact_md5_duplicate
DUP_GROUP_0693,D:\HK7\Đồ án khóa luận\Data\raw\garbage_v2\cardboard\cardboard_975.jpg,garbage_v2,cardboard,D:\HK7\Đồ án khóa luận\Data\raw\vn_trash\Carton\train_cardboard5.jpg,vn_trash,Carton,ee82f8c1c694951f,True,exact_md5_duplicate
DUP_GROUP_0694,D:\HK7\Đồ án khóa luận\Data\raw\garbage_v2\cardboard\cardboard_977.jpg,garbage_v2,cardboard,D:\HK7\Đồ án khóa luận\Data\raw\vn_trash\Carton\train_cardboard460.jpg,vn_trash,Carton,ae40b788d6656a37,True,exact_md5_duplicate
DUP_GROUP_0695,D:\HK7\Đồ án khóa luận\Data\raw\garbage_v2\cardboard\cardboard_978.jpg,garbage_v2,cardboard,D:\HK7\Đồ án khóa luận\Data\raw\vn_trash\Carton\train_cardboard250.jpg,vn_trash,Carton,fc4193bcd34889b6,True,exact_md5_duplicate
DUP_GROUP_0696,D:\HK7\Đồ án khóa luận\Data\raw\garbage_v2\cardboard\cardboard_98.jpg,garbage_v2,cardboard,D:\HK7\Đồ án khóa luận\Data\raw\vn_trash\Carton\train_cardboard838.jpg,vn_trash,Carton,d16ac799de262459,True,exact_md5_duplicate
DUP_GROUP_0697,D:\HK7\Đồ án khóa luận\Data\raw\garbage_v2\cardboard\cardboard_980.jpg,garbage_v2,cardboard,D:\HK7\Đồ án khóa luận\Data\raw\vn_trash\Carton\train_cardboard78.jpg,vn_trash,Carton,c1a9d556d4d4a574,True,exact_md5_duplicate
DUP_GROUP_0698,D:\HK7\Đồ án khóa luận\Data\raw\garbage_v2\cardboard\cardboard_981.jpg,garbage_v2,cardboard,D:\HK7\Đồ án khóa luận\Data\raw\vn_trash\Carton\train_cardboard102.jpg,vn_trash,Carton,d685a8cb52f0992f,True,exact_md5_duplicate
DUP_GROUP_0699,D:\HK7\Đồ án khóa luận\Data\raw\garbage_v2\cardboard\cardboard_982.jpg,garbage_v2,cardboard,D:\HK7\Đồ án khóa luận\Data\raw\vn_trash\Carton\test_cardboard 2053.jpg,vn_trash,Carton,b58fd2e8cbc0c9d0,True,exact_md5_duplicate
DUP_GROUP_0699,D:\HK7\Đồ án khóa luận\Data\raw\garbage_v2\cardboard\cardboard_982.jpg,garbage_v2,cardboard,D:\HK7\Đồ án khóa luận\Data\raw\vn_trash\Carton\train_cardboard33.jpg,vn_trash,Carton,b58fd2e8cbc0c9d0,True,exact_md5_duplicate
DUP_GROUP_0700,D:\HK7\Đồ án khóa luận\Data\raw\garbage_v2\cardboard\cardboard_984.jpg,garbage_v2,cardboard,D:\HK7\Đồ án khóa luận\Data\raw\vn_trash\Carton\train_cardboard482.jpg,vn_trash,Carton,ab3790cad4c50bb5,True,exact_md5_duplicate
DUP_GROUP_0701,D:\HK7\Đồ án khóa luận\Data\raw\garbage_v2\cardboard\cardboard_986.jpg,garbage_v2,cardboard,D:\HK7\Đồ án khóa luận\Data\raw\vn_trash\Carton\train_cardboard590.jpg,vn_trash,Carton,acacd3532cac6297,True,exact_md5_duplicate
DUP_GROUP_0702,D:\HK7\Đồ án khóa luận\Data\raw\garbage_v2\cardboard\cardboard_989.jpg,garbage_v2,cardboard,D:\HK7\Đồ án khóa luận\Data\raw\vn_trash\Carton\train_cardboard436.jpg,vn_trash,Carton,fb4ec4a09ba32c3a,True,exact_md5_duplicate
DUP_GROUP_0703,D:\HK7\Đồ án khóa luận\Data\raw\garbage_v2\cardboard\cardboard_990.jpg,garbage_v2,cardboard,D:\HK7\Đồ án khóa luận\Data\raw\vn_trash\Carton\test_cardboard 2077.jpg,vn_trash,Carton,bf80d0ff00f88769,True,exact_md5_duplicate
DUP_GROUP_0703,D:\HK7\Đồ án khóa luận\Data\raw\garbage_v2\cardboard\cardboard_990.jpg,garbage_v2,cardboard,D:\HK7\Đồ án khóa luận\Data\raw\vn_trash\Carton\train_cardboard54.jpg,vn_trash,Carton,bf80d0ff00f88769,True,exact_md5_duplicate
DUP_GROUP_0704,D:\HK7\Đồ án khóa luận\Data\raw\garbage_v2\cardboard\cardboard_991.jpg,garbage_v2,cardboard,D:\HK7\Đồ án khóa luận\Data\raw\vn_trash\Carton\train_cardboard842.jpg,vn_trash,Carton,afd5c0c4ede0ccc1,True,exact_md5_duplicate
DUP_GROUP_0705,D:\HK7\Đồ án khóa luận\Data\raw\garbage_v2\cardboard\cardboard_993.jpg,garbage_v2,cardboard,D:\HK7\Đồ án khóa luận\Data\raw\vn_trash\Carton\train_cardboard890.jpg,vn_trash,Carton,ff9ec06cc7f24801,True,exact_md5_duplicate
DUP_GROUP_0706,D:\HK7\Đồ án khóa luận\Data\raw\garbage_v2\cardboard\cardboard_994.jpg,garbage_v2,cardboard,D:\HK7\Đồ án khóa luận\Data\raw\vn_trash\Carton\train_cardboard864.jpg,vn_trash,Carton,c3af2c2982ab8b67,True,exact_md5_duplicate
DUP_GROUP_0707,D:\HK7\Đồ án khóa luận\Data\raw\garbage_v2\cardboard\cardboard_996.jpg,garbage_v2,cardboard,D:\HK7\Đồ án khóa luận\Data\raw\vn_trash\Carton\train_cardboard198.jpg,vn_trash,Carton,ef7f98000f87007f,True,exact_md5_duplicate
DUP_GROUP_0708,D:\HK7\Đồ án khóa luận\Data\raw\garbage_v2\cardboard\cardboard_998.jpg,garbage_v2,cardboard,D:\HK7\Đồ án khóa luận\Data\raw\vn_trash\Carton\train_cardboard200.jpg,vn_trash,Carton,c76399965a696686,True,exact_md5_duplicate
DUP_GROUP_0709,D:\HK7\Đồ án khóa luận\Data\raw\garbage_v2\cardboard\cardboard_999.jpg,garbage_v2,cardboard,D:\HK7\Đồ án khóa luận\Data\raw\vn_trash\Carton\test_cardboard 2030.jpg,vn_trash,Carton,bf9ec8e41239f80c,True,exact_md5_duplicate
DUP_GROUP_0709,D:\HK7\Đồ án khóa luận\Data\raw\garbage_v2\cardboard\cardboard_999.jpg,garbage_v2,cardboard,D:\HK7\Đồ án khóa luận\Data\raw\vn_trash\Carton\train_cardboard12.jpg,vn_trash,Carton,bf9ec8e41239f80c,True,exact_md5_duplicate
DUP_GROUP_0710,D:\HK7\Đồ án khóa luận\Data\raw\garbage_v2\metal\metal_204.jpg,garbage_v2,metal,D:\HK7\Đồ án khóa luận\Data\raw\vn_trash\Alu\train_AluCan87.jpg,vn_trash,Alu,f0b8ce23b349b459,False,near_phash_duplicate
DUP_GROUP_0711,D:\HK7\Đồ án khóa luận\Data\raw\garbage_v2\metal\metal_465.jpg,garbage_v2,metal,D:\HK7\Đồ án khóa luận\Data\raw\vn_trash\Alu\test_beverage_cans 340.jpg,vn_trash,Alu,8fb0118946617f7b,False,near_phash_duplicate
DUP_GROUP_0712,D:\HK7\Đồ án khóa luận\Data\raw\garbage_v2\metal\metal_647.jpg,garbage_v2,metal,D:\HK7\Đồ án khóa luận\Data\raw\vn_trash\Alu\train_AluCan48.jpg,vn_trash,Alu,aac02d2fb43dd2f0,False,near_phash_duplicate
DUP_GROUP_0713,D:\HK7\Đồ án khóa luận\Data\raw\garbage_v2\paper\paper_1020.jpg,garbage_v2,paper,D:\HK7\Đồ án khóa luận\Data\raw\vn_trash\Paper\test_paper 607.jpg,vn_trash,Paper,dff0d0a603ccd9e0,True,exact_md5_duplicate
DUP_GROUP_0714,D:\HK7\Đồ án khóa luận\Data\raw\garbage_v2\paper\paper_1030.jpg,garbage_v2,paper,D:\HK7\Đồ án khóa luận\Data\raw\vn_trash\Paper\test_paper 746.jpg,vn_trash,Paper,ffd2c0e0360fc2f0,True,exact_md5_duplicate
DUP_GROUP_0715,D:\HK7\Đồ án khóa luận\Data\raw\garbage_v2\paper\paper_1059.jpg,garbage_v2,paper,D:\HK7\Đồ án khóa luận\Data\raw\vn_trash\Paper\test_paper 590.jpg,vn_trash,Paper,fecec0ca9b999c80,True,exact_md5_duplicate
DUP_GROUP_0716,D:\HK7\Đồ án khóa luận\Data\raw\garbage_v2\paper\paper_1092.jpg,garbage_v2,paper,D:\HK7\Đồ án khóa luận\Data\raw\vn_trash\Paper\test_paper 900.jpg,vn_trash,Paper,fc3ad0a386d1d20f,True,exact_md5_duplicate
DUP_GROUP_0717,D:\HK7\Đồ án khóa luận\Data\raw\garbage_v2\paper\paper_1100.jpg,garbage_v2,paper,D:\HK7\Đồ án khóa luận\Data\raw\vn_trash\Paper\test_paper 762.jpg,vn_trash,Paper,f59d1dd983781294,True,exact_md5_duplicate
DUP_GROUP_0718,D:\HK7\Đồ án khóa luận\Data\raw\garbage_v2\paper\paper_1103.jpg,garbage_v2,paper,D:\HK7\Đồ án khóa luận\Data\raw\vn_trash\Paper\test_paper 439.jpg,vn_trash,Paper,bbc2e48ce09b1f13,True,exact_md5_duplicate
DUP_GROUP_0719,D:\HK7\Đồ án khóa luận\Data\raw\garbage_v2\paper\paper_1113.jpg,garbage_v2,paper,D:\HK7\Đồ án khóa luận\Data\raw\vn_trash\Paper\test_paper 704.jpg,vn_trash,Paper,fc8381c712ecad4d,True,exact_md5_duplicate
DUP_GROUP_0720,D:\HK7\Đồ án khóa luận\Data\raw\garbage_v2\paper\paper_113.jpg,garbage_v2,paper,D:\HK7\Đồ án khóa luận\Data\raw\vn_trash\Paper\test_paper 810.jpg,vn_trash,Paper,fe1cc1623d64b24d,True,exact_md5_duplicate
DUP_GROUP_0721,D:\HK7\Đồ án khóa luận\Data\raw\garbage_v2\paper\paper_1149.jpg,garbage_v2,paper,D:\HK7\Đồ án khóa luận\Data\raw\vn_trash\Paper\test_paper 858.jpg,vn_trash,Paper,f6b1a6c6ce32198c,True,exact_md5_duplicate
DUP_GROUP_0722,D:\HK7\Đồ án khóa luận\Data\raw\garbage_v2\paper\paper_1176.jpg,garbage_v2,paper,D:\HK7\Đồ án khóa luận\Data\raw\vn_trash\Paper\test_paper 597.jpg,vn_trash,Paper,fb91c09ece62a4a6,True,exact_md5_duplicate
DUP_GROUP_0723,D:\HK7\Đồ án khóa luận\Data\raw\garbage_v2\paper\paper_1202.jpg,garbage_v2,paper,D:\HK7\Đồ án khóa luận\Data\raw\vn_trash\Paper\test_paper 851.jpg,vn_trash,Paper,f93195cbc2c4cc9c,True,exact_md5_duplicate
DUP_GROUP_0724,D:\HK7\Đồ án khóa luận\Data\raw\garbage_v2\paper\paper_1217.jpg,garbage_v2,paper,D:\HK7\Đồ án khóa luận\Data\raw\vn_trash\Paper\test_paper 901.jpg,vn_trash,Paper,f969863631d39a38,True,exact_md5_duplicate
DUP_GROUP_0725,D:\HK7\Đồ án khóa luận\Data\raw\garbage_v2\paper\paper_1231.jpg,garbage_v2,paper,D:\HK7\Đồ án khóa luận\Data\raw\vn_trash\Paper\test_paper 393.jpg,vn_trash,Paper,fa3c9494cacb65a1,True,exact_md5_duplicate
DUP_GROUP_0726,D:\HK7\Đồ án khóa luận\Data\raw\garbage_v2\paper\paper_1259.jpg,garbage_v2,paper,D:\HK7\Đồ án khóa luận\Data\raw\vn_trash\Paper\test_paper 618.jpg,vn_trash,Paper,fe9481e1c1663e3c,True,exact_md5_duplicate
DUP_GROUP_0727,D:\HK7\Đồ án khóa luận\Data\raw\garbage_v2\paper\paper_1267.jpg,garbage_v2,paper,D:\HK7\Đồ án khóa luận\Data\raw\vn_trash\Paper\test_paper 596.jpg,vn_trash,Paper,ee14e93985e2ada1,True,exact_md5_duplicate
DUP_GROUP_0728,D:\HK7\Đồ án khóa luận\Data\raw\garbage_v2\paper\paper_1284.jpg,garbage_v2,paper,D:\HK7\Đồ án khóa luận\Data\raw\vn_trash\Paper\test_paper 667.jpg,vn_trash,Paper,d32e8c33232733cd,True,exact_md5_duplicate
DUP_GROUP_0729,D:\HK7\Đồ án khóa luận\Data\raw\garbage_v2\paper\paper_1286.jpg,garbage_v2,paper,D:\HK7\Đồ án khóa luận\Data\raw\vn_trash\Paper\test_paper 819.jpg,vn_trash,Paper,afc5f466d5619121,True,exact_md5_duplicate
DUP_GROUP_0730,D:\HK7\Đồ án khóa luận\Data\raw\garbage_v2\paper\paper_1287.jpg,garbage_v2,paper,D:\HK7\Đồ án khóa luận\Data\raw\vn_trash\Paper\test_paper 622.jpg,vn_trash,Paper,e39e1c656a1895e5,True,exact_md5_duplicate
DUP_GROUP_0731,D:\HK7\Đồ án khóa luận\Data\raw\garbage_v2\paper\paper_1290.jpg,garbage_v2,paper,D:\HK7\Đồ án khóa luận\Data\raw\vn_trash\Paper\test_paper 627.jpg,vn_trash,Paper,ef29c097f0c09b33,True,exact_md5_duplicate
DUP_GROUP_0732,D:\HK7\Đồ án khóa luận\Data\raw\garbage_v2\paper\paper_130.jpg,garbage_v2,paper,D:\HK7\Đồ án khóa luận\Data\raw\vn_trash\Paper\test_paper 682.jpg,vn_trash,Paper,f4cfc7d0a42e1ac8,True,exact_md5_duplicate
DUP_GROUP_0733,D:\HK7\Đồ án khóa luận\Data\raw\garbage_v2\paper\paper_131.jpg,garbage_v2,paper,D:\HK7\Đồ án khóa luận\Data\raw\vn_trash\Paper\test_paper 699.jpg,vn_trash,Paper,d73bb0d00383ecce,True,exact_md5_duplicate
DUP_GROUP_0734,D:\HK7\Đồ án khóa luận\Data\raw\garbage_v2\paper\paper_1317.jpg,garbage_v2,paper,D:\HK7\Đồ án khóa luận\Data\raw\vn_trash\Paper\test_paper 870.jpg,vn_trash,Paper,d439a04e67f33169,True,exact_md5_duplicate
DUP_GROUP_0735,D:\HK7\Đồ án khóa luận\Data\raw\garbage_v2\paper\paper_1330.jpg,garbage_v2,paper,D:\HK7\Đồ án khóa luận\Data\raw\vn_trash\Paper\test_paper 725.jpg,vn_trash,Paper,fc5aa2b993988798,True,exact_md5_duplicate
DUP_GROUP_0736,D:\HK7\Đồ án khóa luận\Data\raw\garbage_v2\paper\paper_155.jpg,garbage_v2,paper,D:\HK7\Đồ án khóa luận\Data\raw\vn_trash\Paper\test_paper 782.jpg,vn_trash,Paper,c7e3308fc3900fcd,True,exact_md5_duplicate
DUP_GROUP_0737,D:\HK7\Đồ án khóa luận\Data\raw\garbage_v2\paper\paper_198.jpg,garbage_v2,paper,D:\HK7\Đồ án khóa luận\Data\raw\vn_trash\Paper\test_paper 445.jpg,vn_trash,Paper,f1c6c1388ca1a7bd,True,exact_md5_duplicate
DUP_GROUP_0738,D:\HK7\Đồ án khóa luận\Data\raw\garbage_v2\paper\paper_25.jpg,garbage_v2,paper,D:\HK7\Đồ án khóa luận\Data\raw\vn_trash\Paper\test_paper 496.jpg,vn_trash,Paper,d62d1f31941b632e,True,exact_md5_duplicate
DUP_GROUP_0739,D:\HK7\Đồ án khóa luận\Data\raw\garbage_v2\paper\paper_261.jpg,garbage_v2,paper,D:\HK7\Đồ án khóa luận\Data\raw\vn_trash\Paper\test_paper 792.jpg,vn_trash,Paper,e7e398c4b19c8e91,True,exact_md5_duplicate
DUP_GROUP_0740,D:\HK7\Đồ án khóa luận\Data\raw\garbage_v2\paper\paper_280.jpg,garbage_v2,paper,D:\HK7\Đồ án khóa luận\Data\raw\vn_trash\Paper\test_paper 600.jpg,vn_trash,Paper,eac195b69119b06f,True,exact_md5_duplicate
DUP_GROUP_0741,D:\HK7\Đồ án khóa luận\Data\raw\garbage_v2\paper\paper_305.jpg,garbage_v2,paper,D:\HK7\Đồ án khóa luận\Data\raw\vn_trash\Carton\train_cardboard 211.jpg,vn_trash,Carton,a5d21b9e1a6d4966,False,near_phash_duplicate
DUP_GROUP_0742,D:\HK7\Đồ án khóa luận\Data\raw\garbage_v2\paper\paper_307.jpg,garbage_v2,paper,D:\HK7\Đồ án khóa luận\Data\raw\vn_trash\Paper\test_paper 617.jpg,vn_trash,Paper,e7a698c9c8c4dfc0,True,exact_md5_duplicate
DUP_GROUP_0743,D:\HK7\Đồ án khóa luận\Data\raw\garbage_v2\paper\paper_316.jpg,garbage_v2,paper,D:\HK7\Đồ án khóa luận\Data\raw\vn_trash\Paper\test_paper 362.jpg,vn_trash,Paper,de35e06a95c1360f,True,exact_md5_duplicate
DUP_GROUP_0744,D:\HK7\Đồ án khóa luận\Data\raw\garbage_v2\paper\paper_355.jpg,garbage_v2,paper,D:\HK7\Đồ án khóa luận\Data\raw\vn_trash\Paper\test_paper 373.jpg,vn_trash,Paper,d3b1a94ccec70c1d,True,exact_md5_duplicate
DUP_GROUP_0745,D:\HK7\Đồ án khóa luận\Data\raw\garbage_v2\paper\paper_361.jpg,garbage_v2,paper,D:\HK7\Đồ án khóa luận\Data\raw\vn_trash\Paper\test_paper 489.jpg,vn_trash,Paper,8a27b353fb2111dc,True,exact_md5_duplicate
DUP_GROUP_0746,D:\HK7\Đồ án khóa luận\Data\raw\garbage_v2\paper\paper_420.jpg,garbage_v2,paper,D:\HK7\Đồ án khóa luận\Data\raw\vn_trash\Paper\test_paper 413.jpg,vn_trash,Paper,d554a7a64c332e99,True,exact_md5_duplicate
DUP_GROUP_0747,D:\HK7\Đồ án khóa luận\Data\raw\garbage_v2\paper\paper_426.jpg,garbage_v2,paper,D:\HK7\Đồ án khóa luận\Data\raw\vn_trash\Paper\test_paper 909.jpg,vn_trash,Paper,ffd083603ec0de13,True,exact_md5_duplicate
DUP_GROUP_0748,D:\HK7\Đồ án khóa luận\Data\raw\garbage_v2\paper\paper_438.jpg,garbage_v2,paper,D:\HK7\Đồ án khóa luận\Data\raw\vn_trash\Paper\test_paper 553.jpg,vn_trash,Paper,e4b3c0ecc79cc1c3,True,exact_md5_duplicate
DUP_GROUP_0749,D:\HK7\Đồ án khóa luận\Data\raw\garbage_v2\paper\paper_454.jpg,garbage_v2,paper,D:\HK7\Đồ án khóa luận\Data\raw\vn_trash\Paper\test_paper 880.jpg,vn_trash,Paper,e96bd31bd2381383,True,exact_md5_duplicate
DUP_GROUP_0750,D:\HK7\Đồ án khóa luận\Data\raw\garbage_v2\paper\paper_468.jpg,garbage_v2,paper,D:\HK7\Đồ án khóa luận\Data\raw\vn_trash\Paper\test_paper 686.jpg,vn_trash,Paper,ff90c03f856a1fc0,True,exact_md5_duplicate
DUP_GROUP_0751,D:\HK7\Đồ án khóa luận\Data\raw\garbage_v2\paper\paper_509.jpg,garbage_v2,paper,D:\HK7\Đồ án khóa luận\Data\raw\vn_trash\Paper\test_paper 392.jpg,vn_trash,Paper,f59aba954288add4,True,exact_md5_duplicate
DUP_GROUP_0752,D:\HK7\Đồ án khóa luận\Data\raw\garbage_v2\paper\paper_514.jpg,garbage_v2,paper,D:\HK7\Đồ án khóa luận\Data\raw\vn_trash\Paper\test_paper 703.jpg,vn_trash,Paper,fedd848fe0623033,True,exact_md5_duplicate
DUP_GROUP_0753,D:\HK7\Đồ án khóa luận\Data\raw\garbage_v2\paper\paper_53.jpg,garbage_v2,paper,D:\HK7\Đồ án khóa luận\Data\raw\vn_trash\Paper\test_paper 745.jpg,vn_trash,Paper,ca2d9a67c170f07c,True,exact_md5_duplicate
DUP_GROUP_0754,D:\HK7\Đồ án khóa luận\Data\raw\garbage_v2\paper\paper_543.jpg,garbage_v2,paper,D:\HK7\Đồ án khóa luận\Data\raw\vn_trash\Paper\test_paper 367.jpg,vn_trash,Paper,d11ba3e099078fe6,True,exact_md5_duplicate
DUP_GROUP_0755,D:\HK7\Đồ án khóa luận\Data\raw\garbage_v2\paper\paper_566.jpg,garbage_v2,paper,D:\HK7\Đồ án khóa luận\Data\raw\vn_trash\Paper\test_paper 436.jpg,vn_trash,Paper,fc878149e73d7230,True,exact_md5_duplicate
DUP_GROUP_0756,D:\HK7\Đồ án khóa luận\Data\raw\garbage_v2\paper\paper_650.jpg,garbage_v2,paper,D:\HK7\Đồ án khóa luận\Data\raw\vn_trash\Paper\test_paper 648.jpg,vn_trash,Paper,fd1ab0f08b0bd86c,True,exact_md5_duplicate
DUP_GROUP_0757,D:\HK7\Đồ án khóa luận\Data\raw\garbage_v2\paper\paper_680.jpg,garbage_v2,paper,D:\HK7\Đồ án khóa luận\Data\raw\vn_trash\Paper\test_paper 636.jpg,vn_trash,Paper,ec93c94c3671a1ce,True,exact_md5_duplicate
DUP_GROUP_0758,D:\HK7\Đồ án khóa luận\Data\raw\garbage_v2\paper\paper_694.jpg,garbage_v2,paper,D:\HK7\Đồ án khóa luận\Data\raw\vn_trash\Paper\test_paper 552.jpg,vn_trash,Paper,ef93b4b65940c92a,True,exact_md5_duplicate
DUP_GROUP_0759,D:\HK7\Đồ án khóa luận\Data\raw\garbage_v2\paper\paper_714.jpg,garbage_v2,paper,D:\HK7\Đồ án khóa luận\Data\raw\vn_trash\Paper\test_paper 903.jpg,vn_trash,Paper,c46ab25a2f952d17,True,exact_md5_duplicate
DUP_GROUP_0760,D:\HK7\Đồ án khóa luận\Data\raw\garbage_v2\paper\paper_728.jpg,garbage_v2,paper,D:\HK7\Đồ án khóa luận\Data\raw\vn_trash\Paper\test_paper 467.jpg,vn_trash,Paper,fee0c19dc19db062,True,exact_md5_duplicate
DUP_GROUP_0761,D:\HK7\Đồ án khóa luận\Data\raw\garbage_v2\paper\paper_743.jpg,garbage_v2,paper,D:\HK7\Đồ án khóa luận\Data\raw\vn_trash\Paper\test_paper 855.jpg,vn_trash,Paper,e435e323390ec13f,True,exact_md5_duplicate
DUP_GROUP_0762,D:\HK7\Đồ án khóa luận\Data\raw\garbage_v2\paper\paper_75.jpg,garbage_v2,paper,D:\HK7\Đồ án khóa luận\Data\raw\vn_trash\Paper\test_paper 475.jpg,vn_trash,Paper,f8708787a078adba,True,exact_md5_duplicate
DUP_GROUP_0763,D:\HK7\Đồ án khóa luận\Data\raw\garbage_v2\paper\paper_756.jpg,garbage_v2,paper,D:\HK7\Đồ án khóa luận\Data\raw\vn_trash\Paper\test_paper 403.jpg,vn_trash,Paper,d333b36c9a8cc8cc,True,exact_md5_duplicate
DUP_GROUP_0764,D:\HK7\Đồ án khóa luận\Data\raw\garbage_v2\paper\paper_795.jpg,garbage_v2,paper,D:\HK7\Đồ án khóa luận\Data\raw\vn_trash\Paper\test_paper 448.jpg,vn_trash,Paper,f2a68c78c731cb19,True,exact_md5_duplicate
DUP_GROUP_0765,D:\HK7\Đồ án khóa luận\Data\raw\garbage_v2\paper\paper_798.jpg,garbage_v2,paper,D:\HK7\Đồ án khóa luận\Data\raw\vn_trash\Paper\test_paper 578.jpg,vn_trash,Paper,d7c6ac993331cc8c,True,exact_md5_duplicate
DUP_GROUP_0766,D:\HK7\Đồ án khóa luận\Data\raw\garbage_v2\paper\paper_799.jpg,garbage_v2,paper,D:\HK7\Đồ án khóa luận\Data\raw\vn_trash\Paper\test_paper 364.jpg,vn_trash,Paper,fad4b8301cf1b583,True,exact_md5_duplicate
DUP_GROUP_0767,D:\HK7\Đồ án khóa luận\Data\raw\garbage_v2\paper\paper_827.jpg,garbage_v2,paper,D:\HK7\Đồ án khóa luận\Data\raw\vn_trash\Paper\test_paper 633.jpg,vn_trash,Paper,e600b6ee1327e927,True,exact_md5_duplicate
DUP_GROUP_0768,D:\HK7\Đồ án khóa luận\Data\raw\garbage_v2\paper\paper_834.jpg,garbage_v2,paper,D:\HK7\Đồ án khóa luận\Data\raw\vn_trash\Paper\test_paper 438.jpg,vn_trash,Paper,c54996a7393ca798,True,exact_md5_duplicate
DUP_GROUP_0769,D:\HK7\Đồ án khóa luận\Data\raw\garbage_v2\paper\paper_847.jpg,garbage_v2,paper,D:\HK7\Đồ án khóa luận\Data\raw\vn_trash\Paper\test_paper 400.jpg,vn_trash,Paper,f930c63f91609ec9,True,exact_md5_duplicate
DUP_GROUP_0770,D:\HK7\Đồ án khóa luận\Data\raw\garbage_v2\paper\paper_853.jpg,garbage_v2,paper,D:\HK7\Đồ án khóa luận\Data\raw\vn_trash\Paper\test_paper 629.jpg,vn_trash,Paper,f4c6cb381e1331c7,True,exact_md5_duplicate
DUP_GROUP_0771,D:\HK7\Đồ án khóa luận\Data\raw\garbage_v2\paper\paper_878.jpg,garbage_v2,paper,D:\HK7\Đồ án khóa luận\Data\raw\vn_trash\Paper\test_paper 818.jpg,vn_trash,Paper,f8d0b79e03c198ec,True,exact_md5_duplicate
DUP_GROUP_0772,D:\HK7\Đồ án khóa luận\Data\raw\garbage_v2\paper\paper_903.jpg,garbage_v2,paper,D:\HK7\Đồ án khóa luận\Data\raw\vn_trash\Paper\test_paper 398.jpg,vn_trash,Paper,ee6e89521e87621b,True,exact_md5_duplicate
DUP_GROUP_0773,D:\HK7\Đồ án khóa luận\Data\raw\garbage_v2\paper\paper_932.jpg,garbage_v2,paper,D:\HK7\Đồ án khóa luận\Data\raw\vn_trash\Paper\test_paper 427.jpg,vn_trash,Paper,d06ea14786f8bc33,True,exact_md5_duplicate
DUP_GROUP_0774,D:\HK7\Đồ án khóa luận\Data\raw\garbage_v2\paper\paper_951.jpg,garbage_v2,paper,D:\HK7\Đồ án khóa luận\Data\raw\vn_trash\Paper\test_paper 339.jpg,vn_trash,Paper,f549d6969349493a,True,exact_md5_duplicate
DUP_GROUP_0775,D:\HK7\Đồ án khóa luận\Data\raw\garbage_v2\paper\paper_980.jpg,garbage_v2,paper,D:\HK7\Đồ án khóa luận\Data\raw\vn_trash\Paper\test_paper 468.jpg,vn_trash,Paper,ec6cd03433c3c3e3,True,exact_md5_duplicate
DUP_GROUP_0776,D:\HK7\Đồ án khóa luận\Data\raw\garbage_v2\paper\paper_990.jpg,garbage_v2,paper,D:\HK7\Đồ án khóa luận\Data\raw\vn_trash\Paper\test_paper 890.jpg,vn_trash,Paper,e3cc9e8599746166,True,exact_md5_duplicate
DUP_GROUP_0777,D:\HK7\Đồ án khóa luận\Data\raw\garbage_v2\plastic\plastic_972.jpg,garbage_v2,plastic,D:\HK7\Đồ án khóa luận\Data\raw\vn_trash\PET\test_plastic_bottle 160.jpg,vn_trash,PET,e6939b33996c898c,False,near_phash_duplicate
DUP_GROUP_0778,D:\HK7\Đồ án khóa luận\Data\raw\vn_trash\Alu\test_beverage_cans 245.jpg,vn_trash,Alu,D:\HK7\Đồ án khóa luận\Data\raw\vn_trash\Alu\train_beverage_cans225.jpg,vn_trash,Alu,bc4f82c0c2c3cecf,False,near_phash_duplicate
DUP_GROUP_0779,D:\HK7\Đồ án khóa luận\Data\raw\vn_trash\Alu\test_beverage_cans 554.jpg,vn_trash,Alu,D:\HK7\Đồ án khóa luận\Data\raw\vn_trash\Alu\train_beverage_cans49.jpg,vn_trash,Alu,f158ca8fb1e62568,False,near_phash_duplicate
DUP_GROUP_0780,D:\HK7\Đồ án khóa luận\Data\raw\vn_trash\Alu\test_beverage_cans 584.jpg,vn_trash,Alu,D:\HK7\Đồ án khóa luận\Data\raw\vn_trash\Alu\test_beverage_cans 636.jpg,vn_trash,Alu,e3c2d40da6f7930c,False,near_phash_duplicate
DUP_GROUP_0781,D:\HK7\Đồ án khóa luận\Data\raw\vn_trash\Alu\test_beverage_cans 586.jpg,vn_trash,Alu,D:\HK7\Đồ án khóa luận\Data\raw\vn_trash\Alu\train_beverage_cans618.jpg,vn_trash,Alu,ecc7933838c66569,False,near_phash_duplicate
DUP_GROUP_0782,D:\HK7\Đồ án khóa luận\Data\raw\vn_trash\Alu\test_beverage_cans 683.jpg,vn_trash,Alu,D:\HK7\Đồ án khóa luận\Data\raw\vn_trash\Alu\train_beverage_cans721.jpg,vn_trash,Alu,aea6d9d9842ecd22,True,exact_md5_duplicate
DUP_GROUP_0783,D:\HK7\Đồ án khóa luận\Data\raw\vn_trash\Alu\train_beverage_cans276.jpg,vn_trash,Alu,D:\HK7\Đồ án khóa luận\Data\raw\vn_trash\Alu\train_beverage_cans737.jpg,vn_trash,Alu,ec8b9364e7994932,False,near_phash_duplicate
DUP_GROUP_0784,D:\HK7\Đồ án khóa luận\Data\raw\vn_trash\Alu\train_beverage_cans292.jpg,vn_trash,Alu,D:\HK7\Đồ án khóa luận\Data\raw\vn_trash\Alu\train_beverage_cans293.jpg,vn_trash,Alu,e69919669966cc66,False,near_phash_duplicate
DUP_GROUP_0785,D:\HK7\Đồ án khóa luận\Data\raw\vn_trash\Alu\train_beverage_cans313.jpg,vn_trash,Alu,D:\HK7\Đồ án khóa luận\Data\raw\vn_trash\Alu\train_beverage_cans352.jpg,vn_trash,Alu,eb1a961f9cf884e0,False,near_phash_duplicate
DUP_GROUP_0786,D:\HK7\Đồ án khóa luận\Data\raw\vn_trash\Alu\train_beverage_cans528.jpg,vn_trash,Alu,D:\HK7\Đồ án khóa luận\Data\raw\vn_trash\Alu\train_beverage_cans63.jpg,vn_trash,Alu,e4939b989b4c9b4c,True,exact_md5_duplicate
DUP_GROUP_0787,D:\HK7\Đồ án khóa luận\Data\raw\vn_trash\Alu\train_beverage_cans592.jpg,vn_trash,Alu,D:\HK7\Đồ án khóa luận\Data\raw\vn_trash\Alu\train_beverage_cans593.jpg,vn_trash,Alu,b4cdcb334d341cca,False,near_phash_duplicate
DUP_GROUP_0788,D:\HK7\Đồ án khóa luận\Data\raw\vn_trash\Alu\train_beverage_cans665.jpg,vn_trash,Alu,D:\HK7\Đồ án khóa luận\Data\raw\vn_trash\Alu\train_beverage_cans677.jpg,vn_trash,Alu,bab1a56c8d4ec40f,False,near_phash_duplicate
DUP_GROUP_0789,D:\HK7\Đồ án khóa luận\Data\raw\vn_trash\Alu\train_beverage_cans690.jpg,vn_trash,Alu,D:\HK7\Đồ án khóa luận\Data\raw\vn_trash\Alu\train_beverage_cans691.jpg,vn_trash,Alu,be63d0968599b634,False,near_phash_duplicate
DUP_GROUP_0790,D:\HK7\Đồ án khóa luận\Data\raw\vn_trash\Alu\train_beverage_cans794.jpg,vn_trash,Alu,D:\HK7\Đồ án khóa luận\Data\raw\vn_trash\Alu\train_beverage_cans795.jpg,vn_trash,Alu,ae52c9af948d2395,False,near_phash_duplicate
DUP_GROUP_0791,D:\HK7\Đồ án khóa luận\Data\raw\vn_trash\Alu\train_beverage_cans90.jpg,vn_trash,Alu,D:\HK7\Đồ án khóa luận\Data\raw\vn_trash\Alu\train_beverage_cans91.jpg,vn_trash,Alu,b8906fc7916e9932,False,near_phash_duplicate
DUP_GROUP_0792,D:\HK7\Đồ án khóa luận\Data\raw\vn_trash\Carton\test_cardboard 1962.jpg,vn_trash,Carton,D:\HK7\Đồ án khóa luận\Data\raw\vn_trash\Carton\train_cardboard485.jpg,vn_trash,Carton,e5bc963cce1ac107,True,exact_md5_duplicate
DUP_GROUP_0793,D:\HK7\Đồ án khóa luận\Data\raw\vn_trash\Carton\test_cardboard 2002.jpg,vn_trash,Carton,D:\HK7\Đồ án khóa luận\Data\raw\vn_trash\Carton\train_cardboard837.jpg,vn_trash,Carton,eacdc131d409cee9,True,exact_md5_duplicate
DUP_GROUP_0794,D:\HK7\Đồ án khóa luận\Data\raw\vn_trash\Carton\test_cardboard 2019.jpg,vn_trash,Carton,D:\HK7\Đồ án khóa luận\Data\raw\vn_trash\Carton\train_cardboard3.jpg,vn_trash,Carton,bf36b0fed931c040,True,exact_md5_duplicate
DUP_GROUP_0795,D:\HK7\Đồ án khóa luận\Data\raw\vn_trash\Carton\train_cardboard 2362.jpg,vn_trash,Carton,D:\HK7\Đồ án khóa luận\Data\raw\vn_trash\Carton\train_cardboard320.jpg,vn_trash,Carton,df89e0500fe96857,True,exact_md5_duplicate
DUP_GROUP_0796,D:\HK7\Đồ án khóa luận\Data\raw\vn_trash\Carton\train_cardboard 2365.jpg,vn_trash,Carton,D:\HK7\Đồ án khóa luận\Data\raw\vn_trash\Carton\train_cardboard324.jpg,vn_trash,Carton,d433a449169f36ec,True,exact_md5_duplicate
DUP_GROUP_0797,D:\HK7\Đồ án khóa luận\Data\raw\vn_trash\Carton\train_cardboard 2378.jpg,vn_trash,Carton,D:\HK7\Đồ án khóa luận\Data\raw\vn_trash\Carton\train_cardboard337.jpg,vn_trash,Carton,c4ad3693c9da2936,True,exact_md5_duplicate
DUP_GROUP_0798,D:\HK7\Đồ án khóa luận\Data\raw\vn_trash\Carton\train_cardboard 2388.jpg,vn_trash,Carton,D:\HK7\Đồ án khóa luận\Data\raw\vn_trash\Carton\train_cardboard 2400.jpg,vn_trash,Carton,80553b6f813d856f,True,exact_md5_duplicate
DUP_GROUP_0799,D:\HK7\Đồ án khóa luận\Data\raw\vn_trash\Carton\train_cardboard 2389.jpg,vn_trash,Carton,D:\HK7\Đồ án khóa luận\Data\raw\vn_trash\Carton\train_cardboard 2401.jpg,vn_trash,Carton,bec063cfc03ec932,True,exact_md5_duplicate
DUP_GROUP_0800,D:\HK7\Đồ án khóa luận\Data\raw\vn_trash\Carton\train_cardboard 2390.jpg,vn_trash,Carton,D:\HK7\Đồ án khóa luận\Data\raw\vn_trash\Carton\train_cardboard 2402.jpg,vn_trash,Carton,bfe1043bc30ccf31,True,exact_md5_duplicate
DUP_GROUP_0801,D:\HK7\Đồ án khóa luận\Data\raw\vn_trash\Carton\train_cardboard 2391.jpg,vn_trash,Carton,D:\HK7\Đồ án khóa luận\Data\raw\vn_trash\Carton\train_cardboard 2404.jpg,vn_trash,Carton,b29cc7619c371966,True,exact_md5_duplicate
DUP_GROUP_0802,D:\HK7\Đồ án khóa luận\Data\raw\vn_trash\Carton\train_cardboard 2396.jpg,vn_trash,Carton,D:\HK7\Đồ án khóa luận\Data\raw\vn_trash\Carton\train_cardboard 2408.jpg,vn_trash,Carton,98e7301ecc3903fe,True,exact_md5_duplicate
DUP_GROUP_0803,D:\HK7\Đồ án khóa luận\Data\raw\vn_trash\Carton\train_cardboard 2397.jpg,vn_trash,Carton,D:\HK7\Đồ án khóa luận\Data\raw\vn_trash\Carton\train_cardboard 2409.jpg,vn_trash,Carton,f14b863b2c7a227c,True,exact_md5_duplicate
DUP_GROUP_0804,D:\HK7\Đồ án khóa luận\Data\raw\vn_trash\Carton\train_cardboard 2410.jpg,vn_trash,Carton,D:\HK7\Đồ án khóa luận\Data\raw\vn_trash\Carton\train_cardboard112.jpg,vn_trash,Carton,e626655919daa726,True,exact_md5_duplicate
DUP_GROUP_0805,D:\HK7\Đồ án khóa luận\Data\raw\vn_trash\Carton\train_cardboard 43.jpg,vn_trash,Carton,D:\HK7\Đồ án khóa luận\Data\raw\vn_trash\Carton\train_cardboard312.jpg,vn_trash,Carton,f064cf933c6c7162,True,exact_md5_duplicate
DUP_GROUP_0806,D:\HK7\Đồ án khóa luận\Data\raw\vn_trash\Carton\train_cardboard729.jpg,vn_trash,Carton,D:\HK7\Đồ án khóa luận\Data\raw\vn_trash\Carton\train_cardboard832.jpg,vn_trash,Carton,e89e94e1c163c3cb,False,near_phash_duplicate
DUP_GROUP_0807,D:\HK7\Đồ án khóa luận\Data\raw\vn_trash\Foam_box\train_00000000.jpg,vn_trash,Foam_box,D:\HK7\Đồ án khóa luận\Data\raw\vn_trash\Foam_box\train_00000018.jpg,vn_trash,Foam_box,cbcb3c9661689663,False,near_phash_duplicate
DUP_GROUP_0808,D:\HK7\Đồ án khóa luận\Data\raw\vn_trash\Foam_box\train_00000081.jpg,vn_trash,Foam_box,D:\HK7\Đồ án khóa luận\Data\raw\vn_trash\Foam_box\train_00000100.jpg,vn_trash,Foam_box,c6646d2b391bb992,True,exact_md5_duplicate
DUP_GROUP_0809,D:\HK7\Đồ án khóa luận\Data\raw\vn_trash\Foam_box\train_00000087.jpg,vn_trash,Foam_box,D:\HK7\Đồ án khóa luận\Data\raw\vn_trash\Foam_box\train_00000089.jpg,vn_trash,Foam_box,eeb1e44a859bd234,False,near_phash_duplicate
DUP_GROUP_0810,D:\HK7\Đồ án khóa luận\Data\raw\vn_trash\Foam_box\train_00000097.jpg,vn_trash,Foam_box,D:\HK7\Đồ án khóa luận\Data\raw\vn_trash\Foam_box\train_00000099.jpg,vn_trash,Foam_box,be1e95b5c16370c2,True,exact_md5_duplicate
