path,source,original_label,unified_label_10,group_id,exclusion_reason,retained_counterpart
D:\HK7\Đồ án khóa luận\Data\raw\vn_trash\Carton\train_cardboard642.jpg,vn_trash,Carton,cardboard,DUP_GROUP_0001,exact_md5_duplicate,D:\HK7\Đồ án khóa luận\Data\raw\garbage_v2\cardboard\cardboard_1.jpg
D:\HK7\Đồ án khóa luận\Data\raw\vn_trash\Carton\test_cardboard 2029.jpg,vn_trash,Carton,cardboard,DUP_GROUP_0002,exact_md5_duplicate,D:\HK7\Đồ án khóa luận\Data\raw\garbage_v2\cardboard\cardboard_100.jpg
D:\HK7\Đồ án khóa luận\Data\raw\vn_trash\Carton\train_cardboard11.jpg,vn_trash,Carton,cardboard,DUP_GROUP_0002,exact_md5_duplicate,D:\HK7\Đồ án khóa luận\Data\raw\garbage_v2\cardboard\cardboard_100.jpg
D:\HK7\Đồ án khóa luận\Data\raw\vn_trash\Carton\test_cardboard 1954.jpg,vn_trash,Carton,cardboard,DUP_GROUP_0003,exact_md5_duplicate,D:\HK7\Đồ án khóa luận\Data\raw\garbage_v2\cardboard\cardboard_1000.jpg
D:\HK7\Đồ án khóa luận\Data\raw\vn_trash\Carton\train_cardboard409.jpg,vn_trash,Carton,cardboard,DUP_GROUP_0003,exact_md5_duplicate,D:\HK7\Đồ án khóa luận\Data\raw\garbage_v2\cardboard\cardboard_1000.jpg
D:\HK7\Đồ án khóa luận\Data\raw\vn_trash\Carton\train_cardboard410.jpg,vn_trash,Carton,cardboard,DUP_GROUP_0004,exact_md5_duplicate,D:\HK7\Đồ án khóa luận\Data\raw\garbage_v2\cardboard\cardboard_1002.jpg
D:\HK7\Đồ án khóa luận\Data\raw\vn_trash\Carton\train_cardboard651.jpg,vn_trash,Carton,cardboard,DUP_GROUP_0005,exact_md5_duplicate,D:\HK7\Đồ án khóa luận\Data\raw\garbage_v2\cardboard\cardboard_1003.jpg
D:\HK7\Đồ án khóa luận\Data\raw\vn_trash\Carton\train_cardboard512.jpg,vn_trash,Carton,cardboard,DUP_GROUP_0006,exact_md5_duplicate,D:\HK7\Đồ án khóa luận\Data\raw\garbage_v2\cardboard\cardboard_1005.jpg
D:\HK7\Đồ án khóa luận\Data\raw\vn_trash\Carton\train_cardboard476.jpg,vn_trash,Carton,cardboard,DUP_GROUP_0007,exact_md5_duplicate,D:\HK7\Đồ án khóa luận\Data\raw\garbage_v2\cardboard\cardboard_1006.jpg
D:\HK7\Đồ án khóa luận\Data\raw\vn_trash\Carton\train_cardboard443.jpg,vn_trash,Carton,cardboard,DUP_GROUP_0008,exact_md5_duplicate,D:\HK7\Đồ án khóa luận\Data\raw\garbage_v2\cardboard\cardboard_1007.jpg
D:\HK7\Đồ án khóa luận\Data\raw\vn_trash\Carton\train_cardboard663.jpg,vn_trash,Carton,cardboard,DUP_GROUP_0009,exact_md5_duplicate,D:\HK7\Đồ án khóa luận\Data\raw\garbage_v2\cardboard\cardboard_1008.jpg
D:\HK7\Đồ án khóa luận\Data\raw\vn_trash\Carton\train_cardboard101.jpg,vn_trash,Carton,cardboard,DUP_GROUP_0010,exact_md5_duplicate,D:\HK7\Đồ án khóa luận\Data\raw\garbage_v2\cardboard\cardboard_1016.jpg
D:\HK7\Đồ án khóa luận\Data\raw\vn_trash\Carton\train_cardboard196.jpg,vn_trash,Carton,cardboard,DUP_GROUP_0011,exact_md5_duplicate,D:\HK7\Đồ án khóa luận\Data\raw\garbage_v2\cardboard\cardboard_1017.jpg
D:\HK7\Đồ án khóa luận\Data\raw\vn_trash\Carton\train_cardboard239.jpg,vn_trash,Carton,cardboard,DUP_GROUP_0012,exact_md5_duplicate,D:\HK7\Đồ án khóa luận\Data\raw\garbage_v2\cardboard\cardboard_1018.jpg
D:\HK7\Đồ án khóa luận\Data\raw\vn_trash\Carton\train_cardboard115.jpg,vn_trash,Carton,cardboard,DUP_GROUP_0013,exact_md5_duplicate,D:\HK7\Đồ án khóa luận\Data\raw\garbage_v2\cardboard\cardboard_102.jpg
D:\HK7\Đồ án khóa luận\Data\raw\vn_trash\Carton\train_cardboard261.jpg,vn_trash,Carton,cardboard,DUP_GROUP_0014,exact_md5_duplicate,D:\HK7\Đồ án khóa luận\Data\raw\garbage_v2\cardboard\cardboard_1022.jpg
D:\HK7\Đồ án khóa luận\Data\raw\vn_trash\Carton\test_cardboard 1956.jpg,vn_trash,Carton,cardboard,DUP_GROUP_0015,exact_md5_duplicate,D:\HK7\Đồ án khóa luận\Data\raw\garbage_v2\cardboard\cardboard_1023.jpg
D:\HK7\Đồ án khóa luận\Data\raw\vn_trash\Carton\train_cardboard431.jpg,vn_trash,Carton,cardboard,DUP_GROUP_0015,exact_md5_duplicate,D:\HK7\Đồ án khóa luận\Data\raw\garbage_v2\cardboard\cardboard_1023.jpg
D:\HK7\Đồ án khóa luận\Data\raw\vn_trash\Carton\train_cardboard500.jpg,vn_trash,Carton,cardboard,DUP_GROUP_0016,exact_md5_duplicate,D:\HK7\Đồ án khóa luận\Data\raw\garbage_v2\cardboard\cardboard_1024.jpg
D:\HK7\Đồ án khóa luận\Data\raw\vn_trash\Carton\train_cardboard534.jpg,vn_trash,Carton,cardboard,DUP_GROUP_0017,exact_md5_duplicate,D:\HK7\Đồ án khóa luận\Data\raw\garbage_v2\cardboard\cardboard_1025.jpg
D:\HK7\Đồ án khóa luận\Data\raw\vn_trash\Carton\train_cardboard599.jpg,vn_trash,Carton,cardboard,DUP_GROUP_0018,exact_md5_duplicate,D:\HK7\Đồ án khóa luận\Data\raw\garbage_v2\cardboard\cardboard_1028.jpg
D:\HK7\Đồ án khóa luận\Data\raw\vn_trash\Carton\test_cardboard 1991.jpg,vn_trash,Carton,cardboard,DUP_GROUP_0019,exact_md5_duplicate,D:\HK7\Đồ án khóa luận\Data\raw\garbage_v2\cardboard\cardboard_1029.jpg
D:\HK7\Đồ án khóa luận\Data\raw\vn_trash\Carton\train_cardboard737.jpg,vn_trash,Carton,cardboard,DUP_GROUP_0019,exact_md5_duplicate,D:\HK7\Đồ án khóa luận\Data\raw\garbage_v2\cardboard\cardboard_1029.jpg
D:\HK7\Đồ án khóa luận\Data\raw\vn_trash\Carton\train_cardboard252.jpg,vn_trash,Carton,cardboard,DUP_GROUP_0020,exact_md5_duplicate,D:\HK7\Đồ án khóa luận\Data\raw\garbage_v2\cardboard\cardboard_1031.jpg
D:\HK7\Đồ án khóa luận\Data\raw\vn_trash\Carton\train_cardboard508.jpg,vn_trash,Carton,cardboard,DUP_GROUP_0021,exact_md5_duplicate,D:\HK7\Đồ án khóa luận\Data\raw\garbage_v2\cardboard\cardboard_1032.jpg
D:\HK7\Đồ án khóa luận\Data\raw\vn_trash\Carton\train_cardboard113.jpg,vn_trash,Carton,cardboard,DUP_GROUP_0022,exact_md5_duplicate,D:\HK7\Đồ án khóa luận\Data\raw\garbage_v2\cardboard\cardboard_1033.jpg
D:\HK7\Đồ án khóa luận\Data\raw\vn_trash\Carton\train_cardboard510.jpg,vn_trash,Carton,cardboard,DUP_GROUP_0023,exact_md5_duplicate,D:\HK7\Đồ án khóa luận\Data\raw\garbage_v2\cardboard\cardboard_1034.jpg
D:\HK7\Đồ án khóa luận\Data\raw\vn_trash\Carton\train_cardboard670.jpg,vn_trash,Carton,cardboard,DUP_GROUP_0024,exact_md5_duplicate,D:\HK7\Đồ án khóa luận\Data\raw\garbage_v2\cardboard\cardboard_1035.jpg
D:\HK7\Đồ án khóa luận\Data\raw\vn_trash\Carton\train_cardboard306.jpg,vn_trash,Carton,cardboard,DUP_GROUP_0025,exact_md5_duplicate,D:\HK7\Đồ án khóa luận\Data\raw\garbage_v2\cardboard\cardboard_1036.jpg
D:\HK7\Đồ án khóa luận\Data\raw\vn_trash\Carton\train_cardboard789.jpg,vn_trash,Carton,cardboard,DUP_GROUP_0026,exact_md5_duplicate,D:\HK7\Đồ án khóa luận\Data\raw\garbage_v2\cardboard\cardboard_1038.jpg
D:\HK7\Đồ án khóa luận\Data\raw\vn_trash\Carton\train_cardboard668.jpg,vn_trash,Carton,cardboard,DUP_GROUP_0027,exact_md5_duplicate,D:\HK7\Đồ án khóa luận\Data\raw\garbage_v2\cardboard\cardboard_1039.jpg
D:\HK7\Đồ án khóa luận\Data\raw\vn_trash\Carton\train_cardboard336.jpg,vn_trash,Carton,cardboard,DUP_GROUP_0028,exact_md5_duplicate,D:\HK7\Đồ án khóa luận\Data\raw\garbage_v2\cardboard\cardboard_104.jpg
D:\HK7\Đồ án khóa luận\Data\raw\vn_trash\Carton\test_cardboard 1990.jpg,vn_trash,Carton,cardboard,DUP_GROUP_0029,exact_md5_duplicate,D:\HK7\Đồ án khóa luận\Data\raw\garbage_v2\cardboard\cardboard_1041.jpg
D:\HK7\Đồ án khóa luận\Data\raw\vn_trash\Carton\train_cardboard726.jpg,vn_trash,Carton,cardboard,DUP_GROUP_0029,exact_md5_duplicate,D:\HK7\Đồ án khóa luận\Data\raw\garbage_v2\cardboard\cardboard_1041.jpg
D:\HK7\Đồ án khóa luận\Data\raw\vn_trash\Carton\train_cardboard763.jpg,vn_trash,Carton,cardboard,DUP_GROUP_0030,exact_md5_duplicate,D:\HK7\Đồ án khóa luận\Data\raw\garbage_v2\cardboard\cardboard_1042.jpg
D:\HK7\Đồ án khóa luận\Data\raw\vn_trash\Carton\train_cardboard152.jpg,vn_trash,Carton,cardboard,DUP_GROUP_0031,exact_md5_duplicate,D:\HK7\Đồ án khóa luận\Data\raw\garbage_v2\cardboard\cardboard_1045.jpg
D:\HK7\Đồ án khóa luận\Data\raw\vn_trash\Carton\train_cardboard655.jpg,vn_trash,Carton,cardboard,DUP_GROUP_0032,exact_md5_duplicate,D:\HK7\Đồ án khóa luận\Data\raw\garbage_v2\cardboard\cardboard_1046.jpg
D:\HK7\Đồ án khóa luận\Data\raw\vn_trash\Carton\test_cardboard 2056.jpg,vn_trash,Carton,cardboard,DUP_GROUP_0033,exact_md5_duplicate,D:\HK7\Đồ án khóa luận\Data\raw\garbage_v2\cardboard\cardboard_1047.jpg
D:\HK7\Đồ án khóa luận\Data\raw\vn_trash\Carton\train_cardboard37.jpg,vn_trash,Carton,cardboard,DUP_GROUP_0033,exact_md5_duplicate,D:\HK7\Đồ án khóa luận\Data\raw\garbage_v2\cardboard\cardboard_1047.jpg
D:\HK7\Đồ án khóa luận\Data\raw\vn_trash\Carton\test_cardboard 2060.jpg,vn_trash,Carton,cardboard,DUP_GROUP_0034,exact_md5_duplicate,D:\HK7\Đồ án khóa luận\Data\raw\garbage_v2\cardboard\cardboard_105.jpg
D:\HK7\Đồ án khóa luận\Data\raw\vn_trash\Carton\train_cardboard40.jpg,vn_trash,Carton,cardboard,DUP_GROUP_0034,exact_md5_duplicate,D:\HK7\Đồ án khóa luận\Data\raw\garbage_v2\cardboard\cardboard_105.jpg
D:\HK7\Đồ án khóa luận\Data\raw\vn_trash\Carton\train_cardboard214.jpg,vn_trash,Carton,cardboard,DUP_GROUP_0035,exact_md5_duplicate,D:\HK7\Đồ án khóa luận\Data\raw\garbage_v2\cardboard\cardboard_1050.jpg
D:\HK7\Đồ án khóa luận\Data\raw\vn_trash\Carton\train_cardboard148.jpg,vn_trash,Carton,cardboard,DUP_GROUP_0036,exact_md5_duplicate,D:\HK7\Đồ án khóa luận\Data\raw\garbage_v2\cardboard\cardboard_1053.jpg
D:\HK7\Đồ án khóa luận\Data\raw\vn_trash\Carton\train_cardboard491.jpg,vn_trash,Carton,cardboard,DUP_GROUP_0037,exact_md5_duplicate,D:\HK7\Đồ án khóa luận\Data\raw\garbage_v2\cardboard\cardboard_1054.jpg
D:\HK7\Đồ án khóa luận\Data\raw\vn_trash\Carton\train_cardboard787.jpg,vn_trash,Carton,cardboard,DUP_GROUP_0038,exact_md5_duplicate,D:\HK7\Đồ án khóa luận\Data\raw\garbage_v2\cardboard\cardboard_1055.jpg
D:\HK7\Đồ án khóa luận\Data\raw\vn_trash\Carton\train_cardboard856.jpg,vn_trash,Carton,cardboard,DUP_GROUP_0039,exact_md5_duplicate,D:\HK7\Đồ án khóa luận\Data\raw\garbage_v2\cardboard\cardboard_1056.jpg
D:\HK7\Đồ án khóa luận\Data\raw\vn_trash\Carton\train_cardboard582.jpg,vn_trash,Carton,cardboard,DUP_GROUP_0040,exact_md5_duplicate,D:\HK7\Đồ án khóa luận\Data\raw\garbage_v2\cardboard\cardboard_1058.jpg
D:\HK7\Đồ án khóa luận\Data\raw\vn_trash\Carton\train_cardboard416.jpg,vn_trash,Carton,cardboard,DUP_GROUP_0041,exact_md5_duplicate,D:\HK7\Đồ án khóa luận\Data\raw\garbage_v2\cardboard\cardboard_106.jpg
D:\HK7\Đồ án khóa luận\Data\raw\vn_trash\Carton\train_cardboard875.jpg,vn_trash,Carton,cardboard,DUP_GROUP_0042,exact_md5_duplicate,D:\HK7\Đồ án khóa luận\Data\raw\garbage_v2\cardboard\cardboard_1061.jpg
D:\HK7\Đồ án khóa luận\Data\raw\vn_trash\Carton\train_cardboard124.jpg,vn_trash,Carton,cardboard,DUP_GROUP_0043,exact_md5_duplicate,D:\HK7\Đồ án khóa luận\Data\raw\garbage_v2\cardboard\cardboard_1063.jpg
D:\HK7\Đồ án khóa luận\Data\raw\vn_trash\Carton\train_cardboard516.jpg,vn_trash,Carton,cardboard,DUP_GROUP_0044,exact_md5_duplicate,D:\HK7\Đồ án khóa luận\Data\raw\garbage_v2\cardboard\cardboard_1066.jpg
D:\HK7\Đồ án khóa luận\Data\raw\vn_trash\Carton\train_cardboard253.jpg,vn_trash,Carton,cardboard,DUP_GROUP_0045,exact_md5_duplicate,D:\HK7\Đồ án khóa luận\Data\raw\garbage_v2\cardboard\cardboard_1068.jpg
D:\HK7\Đồ án khóa luận\Data\raw\vn_trash\Carton\test_cardboard 2008.jpg,vn_trash,Carton,cardboard,DUP_GROUP_0046,exact_md5_duplicate,D:\HK7\Đồ án khóa luận\Data\raw\garbage_v2\cardboard\cardboard_1069.jpg
D:\HK7\Đồ án khóa luận\Data\raw\vn_trash\Carton\train_cardboard883.jpg,vn_trash,Carton,cardboard,DUP_GROUP_0046,exact_md5_duplicate,D:\HK7\Đồ án khóa luận\Data\raw\garbage_v2\cardboard\cardboard_1069.jpg
D:\HK7\Đồ án khóa luận\Data\raw\vn_trash\Carton\train_cardboard 39.jpg,vn_trash,Carton,cardboard,DUP_GROUP_0047,exact_md5_duplicate,D:\HK7\Đồ án khóa luận\Data\raw\garbage_v2\cardboard\cardboard_1073.jpg
D:\HK7\Đồ án khóa luận\Data\raw\vn_trash\Carton\train_cardboard279.jpg,vn_trash,Carton,cardboard,DUP_GROUP_0047,exact_md5_duplicate,D:\HK7\Đồ án khóa luận\Data\raw\garbage_v2\cardboard\cardboard_1073.jpg
D:\HK7\Đồ án khóa luận\Data\raw\vn_trash\Carton\test_cardboard 2028.jpg,vn_trash,Carton,cardboard,DUP_GROUP_0048,exact_md5_duplicate,D:\HK7\Đồ án khóa luận\Data\raw\garbage_v2\cardboard\cardboard_1079.jpg
D:\HK7\Đồ án khóa luận\Data\raw\vn_trash\Carton\train_cardboard10.jpg,vn_trash,Carton,cardboard,DUP_GROUP_0048,exact_md5_duplicate,D:\HK7\Đồ án khóa luận\Data\raw\garbage_v2\cardboard\cardboard_1079.jpg
D:\HK7\Đồ án khóa luận\Data\raw\vn_trash\Carton\train_cardboard404.jpg,vn_trash,Carton,cardboard,DUP_GROUP_0049,exact_md5_duplicate,D:\HK7\Đồ án khóa luận\Data\raw\garbage_v2\cardboard\cardboard_108.jpg
D:\HK7\Đồ án khóa luận\Data\raw\vn_trash\Carton\train_cardboard59.jpg,vn_trash,Carton,cardboard,DUP_GROUP_0050,exact_md5_duplicate,D:\HK7\Đồ án khóa luận\Data\raw\garbage_v2\cardboard\cardboard_1082.jpg
D:\HK7\Đồ án khóa luận\Data\raw\vn_trash\Carton\train_cardboard565.jpg,vn_trash,Carton,cardboard,DUP_GROUP_0051,exact_md5_duplicate,D:\HK7\Đồ án khóa luận\Data\raw\garbage_v2\cardboard\cardboard_1084.jpg
D:\HK7\Đồ án khóa luận\Data\raw\vn_trash\Carton\train_cardboard313.jpg,vn_trash,Carton,cardboard,DUP_GROUP_0052,exact_md5_duplicate,D:\HK7\Đồ án khóa luận\Data\raw\garbage_v2\cardboard\cardboard_1085.jpg
D:\HK7\Đồ án khóa luận\Data\raw\vn_trash\Carton\test_cardboard 2041.jpg,vn_trash,Carton,cardboard,DUP_GROUP_0053,exact_md5_duplicate,D:\HK7\Đồ án khóa luận\Data\raw\garbage_v2\cardboard\cardboard_1088.jpg
D:\HK7\Đồ án khóa luận\Data\raw\vn_trash\Carton\train_cardboard22.jpg,vn_trash,Carton,cardboard,DUP_GROUP_0053,exact_md5_duplicate,D:\HK7\Đồ án khóa luận\Data\raw\garbage_v2\cardboard\cardboard_1088.jpg
D:\HK7\Đồ án khóa luận\Data\raw\vn_trash\Carton\train_cardboard717.jpg,vn_trash,Carton,cardboard,DUP_GROUP_0054,exact_md5_duplicate,D:\HK7\Đồ án khóa luận\Data\raw\garbage_v2\cardboard\cardboard_1089.jpg
D:\HK7\Đồ án khóa luận\Data\raw\vn_trash\Carton\train_cardboard545.jpg,vn_trash,Carton,cardboard,DUP_GROUP_0055,exact_md5_duplicate,D:\HK7\Đồ án khóa luận\Data\raw\garbage_v2\cardboard\cardboard_1092.jpg
D:\HK7\Đồ án khóa luận\Data\raw\vn_trash\Carton\test_cardboard 2046.jpg,vn_trash,Carton,cardboard,DUP_GROUP_0056,exact_md5_duplicate,D:\HK7\Đồ án khóa luận\Data\raw\garbage_v2\cardboard\cardboard_1094.jpg
D:\HK7\Đồ án khóa luận\Data\raw\vn_trash\Carton\train_cardboard28.jpg,vn_trash,Carton,cardboard,DUP_GROUP_0056,exact_md5_duplicate,D:\HK7\Đồ án khóa luận\Data\raw\garbage_v2\cardboard\cardboard_1094.jpg
D:\HK7\Đồ án khóa luận\Data\raw\vn_trash\Carton\train_cardboard467.jpg,vn_trash,Carton,cardboard,DUP_GROUP_0057,exact_md5_duplicate,D:\HK7\Đồ án khóa luận\Data\raw\garbage_v2\cardboard\cardboard_1097.jpg
D:\HK7\Đồ án khóa luận\Data\raw\vn_trash\Carton\train_cardboard735.jpg,vn_trash,Carton,cardboard,DUP_GROUP_0058,exact_md5_duplicate,D:\HK7\Đồ án khóa luận\Data\raw\garbage_v2\cardboard\cardboard_1098.jpg
D:\HK7\Đồ án khóa luận\Data\raw\vn_trash\Carton\train_cardboard803.jpg,vn_trash,Carton,cardboard,DUP_GROUP_0059,exact_md5_duplicate,D:\HK7\Đồ án khóa luận\Data\raw\garbage_v2\cardboard\cardboard_11.jpg
D:\HK7\Đồ án khóa luận\Data\raw\vn_trash\Carton\train_cardboard525.jpg,vn_trash,Carton,cardboard,DUP_GROUP_0060,exact_md5_duplicate,D:\HK7\Đồ án khóa luận\Data\raw\garbage_v2\cardboard\cardboard_110.jpg
D:\HK7\Đồ án khóa luận\Data\raw\vn_trash\Carton\train_cardboard439.jpg,vn_trash,Carton,cardboard,DUP_GROUP_0061,exact_md5_duplicate,D:\HK7\Đồ án khóa luận\Data\raw\garbage_v2\cardboard\cardboard_1102.jpg
D:\HK7\Đồ án khóa luận\Data\raw\vn_trash\Carton\train_cardboard419.jpg,vn_trash,Carton,cardboard,DUP_GROUP_0062,exact_md5_duplicate,D:\HK7\Đồ án khóa luận\Data\raw\garbage_v2\cardboard\cardboard_1104.jpg
D:\HK7\Đồ án khóa luận\Data\raw\vn_trash\Carton\test_cardboard 1997.jpg,vn_trash,Carton,cardboard,DUP_GROUP_0063,exact_md5_duplicate,D:\HK7\Đồ án khóa luận\Data\raw\garbage_v2\cardboard\cardboard_1105.jpg
D:\HK7\Đồ án khóa luận\Data\raw\vn_trash\Carton\train_cardboard793.jpg,vn_trash,Carton,cardboard,DUP_GROUP_0063,exact_md5_duplicate,D:\HK7\Đồ án khóa luận\Data\raw\garbage_v2\cardboard\cardboard_1105.jpg
D:\HK7\Đồ án khóa luận\Data\raw\vn_trash\Carton\train_cardboard143.jpg,vn_trash,Carton,cardboard,DUP_GROUP_0064,exact_md5_duplicate,D:\HK7\Đồ án khóa luận\Data\raw\garbage_v2\cardboard\cardboard_1107.jpg
D:\HK7\Đồ án khóa luận\Data\raw\vn_trash\Carton\train_cardboard450.jpg,vn_trash,Carton,cardboard,DUP_GROUP_0065,exact_md5_duplicate,D:\HK7\Đồ án khóa luận\Data\raw\garbage_v2\cardboard\cardboard_1109.jpg
D:\HK7\Đồ án khóa luận\Data\raw\vn_trash\Carton\train_cardboard568.jpg,vn_trash,Carton,cardboard,DUP_GROUP_0066,exact_md5_duplicate,D:\HK7\Đồ án khóa luận\Data\raw\garbage_v2\cardboard\cardboard_111.jpg
D:\HK7\Đồ án khóa luận\Data\raw\vn_trash\Carton\train_cardboard315.jpg,vn_trash,Carton,cardboard,DUP_GROUP_0067,exact_md5_duplicate,D:\HK7\Đồ án khóa luận\Data\raw\garbage_v2\cardboard\cardboard_1112.jpg
D:\HK7\Đồ án khóa luận\Data\raw\vn_trash\Carton\test_cardboard 2066.jpg,vn_trash,Carton,cardboard,DUP_GROUP_0068,exact_md5_duplicate,D:\HK7\Đồ án khóa luận\Data\raw\garbage_v2\cardboard\cardboard_1114.jpg
D:\HK7\Đồ án khóa luận\Data\raw\vn_trash\Carton\train_cardboard45.jpg,vn_trash,Carton,cardboard,DUP_GROUP_0068,exact_md5_duplicate,D:\HK7\Đồ án khóa luận\Data\raw\garbage_v2\cardboard\cardboard_1114.jpg
D:\HK7\Đồ án khóa luận\Data\raw\vn_trash\Carton\train_cardboard688.jpg,vn_trash,Carton,cardboard,DUP_GROUP_0069,exact_md5_duplicate,D:\HK7\Đồ án khóa luận\Data\raw\garbage_v2\cardboard\cardboard_1117.jpg
D:\HK7\Đồ án khóa luận\Data\raw\vn_trash\Carton\train_cardboard427.jpg,vn_trash,Carton,cardboard,DUP_GROUP_0070,exact_md5_duplicate,D:\HK7\Đồ án khóa luận\Data\raw\garbage_v2\cardboard\cardboard_112.jpg
D:\HK7\Đồ án khóa luận\Data\raw\vn_trash\Carton\train_cardboard861.jpg,vn_trash,Carton,cardboard,DUP_GROUP_0071,exact_md5_duplicate,D:\HK7\Đồ án khóa luận\Data\raw\garbage_v2\cardboard\cardboard_1120.jpg
D:\HK7\Đồ án khóa luận\Data\raw\vn_trash\Carton\train_cardboard867.jpg,vn_trash,Carton,cardboard,DUP_GROUP_0072,exact_md5_duplicate,D:\HK7\Đồ án khóa luận\Data\raw\garbage_v2\cardboard\cardboard_1121.jpg
D:\HK7\Đồ án khóa luận\Data\raw\vn_trash\Carton\train_cardboard133.jpg,vn_trash,Carton,cardboard,DUP_GROUP_0073,exact_md5_duplicate,D:\HK7\Đồ án khóa luận\Data\raw\garbage_v2\cardboard\cardboard_1122.jpg
D:\HK7\Đồ án khóa luận\Data\raw\vn_trash\Carton\train_cardboard35.jpg,vn_trash,Carton,cardboard,DUP_GROUP_0074,exact_md5_duplicate,D:\HK7\Đồ án khóa luận\Data\raw\garbage_v2\cardboard\cardboard_1128.jpg
D:\HK7\Đồ án khóa luận\Data\raw\vn_trash\Carton\test_cardboard 2071.jpg,vn_trash,Carton,cardboard,DUP_GROUP_0075,exact_md5_duplicate,D:\HK7\Đồ án khóa luận\Data\raw\garbage_v2\cardboard\cardboard_1130.jpg
D:\HK7\Đồ án khóa luận\Data\raw\vn_trash\Carton\train_cardboard50.jpg,vn_trash,Carton,cardboard,DUP_GROUP_0075,exact_md5_duplicate,D:\HK7\Đồ án khóa luận\Data\raw\garbage_v2\cardboard\cardboard_1130.jpg
D:\HK7\Đồ án khóa luận\Data\raw\vn_trash\Carton\test_cardboard 1996.jpg,vn_trash,Carton,cardboard,DUP_GROUP_0076,exact_md5_duplicate,D:\HK7\Đồ án khóa luận\Data\raw\garbage_v2\cardboard\cardboard_1132.jpg
D:\HK7\Đồ án khóa luận\Data\raw\vn_trash\Carton\train_cardboard782.jpg,vn_trash,Carton,cardboard,DUP_GROUP_0076,exact_md5_duplicate,D:\HK7\Đồ án khóa luận\Data\raw\garbage_v2\cardboard\cardboard_1132.jpg
D:\HK7\Đồ án khóa luận\Data\raw\vn_trash\Carton\train_cardboard97.jpg,vn_trash,Carton,cardboard,DUP_GROUP_0077,exact_md5_duplicate,D:\HK7\Đồ án khóa luận\Data\raw\garbage_v2\cardboard\cardboard_1134.jpg
D:\HK7\Đồ án khóa luận\Data\raw\vn_trash\Carton\train_cardboard91.jpg,vn_trash,Carton,cardboard,DUP_GROUP_0078,exact_md5_duplicate,D:\HK7\Đồ án khóa luận\Data\raw\garbage_v2\cardboard\cardboard_1135.jpg
D:\HK7\Đồ án khóa luận\Data\raw\vn_trash\Carton\test_cardboard 2000.jpg,vn_trash,Carton,cardboard,DUP_GROUP_0079,exact_md5_duplicate,D:\HK7\Đồ án khóa luận\Data\raw\garbage_v2\cardboard\cardboard_1136.jpg
D:\HK7\Đồ án khóa luận\Data\raw\vn_trash\Carton\train_cardboard826.jpg,vn_trash,Carton,cardboard,DUP_GROUP_0079,exact_md5_duplicate,D:\HK7\Đồ án khóa luận\Data\raw\garbage_v2\cardboard\cardboard_1136.jpg
D:\HK7\Đồ án khóa luận\Data\raw\vn_trash\Carton\train_cardboard231.jpg,vn_trash,Carton,cardboard,DUP_GROUP_0080,exact_md5_duplicate,D:\HK7\Đồ án khóa luận\Data\raw\garbage_v2\cardboard\cardboard_1138.jpg
D:\HK7\Đồ án khóa luận\Data\raw\vn_trash\Carton\test_cardboard 2045.jpg,vn_trash,Carton,cardboard,DUP_GROUP_0081,exact_md5_duplicate,D:\HK7\Đồ án khóa luận\Data\raw\garbage_v2\cardboard\cardboard_1139.jpg
D:\HK7\Đồ án khóa luận\Data\raw\vn_trash\Carton\train_cardboard27.jpg,vn_trash,Carton,cardboard,DUP_GROUP_0081,exact_md5_duplicate,D:\HK7\Đồ án khóa luận\Data\raw\garbage_v2\cardboard\cardboard_1139.jpg
D:\HK7\Đồ án khóa luận\Data\raw\vn_trash\Carton\train_cardboard120.jpg,vn_trash,Carton,cardboard,DUP_GROUP_0082,exact_md5_duplicate,D:\HK7\Đồ án khóa luận\Data\raw\garbage_v2\cardboard\cardboard_114.jpg
D:\HK7\Đồ án khóa luận\Data\raw\vn_trash\Carton\train_cardboard630.jpg,vn_trash,Carton,cardboard,DUP_GROUP_0083,exact_md5_duplicate,D:\HK7\Đồ án khóa luận\Data\raw\garbage_v2\cardboard\cardboard_1141.jpg
D:\HK7\Đồ án khóa luận\Data\raw\vn_trash\Carton\train_cardboard457.jpg,vn_trash,Carton,cardboard,DUP_GROUP_0084,exact_md5_duplicate,D:\HK7\Đồ án khóa luận\Data\raw\garbage_v2\cardboard\cardboard_1142.jpg
D:\HK7\Đồ án khóa luận\Data\raw\vn_trash\Carton\train_cardboard299.jpg,vn_trash,Carton,cardboard,DUP_GROUP_0085,exact_md5_duplicate,D:\HK7\Đồ án khóa luận\Data\raw\garbage_v2\cardboard\cardboard_1143.jpg
D:\HK7\Đồ án khóa luận\Data\raw\vn_trash\Carton\train_cardboard1.jpg,vn_trash,Carton,cardboard,DUP_GROUP_0086,exact_md5_duplicate,D:\HK7\Đồ án khóa luận\Data\raw\garbage_v2\cardboard\cardboard_1145.jpg
D:\HK7\Đồ án khóa luận\Data\raw\vn_trash\Carton\test_cardboard 2039.jpg,vn_trash,Carton,cardboard,DUP_GROUP_0087,exact_md5_duplicate,D:\HK7\Đồ án khóa luận\Data\raw\garbage_v2\cardboard\cardboard_1146.jpg
D:\HK7\Đồ án khóa luận\Data\raw\vn_trash\Carton\train_cardboard20.jpg,vn_trash,Carton,cardboard,DUP_GROUP_0087,exact_md5_duplicate,D:\HK7\Đồ án khóa luận\Data\raw\garbage_v2\cardboard\cardboard_1146.jpg
D:\HK7\Đồ án khóa luận\Data\raw\vn_trash\Carton\train_cardboard13.jpg,vn_trash,Carton,cardboard,DUP_GROUP_0088,exact_md5_duplicate,D:\HK7\Đồ án khóa luận\Data\raw\garbage_v2\cardboard\cardboard_1147.jpg
D:\HK7\Đồ án khóa luận\Data\raw\vn_trash\Carton\train_cardboard171.jpg,vn_trash,Carton,cardboard,DUP_GROUP_0089,exact_md5_duplicate,D:\HK7\Đồ án khóa luận\Data\raw\garbage_v2\cardboard\cardboard_1154.jpg
D:\HK7\Đồ án khóa luận\Data\raw\vn_trash\Carton\train_cardboard72.jpg,vn_trash,Carton,cardboard,DUP_GROUP_0090,exact_md5_duplicate,D:\HK7\Đồ án khóa luận\Data\raw\garbage_v2\cardboard\cardboard_1155.jpg
D:\HK7\Đồ án khóa luận\Data\raw\vn_trash\Carton\test_cardboard 2076.jpg,vn_trash,Carton,cardboard,DUP_GROUP_0091,exact_md5_duplicate,D:\HK7\Đồ án khóa luận\Data\raw\garbage_v2\cardboard\cardboard_1156.jpg
D:\HK7\Đồ án khóa luận\Data\raw\vn_trash\Carton\train_cardboard53.jpg,vn_trash,Carton,cardboard,DUP_GROUP_0091,exact_md5_duplicate,D:\HK7\Đồ án khóa luận\Data\raw\garbage_v2\cardboard\cardboard_1156.jpg
D:\HK7\Đồ án khóa luận\Data\raw\vn_trash\Carton\train_cardboard271.jpg,vn_trash,Carton,cardboard,DUP_GROUP_0092,exact_md5_duplicate,D:\HK7\Đồ án khóa luận\Data\raw\garbage_v2\cardboard\cardboard_1157.jpg
D:\HK7\Đồ án khóa luận\Data\raw\vn_trash\Carton\train_cardboard547.jpg,vn_trash,Carton,cardboard,DUP_GROUP_0093,exact_md5_duplicate,D:\HK7\Đồ án khóa luận\Data\raw\garbage_v2\cardboard\cardboard_1158.jpg
D:\HK7\Đồ án khóa luận\Data\raw\vn_trash\Carton\train_cardboard254.jpg,vn_trash,Carton,cardboard,DUP_GROUP_0094,exact_md5_duplicate,D:\HK7\Đồ án khóa luận\Data\raw\garbage_v2\cardboard\cardboard_1159.jpg
D:\HK7\Đồ án khóa luận\Data\raw\vn_trash\Carton\train_cardboard736.jpg,vn_trash,Carton,cardboard,DUP_GROUP_0095,exact_md5_duplicate,D:\HK7\Đồ án khóa luận\Data\raw\garbage_v2\cardboard\cardboard_1161.jpg
D:\HK7\Đồ án khóa luận\Data\raw\vn_trash\Carton\train_cardboard172.jpg,vn_trash,Carton,cardboard,DUP_GROUP_0096,exact_md5_duplicate,D:\HK7\Đồ án khóa luận\Data\raw\garbage_v2\cardboard\cardboard_1164.jpg
D:\HK7\Đồ án khóa luận\Data\raw\vn_trash\Carton\test_cardboard 2044.jpg,vn_trash,Carton,cardboard,DUP_GROUP_0097,exact_md5_duplicate,D:\HK7\Đồ án khóa luận\Data\raw\garbage_v2\cardboard\cardboard_1168.jpg
D:\HK7\Đồ án khóa luận\Data\raw\vn_trash\Carton\train_cardboard26.jpg,vn_trash,Carton,cardboard,DUP_GROUP_0097,exact_md5_duplicate,D:\HK7\Đồ án khóa luận\Data\raw\garbage_v2\cardboard\cardboard_1168.jpg
D:\HK7\Đồ án khóa luận\Data\raw\vn_trash\Carton\train_cardboard499.jpg,vn_trash,Carton,cardboard,DUP_GROUP_0098,exact_md5_duplicate,D:\HK7\Đồ án khóa luận\Data\raw\garbage_v2\cardboard\cardboard_117.jpg
D:\HK7\Đồ án khóa luận\Data\raw\vn_trash\Carton\train_cardboard797.jpg,vn_trash,Carton,cardboard,DUP_GROUP_0099,exact_md5_duplicate,D:\HK7\Đồ án khóa luận\Data\raw\garbage_v2\cardboard\cardboard_1170.jpg
D:\HK7\Đồ án khóa luận\Data\raw\vn_trash\Carton\train_cardboard636.jpg,vn_trash,Carton,cardboard,DUP_GROUP_0100,exact_md5_duplicate,D:\HK7\Đồ án khóa luận\Data\raw\garbage_v2\cardboard\cardboard_1171.jpg
D:\HK7\Đồ án khóa luận\Data\raw\vn_trash\Carton\train_cardboard537.jpg,vn_trash,Carton,cardboard,DUP_GROUP_0101,exact_md5_duplicate,D:\HK7\Đồ án khóa luận\Data\raw\garbage_v2\cardboard\cardboard_1172.jpg
D:\HK7\Đồ án khóa luận\Data\raw\vn_trash\Carton\test_cardboard 1984.jpg,vn_trash,Carton,cardboard,DUP_GROUP_0102,exact_md5_duplicate,D:\HK7\Đồ án khóa luận\Data\raw\garbage_v2\cardboard\cardboard_1174.jpg
D:\HK7\Đồ án khóa luận\Data\raw\vn_trash\Carton\train_cardboard671.jpg,vn_trash,Carton,cardboard,DUP_GROUP_0102,exact_md5_duplicate,D:\HK7\Đồ án khóa luận\Data\raw\garbage_v2\cardboard\cardboard_1174.jpg
D:\HK7\Đồ án khóa luận\Data\raw\vn_trash\Carton\train_cardboard166.jpg,vn_trash,Carton,cardboard,DUP_GROUP_0103,exact_md5_duplicate,D:\HK7\Đồ án khóa luận\Data\raw\garbage_v2\cardboard\cardboard_1177.jpg
D:\HK7\Đồ án khóa luận\Data\raw\vn_trash\Carton\train_cardboard683.jpg,vn_trash,Carton,cardboard,DUP_GROUP_0104,exact_md5_duplicate,D:\HK7\Đồ án khóa luận\Data\raw\garbage_v2\cardboard\cardboard_1178.jpg
D:\HK7\Đồ án khóa luận\Data\raw\vn_trash\Carton\train_cardboard146.jpg,vn_trash,Carton,cardboard,DUP_GROUP_0105,exact_md5_duplicate,D:\HK7\Đồ án khóa luận\Data\raw\garbage_v2\cardboard\cardboard_1181.jpg
D:\HK7\Đồ án khóa luận\Data\raw\vn_trash\Carton\train_cardboard408.jpg,vn_trash,Carton,cardboard,DUP_GROUP_0106,exact_md5_duplicate,D:\HK7\Đồ án khóa luận\Data\raw\garbage_v2\cardboard\cardboard_1183.jpg
D:\HK7\Đồ án khóa luận\Data\raw\vn_trash\Carton\train_cardboard710.jpg,vn_trash,Carton,cardboard,DUP_GROUP_0107,exact_md5_duplicate,D:\HK7\Đồ án khóa luận\Data\raw\garbage_v2\cardboard\cardboard_1184.jpg
D:\HK7\Đồ án khóa luận\Data\raw\vn_trash\Carton\train_cardboard879.jpg,vn_trash,Carton,cardboard,DUP_GROUP_0108,exact_md5_duplicate,D:\HK7\Đồ án khóa luận\Data\raw\garbage_v2\cardboard\cardboard_1185.jpg
D:\HK7\Đồ án khóa luận\Data\raw\vn_trash\Carton\train_cardboard455.jpg,vn_trash,Carton,cardboard,DUP_GROUP_0109,exact_md5_duplicate,D:\HK7\Đồ án khóa luận\Data\raw\garbage_v2\cardboard\cardboard_1188.jpg
D:\HK7\Đồ án khóa luận\Data\raw\vn_trash\Carton\train_cardboard513.jpg,vn_trash,Carton,cardboard,DUP_GROUP_0110,exact_md5_duplicate,D:\HK7\Đồ án khóa luận\Data\raw\garbage_v2\cardboard\cardboard_1190.jpg
D:\HK7\Đồ án khóa luận\Data\raw\vn_trash\Carton\train_cardboard 49.jpg,vn_trash,Carton,cardboard,DUP_GROUP_0111,exact_md5_duplicate,D:\HK7\Đồ án khóa luận\Data\raw\garbage_v2\cardboard\cardboard_1191.jpg
D:\HK7\Đồ án khóa luận\Data\raw\vn_trash\Carton\train_cardboard367.jpg,vn_trash,Carton,cardboard,DUP_GROUP_0111,exact_md5_duplicate,D:\HK7\Đồ án khóa luận\Data\raw\garbage_v2\cardboard\cardboard_1191.jpg
D:\HK7\Đồ án khóa luận\Data\raw\vn_trash\Carton\train_cardboard255.jpg,vn_trash,Carton,cardboard,DUP_GROUP_0112,exact_md5_duplicate,D:\HK7\Đồ án khóa luận\Data\raw\garbage_v2\cardboard\cardboard_1192.jpg
D:\HK7\Đồ án khóa luận\Data\raw\vn_trash\Carton\train_cardboard165.jpg,vn_trash,Carton,cardboard,DUP_GROUP_0113,exact_md5_duplicate,D:\HK7\Đồ án khóa luận\Data\raw\garbage_v2\cardboard\cardboard_1196.jpg
D:\HK7\Đồ án khóa luận\Data\raw\vn_trash\Carton\test_cardboard 2078.jpg,vn_trash,Carton,cardboard,DUP_GROUP_0114,exact_md5_duplicate,D:\HK7\Đồ án khóa luận\Data\raw\garbage_v2\cardboard\cardboard_1198.jpg
D:\HK7\Đồ án khóa luận\Data\raw\vn_trash\Carton\train_cardboard55.jpg,vn_trash,Carton,cardboard,DUP_GROUP_0114,exact_md5_duplicate,D:\HK7\Đồ án khóa luận\Data\raw\garbage_v2\cardboard\cardboard_1198.jpg
D:\HK7\Đồ án khóa luận\Data\raw\vn_trash\Carton\train_cardboard634.jpg,vn_trash,Carton,cardboard,DUP_GROUP_0115,exact_md5_duplicate,D:\HK7\Đồ án khóa luận\Data\raw\garbage_v2\cardboard\cardboard_1199.jpg
D:\HK7\Đồ án khóa luận\Data\raw\vn_trash\Carton\train_cardboard190.jpg,vn_trash,Carton,cardboard,DUP_GROUP_0116,exact_md5_duplicate,D:\HK7\Đồ án khóa luận\Data\raw\garbage_v2\cardboard\cardboard_12.jpg
D:\HK7\Đồ án khóa luận\Data\raw\vn_trash\Carton\train_cardboard609.jpg,vn_trash,Carton,cardboard,DUP_GROUP_0117,exact_md5_duplicate,D:\HK7\Đồ án khóa luận\Data\raw\garbage_v2\cardboard\cardboard_1200.jpg
D:\HK7\Đồ án khóa luận\Data\raw\vn_trash\Carton\train_cardboard624.jpg,vn_trash,Carton,cardboard,DUP_GROUP_0118,exact_md5_duplicate,D:\HK7\Đồ án khóa luận\Data\raw\garbage_v2\cardboard\cardboard_1201.jpg
D:\HK7\Đồ án khóa luận\Data\raw\vn_trash\Carton\train_cardboard232.jpg,vn_trash,Carton,cardboard,DUP_GROUP_0119,exact_md5_duplicate,D:\HK7\Đồ án khóa luận\Data\raw\garbage_v2\cardboard\cardboard_1203.jpg
D:\HK7\Đồ án khóa luận\Data\raw\vn_trash\Carton\train_cardboard210.jpg,vn_trash,Carton,cardboard,DUP_GROUP_0120,exact_md5_duplicate,D:\HK7\Đồ án khóa luận\Data\raw\garbage_v2\cardboard\cardboard_1204.jpg
D:\HK7\Đồ án khóa luận\Data\raw\vn_trash\Carton\train_cardboard553.jpg,vn_trash,Carton,cardboard,DUP_GROUP_0121,exact_md5_duplicate,D:\HK7\Đồ án khóa luận\Data\raw\garbage_v2\cardboard\cardboard_1205.jpg
D:\HK7\Đồ án khóa luận\Data\raw\vn_trash\Carton\train_cardboard863.jpg,vn_trash,Carton,cardboard,DUP_GROUP_0122,exact_md5_duplicate,D:\HK7\Đồ án khóa luận\Data\raw\garbage_v2\cardboard\cardboard_1210.jpg
D:\HK7\Đồ án khóa luận\Data\raw\vn_trash\Carton\train_cardboard201.jpg,vn_trash,Carton,cardboard,DUP_GROUP_0123,exact_md5_duplicate,D:\HK7\Đồ án khóa luận\Data\raw\garbage_v2\cardboard\cardboard_1212.jpg
D:\HK7\Đồ án khóa luận\Data\raw\vn_trash\Carton\train_cardboard24.jpg,vn_trash,Carton,cardboard,DUP_GROUP_0124,exact_md5_duplicate,D:\HK7\Đồ án khóa luận\Data\raw\garbage_v2\cardboard\cardboard_1213.jpg
D:\HK7\Đồ án khóa luận\Data\raw\vn_trash\Carton\train_cardboard430.jpg,vn_trash,Carton,cardboard,DUP_GROUP_0125,exact_md5_duplicate,D:\HK7\Đồ án khóa luận\Data\raw\garbage_v2\cardboard\cardboard_1216.jpg
D:\HK7\Đồ án khóa luận\Data\raw\vn_trash\Carton\train_cardboard326.jpg,vn_trash,Carton,cardboard,DUP_GROUP_0126,exact_md5_duplicate,D:\HK7\Đồ án khóa luận\Data\raw\garbage_v2\cardboard\cardboard_1223.jpg
D:\HK7\Đồ án khóa luận\Data\raw\vn_trash\Carton\train_cardboard197.jpg,vn_trash,Carton,cardboard,DUP_GROUP_0127,exact_md5_duplicate,D:\HK7\Đồ án khóa luận\Data\raw\garbage_v2\cardboard\cardboard_1224.jpg
D:\HK7\Đồ án khóa luận\Data\raw\vn_trash\Carton\train_cardboard454.jpg,vn_trash,Carton,cardboard,DUP_GROUP_0128,exact_md5_duplicate,D:\HK7\Đồ án khóa luận\Data\raw\garbage_v2\cardboard\cardboard_1225.jpg
D:\HK7\Đồ án khóa luận\Data\raw\vn_trash\Carton\train_cardboard140.jpg,vn_trash,Carton,cardboard,DUP_GROUP_0129,exact_md5_duplicate,D:\HK7\Đồ án khóa luận\Data\raw\garbage_v2\cardboard\cardboard_1227.jpg
D:\HK7\Đồ án khóa luận\Data\raw\vn_trash\Carton\train_cardboard256.jpg,vn_trash,Carton,cardboard,DUP_GROUP_0130,exact_md5_duplicate,D:\HK7\Đồ án khóa luận\Data\raw\garbage_v2\cardboard\cardboard_1228.jpg
D:\HK7\Đồ án khóa luận\Data\raw\vn_trash\Carton\train_cardboard543.jpg,vn_trash,Carton,cardboard,DUP_GROUP_0131,exact_md5_duplicate,D:\HK7\Đồ án khóa luận\Data\raw\garbage_v2\cardboard\cardboard_123.jpg
D:\HK7\Đồ án khóa luận\Data\raw\vn_trash\Carton\train_cardboard 2379.jpg,vn_trash,Carton,cardboard,DUP_GROUP_0132,exact_md5_duplicate,D:\HK7\Đồ án khóa luận\Data\raw\garbage_v2\cardboard\cardboard_1231.jpg
D:\HK7\Đồ án khóa luận\Data\raw\vn_trash\Carton\train_cardboard338.jpg,vn_trash,Carton,cardboard,DUP_GROUP_0132,exact_md5_duplicate,D:\HK7\Đồ án khóa luận\Data\raw\garbage_v2\cardboard\cardboard_1231.jpg
D:\HK7\Đồ án khóa luận\Data\raw\vn_trash\Carton\train_cardboard275.jpg,vn_trash,Carton,cardboard,DUP_GROUP_0133,exact_md5_duplicate,D:\HK7\Đồ án khóa luận\Data\raw\garbage_v2\cardboard\cardboard_1232.jpg
D:\HK7\Đồ án khóa luận\Data\raw\vn_trash\Carton\train_cardboard646.jpg,vn_trash,Carton,cardboard,DUP_GROUP_0134,exact_md5_duplicate,D:\HK7\Đồ án khóa luận\Data\raw\garbage_v2\cardboard\cardboard_1235.jpg
D:\HK7\Đồ án khóa luận\Data\raw\vn_trash\Carton\train_cardboard157.jpg,vn_trash,Carton,cardboard,DUP_GROUP_0135,exact_md5_duplicate,D:\HK7\Đồ án khóa luận\Data\raw\garbage_v2\cardboard\cardboard_1238.jpg
D:\HK7\Đồ án khóa luận\Data\raw\vn_trash\Carton\train_cardboard886.jpg,vn_trash,Carton,cardboard,DUP_GROUP_0136,exact_md5_duplicate,D:\HK7\Đồ án khóa luận\Data\raw\garbage_v2\cardboard\cardboard_124.jpg
D:\HK7\Đồ án khóa luận\Data\raw\vn_trash\Carton\train_cardboard185.jpg,vn_trash,Carton,cardboard,DUP_GROUP_0137,exact_md5_duplicate,D:\HK7\Đồ án khóa luận\Data\raw\garbage_v2\cardboard\cardboard_1240.jpg
D:\HK7\Đồ án khóa luận\Data\raw\vn_trash\Carton\train_cardboard612.jpg,vn_trash,Carton,cardboard,DUP_GROUP_0138,exact_md5_duplicate,D:\HK7\Đồ án khóa luận\Data\raw\garbage_v2\cardboard\cardboard_1241.jpg
D:\HK7\Đồ án khóa luận\Data\raw\vn_trash\Carton\train_cardboard 51.jpg,vn_trash,Carton,cardboard,DUP_GROUP_0139,exact_md5_duplicate,D:\HK7\Đồ án khóa luận\Data\raw\garbage_v2\cardboard\cardboard_1242.jpg
D:\HK7\Đồ án khóa luận\Data\raw\vn_trash\Carton\train_cardboard388.jpg,vn_trash,Carton,cardboard,DUP_GROUP_0139,exact_md5_duplicate,D:\HK7\Đồ án khóa luận\Data\raw\garbage_v2\cardboard\cardboard_1242.jpg
D:\HK7\Đồ án khóa luận\Data\raw\vn_trash\Carton\train_cardboard854.jpg,vn_trash,Carton,cardboard,DUP_GROUP_0140,exact_md5_duplicate,D:\HK7\Đồ án khóa luận\Data\raw\garbage_v2\cardboard\cardboard_1246.jpg
D:\HK7\Đồ án khóa luận\Data\raw\vn_trash\Carton\train_cardboard669.jpg,vn_trash,Carton,cardboard,DUP_GROUP_0141,exact_md5_duplicate,D:\HK7\Đồ án khóa luận\Data\raw\garbage_v2\cardboard\cardboard_1247.jpg
D:\HK7\Đồ án khóa luận\Data\raw\vn_trash\Carton\train_cardboard 2364.jpg,vn_trash,Carton,cardboard,DUP_GROUP_0142,exact_md5_duplicate,D:\HK7\Đồ án khóa luận\Data\raw\garbage_v2\cardboard\cardboard_1248.jpg
D:\HK7\Đồ án khóa luận\Data\raw\vn_trash\Carton\train_cardboard322.jpg,vn_trash,Carton,cardboard,DUP_GROUP_0142,exact_md5_duplicate,D:\HK7\Đồ án khóa luận\Data\raw\garbage_v2\cardboard\cardboard_1248.jpg
D:\HK7\Đồ án khóa luận\Data\raw\vn_trash\Carton\test_cardboard 1958.jpg,vn_trash,Carton,cardboard,DUP_GROUP_0143,exact_md5_duplicate,D:\HK7\Đồ án khóa luận\Data\raw\garbage_v2\cardboard\cardboard_1251.jpg
D:\HK7\Đồ án khóa luận\Data\raw\vn_trash\Carton\train_cardboard452.jpg,vn_trash,Carton,cardboard,DUP_GROUP_0143,exact_md5_duplicate,D:\HK7\Đồ án khóa luận\Data\raw\garbage_v2\cardboard\cardboard_1251.jpg
D:\HK7\Đồ án khóa luận\Data\raw\vn_trash\Carton\train_cardboard562.jpg,vn_trash,Carton,cardboard,DUP_GROUP_0144,exact_md5_duplicate,D:\HK7\Đồ án khóa luận\Data\raw\garbage_v2\cardboard\cardboard_1255.jpg
D:\HK7\Đồ án khóa luận\Data\raw\vn_trash\Carton\train_cardboard583.jpg,vn_trash,Carton,cardboard,DUP_GROUP_0145,exact_md5_duplicate,D:\HK7\Đồ án khóa luận\Data\raw\garbage_v2\cardboard\cardboard_1256.jpg
D:\HK7\Đồ án khóa luận\Data\raw\vn_trash\Carton\train_cardboard 50.jpg,vn_trash,Carton,cardboard,DUP_GROUP_0146,exact_md5_duplicate,D:\HK7\Đồ án khóa luận\Data\raw\garbage_v2\cardboard\cardboard_1258.jpg
D:\HK7\Đồ án khóa luận\Data\raw\vn_trash\Carton\train_cardboard378.jpg,vn_trash,Carton,cardboard,DUP_GROUP_0146,exact_md5_duplicate,D:\HK7\Đồ án khóa luận\Data\raw\garbage_v2\cardboard\cardboard_1258.jpg
D:\HK7\Đồ án khóa luận\Data\raw\vn_trash\Carton\train_cardboard635.jpg,vn_trash,Carton,cardboard,DUP_GROUP_0147,exact_md5_duplicate,D:\HK7\Đồ án khóa luận\Data\raw\garbage_v2\cardboard\cardboard_126.jpg
D:\HK7\Đồ án khóa luận\Data\raw\vn_trash\Carton\train_cardboard211.jpg,vn_trash,Carton,cardboard,DUP_GROUP_0148,exact_md5_duplicate,D:\HK7\Đồ án khóa luận\Data\raw\garbage_v2\cardboard\cardboard_1260.jpg
D:\HK7\Đồ án khóa luận\Data\raw\vn_trash\Carton\test_cardboard 2069.jpg,vn_trash,Carton,cardboard,DUP_GROUP_0149,exact_md5_duplicate,D:\HK7\Đồ án khóa luận\Data\raw\garbage_v2\cardboard\cardboard_1262.jpg
D:\HK7\Đồ án khóa luận\Data\raw\vn_trash\Carton\train_cardboard49.jpg,vn_trash,Carton,cardboard,DUP_GROUP_0149,exact_md5_duplicate,D:\HK7\Đồ án khóa luận\Data\raw\garbage_v2\cardboard\cardboard_1262.jpg
D:\HK7\Đồ án khóa luận\Data\raw\vn_trash\Carton\train_cardboard791.jpg,vn_trash,Carton,cardboard,DUP_GROUP_0150,exact_md5_duplicate,D:\HK7\Đồ án khóa luận\Data\raw\garbage_v2\cardboard\cardboard_1264.jpg
D:\HK7\Đồ án khóa luận\Data\raw\vn_trash\Carton\train_cardboard30.jpg,vn_trash,Carton,cardboard,DUP_GROUP_0151,exact_md5_duplicate,D:\HK7\Đồ án khóa luận\Data\raw\garbage_v2\cardboard\cardboard_1266.jpg
D:\HK7\Đồ án khóa luận\Data\raw\vn_trash\Carton\train_cardboard532.jpg,vn_trash,Carton,cardboard,DUP_GROUP_0152,near_phash_duplicate,D:\HK7\Đồ án khóa luận\Data\raw\garbage_v2\cardboard\cardboard_1267.jpg
D:\HK7\Đồ án khóa luận\Data\raw\vn_trash\Carton\train_cardboard620.jpg,vn_trash,Carton,cardboard,DUP_GROUP_0152,exact_md5_duplicate,D:\HK7\Đồ án khóa luận\Data\raw\garbage_v2\cardboard\cardboard_1267.jpg
D:\HK7\Đồ án khóa luận\Data\raw\vn_trash\Carton\train_cardboard63.jpg,vn_trash,Carton,cardboard,DUP_GROUP_0153,exact_md5_duplicate,D:\HK7\Đồ án khóa luận\Data\raw\garbage_v2\cardboard\cardboard_1268.jpg
D:\HK7\Đồ án khóa luận\Data\raw\vn_trash\Carton\train_cardboard132.jpg,vn_trash,Carton,cardboard,DUP_GROUP_0154,exact_md5_duplicate,D:\HK7\Đồ án khóa luận\Data\raw\garbage_v2\cardboard\cardboard_1269.jpg
D:\HK7\Đồ án khóa luận\Data\raw\vn_trash\Carton\train_cardboard766.jpg,vn_trash,Carton,cardboard,DUP_GROUP_0155,exact_md5_duplicate,D:\HK7\Đồ án khóa luận\Data\raw\garbage_v2\cardboard\cardboard_127.jpg
D:\HK7\Đồ án khóa luận\Data\raw\vn_trash\Carton\train_cardboard629.jpg,vn_trash,Carton,cardboard,DUP_GROUP_0156,exact_md5_duplicate,D:\HK7\Đồ án khóa luận\Data\raw\garbage_v2\cardboard\cardboard_1271.jpg
D:\HK7\Đồ án khóa luận\Data\raw\vn_trash\Carton\train_cardboard539.jpg,vn_trash,Carton,cardboard,DUP_GROUP_0157,exact_md5_duplicate,D:\HK7\Đồ án khóa luận\Data\raw\garbage_v2\cardboard\cardboard_1274.jpg
D:\HK7\Đồ án khóa luận\Data\raw\vn_trash\Carton\train_cardboard554.jpg,vn_trash,Carton,cardboard,DUP_GROUP_0158,exact_md5_duplicate,D:\HK7\Đồ án khóa luận\Data\raw\garbage_v2\cardboard\cardboard_1277.jpg
D:\HK7\Đồ án khóa luận\Data\raw\vn_trash\Carton\train_cardboard522.jpg,vn_trash,Carton,cardboard,DUP_GROUP_0159,exact_md5_duplicate,D:\HK7\Đồ án khóa luận\Data\raw\garbage_v2\cardboard\cardboard_1279.jpg
D:\HK7\Đồ án khóa luận\Data\raw\vn_trash\Carton\train_cardboard574.jpg,vn_trash,Carton,cardboard,DUP_GROUP_0160,exact_md5_duplicate,D:\HK7\Đồ án khóa luận\Data\raw\garbage_v2\cardboard\cardboard_128.jpg
D:\HK7\Đồ án khóa luận\Data\raw\vn_trash\Carton\train_cardboard308.jpg,vn_trash,Carton,cardboard,DUP_GROUP_0161,exact_md5_duplicate,D:\HK7\Đồ án khóa luận\Data\raw\garbage_v2\cardboard\cardboard_1281.jpg
D:\HK7\Đồ án khóa luận\Data\raw\vn_trash\Carton\train_cardboard587.jpg,vn_trash,Carton,cardboard,DUP_GROUP_0162,exact_md5_duplicate,D:\HK7\Đồ án khóa luận\Data\raw\garbage_v2\cardboard\cardboard_1282.jpg
D:\HK7\Đồ án khóa luận\Data\raw\vn_trash\Carton\train_cardboard728.jpg,vn_trash,Carton,cardboard,DUP_GROUP_0163,exact_md5_duplicate,D:\HK7\Đồ án khóa luận\Data\raw\garbage_v2\cardboard\cardboard_1284.jpg
D:\HK7\Đồ án khóa luận\Data\raw\vn_trash\Carton\train_cardboard641.jpg,vn_trash,Carton,cardboard,DUP_GROUP_0164,exact_md5_duplicate,D:\HK7\Đồ án khóa luận\Data\raw\garbage_v2\cardboard\cardboard_1287.jpg
D:\HK7\Đồ án khóa luận\Data\raw\vn_trash\Carton\test_cardboard 2010.jpg,vn_trash,Carton,cardboard,DUP_GROUP_0165,exact_md5_duplicate,D:\HK7\Đồ án khóa luận\Data\raw\garbage_v2\cardboard\cardboard_1289.jpg
D:\HK7\Đồ án khóa luận\Data\raw\vn_trash\Carton\train_cardboard885.jpg,vn_trash,Carton,cardboard,DUP_GROUP_0165,exact_md5_duplicate,D:\HK7\Đồ án khóa luận\Data\raw\garbage_v2\cardboard\cardboard_1289.jpg
D:\HK7\Đồ án khóa luận\Data\raw\vn_trash\Carton\train_cardboard74.jpg,vn_trash,Carton,cardboard,DUP_GROUP_0166,exact_md5_duplicate,D:\HK7\Đồ án khóa luận\Data\raw\garbage_v2\cardboard\cardboard_129.jpg
D:\HK7\Đồ án khóa luận\Data\raw\vn_trash\Carton\train_cardboard870.jpg,vn_trash,Carton,cardboard,DUP_GROUP_0167,exact_md5_duplicate,D:\HK7\Đồ án khóa luận\Data\raw\garbage_v2\cardboard\cardboard_1290.jpg
D:\HK7\Đồ án khóa luận\Data\raw\vn_trash\Carton\train_cardboard502.jpg,vn_trash,Carton,cardboard,DUP_GROUP_0168,exact_md5_duplicate,D:\HK7\Đồ án khóa luận\Data\raw\garbage_v2\cardboard\cardboard_1293.jpg
D:\HK7\Đồ án khóa luận\Data\raw\vn_trash\Carton\train_cardboard415.jpg,vn_trash,Carton,cardboard,DUP_GROUP_0169,exact_md5_duplicate,D:\HK7\Đồ án khóa luận\Data\raw\garbage_v2\cardboard\cardboard_1295.jpg
D:\HK7\Đồ án khóa luận\Data\raw\vn_trash\Carton\train_cardboard106.jpg,vn_trash,Carton,cardboard,DUP_GROUP_0170,exact_md5_duplicate,D:\HK7\Đồ án khóa luận\Data\raw\garbage_v2\cardboard\cardboard_1296.jpg
D:\HK7\Đồ án khóa luận\Data\raw\vn_trash\Carton\test_cardboard 1967.jpg,vn_trash,Carton,cardboard,DUP_GROUP_0171,exact_md5_duplicate,D:\HK7\Đồ án khóa luận\Data\raw\garbage_v2\cardboard\cardboard_1297.jpg
D:\HK7\Đồ án khóa luận\Data\raw\vn_trash\Carton\train_cardboard529.jpg,vn_trash,Carton,cardboard,DUP_GROUP_0171,exact_md5_duplicate,D:\HK7\Đồ án khóa luận\Data\raw\garbage_v2\cardboard\cardboard_1297.jpg
D:\HK7\Đồ án khóa luận\Data\raw\vn_trash\Carton\test_cardboard 1992.jpg,vn_trash,Carton,cardboard,DUP_GROUP_0172,exact_md5_duplicate,D:\HK7\Đồ án khóa luận\Data\raw\garbage_v2\cardboard\cardboard_130.jpg
D:\HK7\Đồ án khóa luận\Data\raw\vn_trash\Carton\train_cardboard748.jpg,vn_trash,Carton,cardboard,DUP_GROUP_0172,exact_md5_duplicate,D:\HK7\Đồ án khóa luận\Data\raw\garbage_v2\cardboard\cardboard_130.jpg
D:\HK7\Đồ án khóa luận\Data\raw\vn_trash\Carton\train_cardboard263.jpg,vn_trash,Carton,cardboard,DUP_GROUP_0173,exact_md5_duplicate,D:\HK7\Đồ án khóa luận\Data\raw\garbage_v2\cardboard\cardboard_1300.jpg
D:\HK7\Đồ án khóa luận\Data\raw\vn_trash\Carton\train_cardboard506.jpg,vn_trash,Carton,cardboard,DUP_GROUP_0174,exact_md5_duplicate,D:\HK7\Đồ án khóa luận\Data\raw\garbage_v2\cardboard\cardboard_1303.jpg
D:\HK7\Đồ án khóa luận\Data\raw\vn_trash\Carton\train_cardboard297.jpg,vn_trash,Carton,cardboard,DUP_GROUP_0175,exact_md5_duplicate,D:\HK7\Đồ án khóa luận\Data\raw\garbage_v2\cardboard\cardboard_1304.jpg
D:\HK7\Đồ án khóa luận\Data\raw\vn_trash\Carton\train_cardboard496.jpg,vn_trash,Carton,cardboard,DUP_GROUP_0176,exact_md5_duplicate,D:\HK7\Đồ án khóa luận\Data\raw\garbage_v2\cardboard\cardboard_1306.jpg
D:\HK7\Đồ án khóa luận\Data\raw\vn_trash\Carton\train_cardboard138.jpg,vn_trash,Carton,cardboard,DUP_GROUP_0177,exact_md5_duplicate,D:\HK7\Đồ án khóa luận\Data\raw\garbage_v2\cardboard\cardboard_1307.jpg
D:\HK7\Đồ án khóa luận\Data\raw\vn_trash\Carton\train_cardboard768.jpg,vn_trash,Carton,cardboard,DUP_GROUP_0178,exact_md5_duplicate,D:\HK7\Đồ án khóa luận\Data\raw\garbage_v2\cardboard\cardboard_1309.jpg
D:\HK7\Đồ án khóa luận\Data\raw\vn_trash\Carton\train_cardboard83.jpg,vn_trash,Carton,cardboard,DUP_GROUP_0179,exact_md5_duplicate,D:\HK7\Đồ án khóa luận\Data\raw\garbage_v2\cardboard\cardboard_1310.jpg
D:\HK7\Đồ án khóa luận\Data\raw\vn_trash\Carton\train_cardboard233.jpg,vn_trash,Carton,cardboard,DUP_GROUP_0180,exact_md5_duplicate,D:\HK7\Đồ án khóa luận\Data\raw\garbage_v2\cardboard\cardboard_1313.jpg
D:\HK7\Đồ án khóa luận\Data\raw\vn_trash\Carton\train_cardboard92.jpg,vn_trash,Carton,cardboard,DUP_GROUP_0181,exact_md5_duplicate,D:\HK7\Đồ án khóa luận\Data\raw\garbage_v2\cardboard\cardboard_1314.jpg
D:\HK7\Đồ án khóa luận\Data\raw\vn_trash\Carton\train_cardboard60.jpg,vn_trash,Carton,cardboard,DUP_GROUP_0182,exact_md5_duplicate,D:\HK7\Đồ án khóa luận\Data\raw\garbage_v2\cardboard\cardboard_1317.jpg
D:\HK7\Đồ án khóa luận\Data\raw\vn_trash\Carton\train_cardboard 34.jpg,vn_trash,Carton,cardboard,DUP_GROUP_0183,exact_md5_duplicate,D:\HK7\Đồ án khóa luận\Data\raw\garbage_v2\cardboard\cardboard_132.jpg
D:\HK7\Đồ án khóa luận\Data\raw\vn_trash\Carton\train_cardboard235.jpg,vn_trash,Carton,cardboard,DUP_GROUP_0183,exact_md5_duplicate,D:\HK7\Đồ án khóa luận\Data\raw\garbage_v2\cardboard\cardboard_132.jpg
D:\HK7\Đồ án khóa luận\Data\raw\vn_trash\Carton\train_cardboard853.jpg,vn_trash,Carton,cardboard,DUP_GROUP_0184,exact_md5_duplicate,D:\HK7\Đồ án khóa luận\Data\raw\garbage_v2\cardboard\cardboard_1320.jpg
D:\HK7\Đồ án khóa luận\Data\raw\vn_trash\Carton\train_cardboard 41.jpg,vn_trash,Carton,cardboard,DUP_GROUP_0185,exact_md5_duplicate,D:\HK7\Đồ án khóa luận\Data\raw\garbage_v2\cardboard\cardboard_1321.jpg
D:\HK7\Đồ án khóa luận\Data\raw\vn_trash\Carton\train_cardboard290.jpg,vn_trash,Carton,cardboard,DUP_GROUP_0185,exact_md5_duplicate,D:\HK7\Đồ án khóa luận\Data\raw\garbage_v2\cardboard\cardboard_1321.jpg
D:\HK7\Đồ án khóa luận\Data\raw\vn_trash\Carton\train_cardboard265.jpg,vn_trash,Carton,cardboard,DUP_GROUP_0186,exact_md5_duplicate,D:\HK7\Đồ án khóa luận\Data\raw\garbage_v2\cardboard\cardboard_1323.jpg
D:\HK7\Đồ án khóa luận\Data\raw\vn_trash\Carton\train_cardboard511.jpg,vn_trash,Carton,cardboard,DUP_GROUP_0187,exact_md5_duplicate,D:\HK7\Đồ án khóa luận\Data\raw\garbage_v2\cardboard\cardboard_1324.jpg
D:\HK7\Đồ án khóa luận\Data\raw\vn_trash\Carton\train_cardboard98.jpg,vn_trash,Carton,cardboard,DUP_GROUP_0188,exact_md5_duplicate,D:\HK7\Đồ án khóa luận\Data\raw\garbage_v2\cardboard\cardboard_1329.jpg
D:\HK7\Đồ án khóa luận\Data\raw\vn_trash\Carton\train_cardboard153.jpg,vn_trash,Carton,cardboard,DUP_GROUP_0189,exact_md5_duplicate,D:\HK7\Đồ án khóa luận\Data\raw\garbage_v2\cardboard\cardboard_1331.jpg
D:\HK7\Đồ án khóa luận\Data\raw\vn_trash\Carton\test_cardboard 1961.jpg,vn_trash,Carton,cardboard,DUP_GROUP_0190,exact_md5_duplicate,D:\HK7\Đồ án khóa luận\Data\raw\garbage_v2\cardboard\cardboard_1332.jpg
D:\HK7\Đồ án khóa luận\Data\raw\vn_trash\Carton\train_cardboard474.jpg,vn_trash,Carton,cardboard,DUP_GROUP_0190,exact_md5_duplicate,D:\HK7\Đồ án khóa luận\Data\raw\garbage_v2\cardboard\cardboard_1332.jpg
D:\HK7\Đồ án khóa luận\Data\raw\vn_trash\Carton\train_cardboard117.jpg,vn_trash,Carton,cardboard,DUP_GROUP_0191,exact_md5_duplicate,D:\HK7\Đồ án khóa luận\Data\raw\garbage_v2\cardboard\cardboard_1339.jpg
D:\HK7\Đồ án khóa luận\Data\raw\vn_trash\Carton\train_cardboard77.jpg,vn_trash,Carton,cardboard,DUP_GROUP_0192,exact_md5_duplicate,D:\HK7\Đồ án khóa luận\Data\raw\garbage_v2\cardboard\cardboard_134.jpg
D:\HK7\Đồ án khóa luận\Data\raw\vn_trash\Carton\test_cardboard 1975.jpg,vn_trash,Carton,cardboard,DUP_GROUP_0193,exact_md5_duplicate,D:\HK7\Đồ án khóa luận\Data\raw\garbage_v2\cardboard\cardboard_1340.jpg
D:\HK7\Đồ án khóa luận\Data\raw\vn_trash\Carton\train_cardboard594.jpg,vn_trash,Carton,cardboard,DUP_GROUP_0193,exact_md5_duplicate,D:\HK7\Đồ án khóa luận\Data\raw\garbage_v2\cardboard\cardboard_1340.jpg
D:\HK7\Đồ án khóa luận\Data\raw\vn_trash\Carton\train_cardboard180.jpg,vn_trash,Carton,cardboard,DUP_GROUP_0194,exact_md5_duplicate,D:\HK7\Đồ án khóa luận\Data\raw\garbage_v2\cardboard\cardboard_1341.jpg
D:\HK7\Đồ án khóa luận\Data\raw\vn_trash\Carton\train_cardboard293.jpg,vn_trash,Carton,cardboard,DUP_GROUP_0195,exact_md5_duplicate,D:\HK7\Đồ án khóa luận\Data\raw\garbage_v2\cardboard\cardboard_1342.jpg
D:\HK7\Đồ án khóa luận\Data\raw\vn_trash\Carton\train_cardboard687.jpg,vn_trash,Carton,cardboard,DUP_GROUP_0196,exact_md5_duplicate,D:\HK7\Đồ án khóa luận\Data\raw\garbage_v2\cardboard\cardboard_1345.jpg
D:\HK7\Đồ án khóa luận\Data\raw\vn_trash\Carton\train_cardboard595.jpg,vn_trash,Carton,cardboard,DUP_GROUP_0197,exact_md5_duplicate,D:\HK7\Đồ án khóa luận\Data\raw\garbage_v2\cardboard\cardboard_1349.jpg
D:\HK7\Đồ án khóa luận\Data\raw\vn_trash\Carton\train_cardboard192.jpg,vn_trash,Carton,cardboard,DUP_GROUP_0198,exact_md5_duplicate,D:\HK7\Đồ án khóa luận\Data\raw\garbage_v2\cardboard\cardboard_1350.jpg
D:\HK7\Đồ án khóa luận\Data\raw\vn_trash\Carton\train_cardboard207.jpg,vn_trash,Carton,cardboard,DUP_GROUP_0199,exact_md5_duplicate,D:\HK7\Đồ án khóa luận\Data\raw\garbage_v2\cardboard\cardboard_1352.jpg
D:\HK7\Đồ án khóa luận\Data\raw\vn_trash\Carton\train_cardboard160.jpg,vn_trash,Carton,cardboard,DUP_GROUP_0200,exact_md5_duplicate,D:\HK7\Đồ án khóa luận\Data\raw\garbage_v2\cardboard\cardboard_1358.jpg
D:\HK7\Đồ án khóa luận\Data\raw\vn_trash\Carton\train_cardboard705.jpg,vn_trash,Carton,cardboard,DUP_GROUP_0201,exact_md5_duplicate,D:\HK7\Đồ án khóa luận\Data\raw\garbage_v2\cardboard\cardboard_136.jpg
D:\HK7\Đồ án khóa luận\Data\raw\vn_trash\Carton\train_cardboard66.jpg,vn_trash,Carton,cardboard,DUP_GROUP_0202,exact_md5_duplicate,D:\HK7\Đồ án khóa luận\Data\raw\garbage_v2\cardboard\cardboard_1360.jpg
D:\HK7\Đồ án khóa luận\Data\raw\vn_trash\Carton\train_cardboard541.jpg,vn_trash,Carton,cardboard,DUP_GROUP_0203,exact_md5_duplicate,D:\HK7\Đồ án khóa luận\Data\raw\garbage_v2\cardboard\cardboard_1363.jpg
D:\HK7\Đồ án khóa luận\Data\raw\vn_trash\Carton\train_cardboard579.jpg,vn_trash,Carton,cardboard,DUP_GROUP_0204,exact_md5_duplicate,D:\HK7\Đồ án khóa luận\Data\raw\garbage_v2\cardboard\cardboard_1364.jpg
D:\HK7\Đồ án khóa luận\Data\raw\vn_trash\Carton\train_cardboard158.jpg,vn_trash,Carton,cardboard,DUP_GROUP_0205,exact_md5_duplicate,D:\HK7\Đồ án khóa luận\Data\raw\garbage_v2\cardboard\cardboard_1366.jpg
D:\HK7\Đồ án khóa luận\Data\raw\vn_trash\Carton\train_cardboard606.jpg,vn_trash,Carton,cardboard,DUP_GROUP_0206,exact_md5_duplicate,D:\HK7\Đồ án khóa luận\Data\raw\garbage_v2\cardboard\cardboard_1367.jpg
D:\HK7\Đồ án khóa luận\Data\raw\vn_trash\Carton\train_cardboard302.jpg,vn_trash,Carton,cardboard,DUP_GROUP_0207,exact_md5_duplicate,D:\HK7\Đồ án khóa luận\Data\raw\garbage_v2\cardboard\cardboard_1369.jpg
D:\HK7\Đồ án khóa luận\Data\raw\vn_trash\Carton\test_cardboard 1988.jpg,vn_trash,Carton,cardboard,DUP_GROUP_0208,exact_md5_duplicate,D:\HK7\Đồ án khóa luận\Data\raw\garbage_v2\cardboard\cardboard_137.jpg
D:\HK7\Đồ án khóa luận\Data\raw\vn_trash\Carton\train_cardboard715.jpg,vn_trash,Carton,cardboard,DUP_GROUP_0208,exact_md5_duplicate,D:\HK7\Đồ án khóa luận\Data\raw\garbage_v2\cardboard\cardboard_137.jpg
D:\HK7\Đồ án khóa luận\Data\raw\vn_trash\Carton\train_cardboard237.jpg,vn_trash,Carton,cardboard,DUP_GROUP_0209,exact_md5_duplicate,D:\HK7\Đồ án khóa luận\Data\raw\garbage_v2\cardboard\cardboard_1372.jpg
D:\HK7\Đồ án khóa luận\Data\raw\vn_trash\Carton\train_cardboard699.jpg,vn_trash,Carton,cardboard,DUP_GROUP_0210,exact_md5_duplicate,D:\HK7\Đồ án khóa luận\Data\raw\garbage_v2\cardboard\cardboard_1375.jpg
D:\HK7\Đồ án khóa luận\Data\raw\vn_trash\Carton\train_cardboard741.jpg,vn_trash,Carton,cardboard,DUP_GROUP_0211,exact_md5_duplicate,D:\HK7\Đồ án khóa luận\Data\raw\garbage_v2\cardboard\cardboard_1376.jpg
D:\HK7\Đồ án khóa luận\Data\raw\vn_trash\Carton\train_cardboard236.jpg,vn_trash,Carton,cardboard,DUP_GROUP_0212,exact_md5_duplicate,D:\HK7\Đồ án khóa luận\Data\raw\garbage_v2\cardboard\cardboard_1377.jpg
D:\HK7\Đồ án khóa luận\Data\raw\vn_trash\Carton\train_cardboard188.jpg,vn_trash,Carton,cardboard,DUP_GROUP_0213,exact_md5_duplicate,D:\HK7\Đồ án khóa luận\Data\raw\garbage_v2\cardboard\cardboard_1378.jpg
D:\HK7\Đồ án khóa luận\Data\raw\vn_trash\Carton\train_cardboard533.jpg,vn_trash,Carton,cardboard,DUP_GROUP_0214,exact_md5_duplicate,D:\HK7\Đồ án khóa luận\Data\raw\garbage_v2\cardboard\cardboard_1379.jpg
D:\HK7\Đồ án khóa luận\Data\raw\vn_trash\Carton\train_cardboard847.jpg,vn_trash,Carton,cardboard,DUP_GROUP_0215,exact_md5_duplicate,D:\HK7\Đồ án khóa luận\Data\raw\garbage_v2\cardboard\cardboard_138.jpg
D:\HK7\Đồ án khóa luận\Data\raw\vn_trash\Carton\train_cardboard585.jpg,vn_trash,Carton,cardboard,DUP_GROUP_0216,exact_md5_duplicate,D:\HK7\Đồ án khóa luận\Data\raw\garbage_v2\cardboard\cardboard_1381.jpg
D:\HK7\Đồ án khóa luận\Data\raw\vn_trash\Carton\train_cardboard575.jpg,vn_trash,Carton,cardboard,DUP_GROUP_0217,exact_md5_duplicate,D:\HK7\Đồ án khóa luận\Data\raw\garbage_v2\cardboard\cardboard_1382.jpg
D:\HK7\Đồ án khóa luận\Data\raw\vn_trash\Carton\train_cardboard428.jpg,vn_trash,Carton,cardboard,DUP_GROUP_0218,exact_md5_duplicate,D:\HK7\Đồ án khóa luận\Data\raw\garbage_v2\cardboard\cardboard_1383.jpg
D:\HK7\Đồ án khóa luận\Data\raw\vn_trash\Carton\train_cardboard480.jpg,vn_trash,Carton,cardboard,DUP_GROUP_0219,exact_md5_duplicate,D:\HK7\Đồ án khóa luận\Data\raw\garbage_v2\cardboard\cardboard_1384.jpg
D:\HK7\Đồ án khóa luận\Data\raw\vn_trash\Carton\train_cardboard318.jpg,vn_trash,Carton,cardboard,DUP_GROUP_0220,exact_md5_duplicate,D:\HK7\Đồ án khóa luận\Data\raw\garbage_v2\cardboard\cardboard_1387.jpg
D:\HK7\Đồ án khóa luận\Data\raw\vn_trash\Carton\train_cardboard139.jpg,vn_trash,Carton,cardboard,DUP_GROUP_0221,exact_md5_duplicate,D:\HK7\Đồ án khóa luận\Data\raw\garbage_v2\cardboard\cardboard_139.jpg
D:\HK7\Đồ án khóa luận\Data\raw\vn_trash\Carton\train_cardboard109.jpg,vn_trash,Carton,cardboard,DUP_GROUP_0222,exact_md5_duplicate,D:\HK7\Đồ án khóa luận\Data\raw\garbage_v2\cardboard\cardboard_1390.jpg
D:\HK7\Đồ án khóa luận\Data\raw\vn_trash\Carton\test_cardboard 2018.jpg,vn_trash,Carton,cardboard,DUP_GROUP_0223,exact_md5_duplicate,D:\HK7\Đồ án khóa luận\Data\raw\garbage_v2\cardboard\cardboard_1392.jpg
D:\HK7\Đồ án khóa luận\Data\raw\vn_trash\Carton\train_cardboard891.jpg,vn_trash,Carton,cardboard,DUP_GROUP_0223,exact_md5_duplicate,D:\HK7\Đồ án khóa luận\Data\raw\garbage_v2\cardboard\cardboard_1392.jpg
D:\HK7\Đồ án khóa luận\Data\raw\vn_trash\Carton\train_cardboard418.jpg,vn_trash,Carton,cardboard,DUP_GROUP_0224,exact_md5_duplicate,D:\HK7\Đồ án khóa luận\Data\raw\garbage_v2\cardboard\cardboard_1395.jpg
D:\HK7\Đồ án khóa luận\Data\raw\vn_trash\Carton\train_cardboard327.jpg,vn_trash,Carton,cardboard,DUP_GROUP_0225,exact_md5_duplicate,D:\HK7\Đồ án khóa luận\Data\raw\garbage_v2\cardboard\cardboard_14.jpg
D:\HK7\Đồ án khóa luận\Data\raw\vn_trash\Carton\train_cardboard175.jpg,vn_trash,Carton,cardboard,DUP_GROUP_0226,exact_md5_duplicate,D:\HK7\Đồ án khóa luận\Data\raw\garbage_v2\cardboard\cardboard_140.jpg
D:\HK7\Đồ án khóa luận\Data\raw\vn_trash\Carton\train_cardboard181.jpg,vn_trash,Carton,cardboard,DUP_GROUP_0227,exact_md5_duplicate,D:\HK7\Đồ án khóa luận\Data\raw\garbage_v2\cardboard\cardboard_1402.jpg
D:\HK7\Đồ án khóa luận\Data\raw\vn_trash\Carton\train_cardboard801.jpg,vn_trash,Carton,cardboard,DUP_GROUP_0228,exact_md5_duplicate,D:\HK7\Đồ án khóa luận\Data\raw\garbage_v2\cardboard\cardboard_1406.jpg
D:\HK7\Đồ án khóa luận\Data\raw\vn_trash\Carton\train_cardboard221.jpg,vn_trash,Carton,cardboard,DUP_GROUP_0229,exact_md5_duplicate,D:\HK7\Đồ án khóa luận\Data\raw\garbage_v2\cardboard\cardboard_142.jpg
D:\HK7\Đồ án khóa luận\Data\raw\vn_trash\Carton\train_cardboard213.jpg,vn_trash,Carton,cardboard,DUP_GROUP_0230,exact_md5_duplicate,D:\HK7\Đồ án khóa luận\Data\raw\garbage_v2\cardboard\cardboard_143.jpg
D:\HK7\Đồ án khóa luận\Data\raw\vn_trash\Carton\train_cardboard873.jpg,vn_trash,Carton,cardboard,DUP_GROUP_0231,exact_md5_duplicate,D:\HK7\Đồ án khóa luận\Data\raw\garbage_v2\cardboard\cardboard_146.jpg
D:\HK7\Đồ án khóa luận\Data\raw\vn_trash\Carton\train_cardboard859.jpg,vn_trash,Carton,cardboard,DUP_GROUP_0232,exact_md5_duplicate,D:\HK7\Đồ án khóa luận\Data\raw\garbage_v2\cardboard\cardboard_148.jpg
D:\HK7\Đồ án khóa luận\Data\raw\vn_trash\Carton\train_cardboard228.jpg,vn_trash,Carton,cardboard,DUP_GROUP_0233,exact_md5_duplicate,D:\HK7\Đồ án khóa luận\Data\raw\garbage_v2\cardboard\cardboard_149.jpg
D:\HK7\Đồ án khóa luận\Data\raw\vn_trash\Carton\train_cardboard226.jpg,vn_trash,Carton,cardboard,DUP_GROUP_0234,exact_md5_duplicate,D:\HK7\Đồ án khóa luận\Data\raw\garbage_v2\cardboard\cardboard_15.jpg
D:\HK7\Đồ án khóa luận\Data\raw\vn_trash\Carton\train_cardboard248.jpg,vn_trash,Carton,cardboard,DUP_GROUP_0235,exact_md5_duplicate,D:\HK7\Đồ án khóa luận\Data\raw\garbage_v2\cardboard\cardboard_155.jpg
D:\HK7\Đồ án khóa luận\Data\raw\vn_trash\Carton\train_cardboard76.jpg,vn_trash,Carton,cardboard,DUP_GROUP_0236,exact_md5_duplicate,D:\HK7\Đồ án khóa luận\Data\raw\garbage_v2\cardboard\cardboard_156.jpg
D:\HK7\Đồ án khóa luận\Data\raw\vn_trash\Carton\train_cardboard761.jpg,vn_trash,Carton,cardboard,DUP_GROUP_0237,exact_md5_duplicate,D:\HK7\Đồ án khóa luận\Data\raw\garbage_v2\cardboard\cardboard_157.jpg
D:\HK7\Đồ án khóa luận\Data\raw\vn_trash\Carton\test_cardboard 2005.jpg,vn_trash,Carton,cardboard,DUP_GROUP_0238,exact_md5_duplicate,D:\HK7\Đồ án khóa luận\Data\raw\garbage_v2\cardboard\cardboard_158.jpg
D:\HK7\Đồ án khóa luận\Data\raw\vn_trash\Carton\train_cardboard858.jpg,vn_trash,Carton,cardboard,DUP_GROUP_0238,exact_md5_duplicate,D:\HK7\Đồ án khóa luận\Data\raw\garbage_v2\cardboard\cardboard_158.jpg
D:\HK7\Đồ án khóa luận\Data\raw\vn_trash\Carton\train_cardboard465.jpg,vn_trash,Carton,cardboard,DUP_GROUP_0239,exact_md5_duplicate,D:\HK7\Đồ án khóa luận\Data\raw\garbage_v2\cardboard\cardboard_162.jpg
D:\HK7\Đồ án khóa luận\Data\raw\vn_trash\Carton\train_cardboard88.jpg,vn_trash,Carton,cardboard,DUP_GROUP_0240,exact_md5_duplicate,D:\HK7\Đồ án khóa luận\Data\raw\garbage_v2\cardboard\cardboard_163.jpg
D:\HK7\Đồ án khóa luận\Data\raw\vn_trash\Carton\test_cardboard 2061.jpg,vn_trash,Carton,cardboard,DUP_GROUP_0241,exact_md5_duplicate,D:\HK7\Đồ án khóa luận\Data\raw\garbage_v2\cardboard\cardboard_164.jpg
D:\HK7\Đồ án khóa luận\Data\raw\vn_trash\Carton\train_cardboard41.jpg,vn_trash,Carton,cardboard,DUP_GROUP_0241,exact_md5_duplicate,D:\HK7\Đồ án khóa luận\Data\raw\garbage_v2\cardboard\cardboard_164.jpg
D:\HK7\Đồ án khóa luận\Data\raw\vn_trash\Carton\train_cardboard718.jpg,vn_trash,Carton,cardboard,DUP_GROUP_0242,exact_md5_duplicate,D:\HK7\Đồ án khóa luận\Data\raw\garbage_v2\cardboard\cardboard_165.jpg
D:\HK7\Đồ án khóa luận\Data\raw\vn_trash\Carton\train_cardboard605.jpg,vn_trash,Carton,cardboard,DUP_GROUP_0243,exact_md5_duplicate,D:\HK7\Đồ án khóa luận\Data\raw\garbage_v2\cardboard\cardboard_166.jpg
D:\HK7\Đồ án khóa luận\Data\raw\vn_trash\Carton\train_cardboard788.jpg,vn_trash,Carton,cardboard,DUP_GROUP_0244,exact_md5_duplicate,D:\HK7\Đồ án khóa luận\Data\raw\garbage_v2\cardboard\cardboard_167.jpg
D:\HK7\Đồ án khóa luận\Data\raw\vn_trash\Carton\train_cardboard161.jpg,vn_trash,Carton,cardboard,DUP_GROUP_0245,exact_md5_duplicate,D:\HK7\Đồ án khóa luận\Data\raw\garbage_v2\cardboard\cardboard_173.jpg
D:\HK7\Đồ án khóa luận\Data\raw\vn_trash\Carton\train_cardboard786.jpg,vn_trash,Carton,cardboard,DUP_GROUP_0246,exact_md5_duplicate,D:\HK7\Đồ án khóa luận\Data\raw\garbage_v2\cardboard\cardboard_176.jpg
D:\HK7\Đồ án khóa luận\Data\raw\vn_trash\Carton\train_cardboard865.jpg,vn_trash,Carton,cardboard,DUP_GROUP_0247,exact_md5_duplicate,D:\HK7\Đồ án khóa luận\Data\raw\garbage_v2\cardboard\cardboard_177.jpg
D:\HK7\Đồ án khóa luận\Data\raw\vn_trash\Carton\train_cardboard712.jpg,vn_trash,Carton,cardboard,DUP_GROUP_0248,exact_md5_duplicate,D:\HK7\Đồ án khóa luận\Data\raw\garbage_v2\cardboard\cardboard_178.jpg
D:\HK7\Đồ án khóa luận\Data\raw\vn_trash\Carton\train_cardboard824.jpg,vn_trash,Carton,cardboard,DUP_GROUP_0249,exact_md5_duplicate,D:\HK7\Đồ án khóa luận\Data\raw\garbage_v2\cardboard\cardboard_18.jpg
D:\HK7\Đồ án khóa luận\Data\raw\vn_trash\Carton\train_cardboard692.jpg,vn_trash,Carton,cardboard,DUP_GROUP_0250,exact_md5_duplicate,D:\HK7\Đồ án khóa luận\Data\raw\garbage_v2\cardboard\cardboard_180.jpg
D:\HK7\Đồ án khóa luận\Data\raw\vn_trash\Carton\train_cardboard644.jpg,vn_trash,Carton,cardboard,DUP_GROUP_0251,exact_md5_duplicate,D:\HK7\Đồ án khóa luận\Data\raw\garbage_v2\cardboard\cardboard_183.jpg
D:\HK7\Đồ án khóa luận\Data\raw\vn_trash\Carton\train_cardboard785.jpg,vn_trash,Carton,cardboard,DUP_GROUP_0252,exact_md5_duplicate,D:\HK7\Đồ án khóa luận\Data\raw\garbage_v2\cardboard\cardboard_184.jpg
D:\HK7\Đồ án khóa luận\Data\raw\vn_trash\Carton\train_cardboard840.jpg,vn_trash,Carton,cardboard,DUP_GROUP_0253,exact_md5_duplicate,D:\HK7\Đồ án khóa luận\Data\raw\garbage_v2\cardboard\cardboard_185.jpg
D:\HK7\Đồ án khóa luận\Data\raw\vn_trash\Carton\train_cardboard566.jpg,vn_trash,Carton,cardboard,DUP_GROUP_0254,exact_md5_duplicate,D:\HK7\Đồ án khóa luận\Data\raw\garbage_v2\cardboard\cardboard_186.jpg
D:\HK7\Đồ án khóa luận\Data\raw\vn_trash\Carton\train_cardboard 2375.jpg,vn_trash,Carton,cardboard,DUP_GROUP_0255,exact_md5_duplicate,D:\HK7\Đồ án khóa luận\Data\raw\garbage_v2\cardboard\cardboard_187.jpg
D:\HK7\Đồ án khóa luận\Data\raw\vn_trash\Carton\train_cardboard332.jpg,vn_trash,Carton,cardboard,DUP_GROUP_0255,exact_md5_duplicate,D:\HK7\Đồ án khóa luận\Data\raw\garbage_v2\cardboard\cardboard_187.jpg
D:\HK7\Đồ án khóa luận\Data\raw\vn_trash\Carton\train_cardboard463.jpg,vn_trash,Carton,cardboard,DUP_GROUP_0256,exact_md5_duplicate,D:\HK7\Đồ án khóa luận\Data\raw\garbage_v2\cardboard\cardboard_189.jpg
D:\HK7\Đồ án khóa luận\Data\raw\vn_trash\Carton\train_cardboard99.jpg,vn_trash,Carton,cardboard,DUP_GROUP_0257,exact_md5_duplicate,D:\HK7\Đồ án khóa luận\Data\raw\garbage_v2\cardboard\cardboard_191.jpg
D:\HK7\Đồ án khóa luận\Data\raw\vn_trash\Carton\test_cardboard 1985.jpg,vn_trash,Carton,cardboard,DUP_GROUP_0258,exact_md5_duplicate,D:\HK7\Đồ án khóa luận\Data\raw\garbage_v2\cardboard\cardboard_192.jpg
D:\HK7\Đồ án khóa luận\Data\raw\vn_trash\Carton\train_cardboard682.jpg,vn_trash,Carton,cardboard,DUP_GROUP_0258,exact_md5_duplicate,D:\HK7\Đồ án khóa luận\Data\raw\garbage_v2\cardboard\cardboard_192.jpg
D:\HK7\Đồ án khóa luận\Data\raw\vn_trash\Carton\train_cardboard667.jpg,vn_trash,Carton,cardboard,DUP_GROUP_0259,exact_md5_duplicate,D:\HK7\Đồ án khóa luận\Data\raw\garbage_v2\cardboard\cardboard_193.jpg
D:\HK7\Đồ án khóa luận\Data\raw\vn_trash\Carton\train_cardboard503.jpg,vn_trash,Carton,cardboard,DUP_GROUP_0260,exact_md5_duplicate,D:\HK7\Đồ án khóa luận\Data\raw\garbage_v2\cardboard\cardboard_194.jpg
D:\HK7\Đồ án khóa luận\Data\raw\vn_trash\Carton\train_cardboard617.jpg,vn_trash,Carton,cardboard,DUP_GROUP_0261,exact_md5_duplicate,D:\HK7\Đồ án khóa luận\Data\raw\garbage_v2\cardboard\cardboard_196.jpg
D:\HK7\Đồ án khóa luận\Data\raw\vn_trash\Carton\train_cardboard578.jpg,vn_trash,Carton,cardboard,DUP_GROUP_0262,exact_md5_duplicate,D:\HK7\Đồ án khóa luận\Data\raw\garbage_v2\cardboard\cardboard_197.jpg
D:\HK7\Đồ án khóa luận\Data\raw\vn_trash\Carton\test_cardboard 2067.jpg,vn_trash,Carton,cardboard,DUP_GROUP_0263,exact_md5_duplicate,D:\HK7\Đồ án khóa luận\Data\raw\garbage_v2\cardboard\cardboard_199.jpg
D:\HK7\Đồ án khóa luận\Data\raw\vn_trash\Carton\train_cardboard47.jpg,vn_trash,Carton,cardboard,DUP_GROUP_0263,exact_md5_duplicate,D:\HK7\Đồ án khóa luận\Data\raw\garbage_v2\cardboard\cardboard_199.jpg
D:\HK7\Đồ án khóa luận\Data\raw\vn_trash\Carton\train_cardboard572.jpg,vn_trash,Carton,cardboard,DUP_GROUP_0264,exact_md5_duplicate,D:\HK7\Đồ án khóa luận\Data\raw\garbage_v2\cardboard\cardboard_2.jpg
D:\HK7\Đồ án khóa luận\Data\raw\vn_trash\Carton\train_cardboard453.jpg,vn_trash,Carton,cardboard,DUP_GROUP_0265,exact_md5_duplicate,D:\HK7\Đồ án khóa luận\Data\raw\garbage_v2\cardboard\cardboard_20.jpg
D:\HK7\Đồ án khóa luận\Data\raw\vn_trash\Carton\train_cardboard215.jpg,vn_trash,Carton,cardboard,DUP_GROUP_0266,exact_md5_duplicate,D:\HK7\Đồ án khóa luận\Data\raw\garbage_v2\cardboard\cardboard_200.jpg
D:\HK7\Đồ án khóa luận\Data\raw\vn_trash\Carton\train_cardboard602.jpg,vn_trash,Carton,cardboard,DUP_GROUP_0267,exact_md5_duplicate,D:\HK7\Đồ án khóa luận\Data\raw\garbage_v2\cardboard\cardboard_202.jpg
D:\HK7\Đồ án khóa luận\Data\raw\vn_trash\Carton\train_cardboard725.jpg,vn_trash,Carton,cardboard,DUP_GROUP_0268,exact_md5_duplicate,D:\HK7\Đồ án khóa luận\Data\raw\garbage_v2\cardboard\cardboard_204.jpg
D:\HK7\Đồ án khóa luận\Data\raw\vn_trash\Carton\train_cardboard678.jpg,vn_trash,Carton,cardboard,DUP_GROUP_0269,exact_md5_duplicate,D:\HK7\Đồ án khóa luận\Data\raw\garbage_v2\cardboard\cardboard_208.jpg
D:\HK7\Đồ án khóa luận\Data\raw\vn_trash\Carton\train_cardboard289.jpg,vn_trash,Carton,cardboard,DUP_GROUP_0270,exact_md5_duplicate,D:\HK7\Đồ án khóa luận\Data\raw\garbage_v2\cardboard\cardboard_209.jpg
D:\HK7\Đồ án khóa luận\Data\raw\vn_trash\Carton\test_cardboard 1999.jpg,vn_trash,Carton,cardboard,DUP_GROUP_0271,exact_md5_duplicate,D:\HK7\Đồ án khóa luận\Data\raw\garbage_v2\cardboard\cardboard_210.jpg
D:\HK7\Đồ án khóa luận\Data\raw\vn_trash\Carton\train_cardboard815.jpg,vn_trash,Carton,cardboard,DUP_GROUP_0271,exact_md5_duplicate,D:\HK7\Đồ án khóa luận\Data\raw\garbage_v2\cardboard\cardboard_210.jpg
D:\HK7\Đồ án khóa luận\Data\raw\vn_trash\Carton\train_cardboard 37.jpg,vn_trash,Carton,cardboard,DUP_GROUP_0272,exact_md5_duplicate,D:\HK7\Đồ án khóa luận\Data\raw\garbage_v2\cardboard\cardboard_212.jpg
D:\HK7\Đồ án khóa luận\Data\raw\vn_trash\Carton\train_cardboard257.jpg,vn_trash,Carton,cardboard,DUP_GROUP_0272,exact_md5_duplicate,D:\HK7\Đồ án khóa luận\Data\raw\garbage_v2\cardboard\cardboard_212.jpg
D:\HK7\Đồ án khóa luận\Data\raw\vn_trash\Carton\train_cardboard 205.jpg,vn_trash,Carton,cardboard,DUP_GROUP_0273,near_phash_duplicate,D:\HK7\Đồ án khóa luận\Data\raw\garbage_v2\cardboard\cardboard_213.jpg
D:\HK7\Đồ án khóa luận\Data\raw\vn_trash\Carton\train_cardboard459.jpg,vn_trash,Carton,cardboard,DUP_GROUP_0273,exact_md5_duplicate,D:\HK7\Đồ án khóa luận\Data\raw\garbage_v2\cardboard\cardboard_213.jpg
D:\HK7\Đồ án khóa luận\Data\raw\vn_trash\Carton\train_cardboard536.jpg,vn_trash,Carton,cardboard,DUP_GROUP_0274,exact_md5_duplicate,D:\HK7\Đồ án khóa luận\Data\raw\garbage_v2\cardboard\cardboard_215.jpg
D:\HK7\Đồ án khóa luận\Data\raw\vn_trash\Carton\test_cardboard 1957.jpg,vn_trash,Carton,cardboard,DUP_GROUP_0275,exact_md5_duplicate,D:\HK7\Đồ án khóa luận\Data\raw\garbage_v2\cardboard\cardboard_216.jpg
D:\HK7\Đồ án khóa luận\Data\raw\vn_trash\Carton\train_cardboard442.jpg,vn_trash,Carton,cardboard,DUP_GROUP_0275,exact_md5_duplicate,D:\HK7\Đồ án khóa luận\Data\raw\garbage_v2\cardboard\cardboard_216.jpg
D:\HK7\Đồ án khóa luận\Data\raw\vn_trash\Carton\train_cardboard177.jpg,vn_trash,Carton,cardboard,DUP_GROUP_0276,exact_md5_duplicate,D:\HK7\Đồ án khóa luận\Data\raw\garbage_v2\cardboard\cardboard_220.jpg
D:\HK7\Đồ án khóa luận\Data\raw\vn_trash\Carton\train_cardboard276.jpg,vn_trash,Carton,cardboard,DUP_GROUP_0277,exact_md5_duplicate,D:\HK7\Đồ án khóa luận\Data\raw\garbage_v2\cardboard\cardboard_221.jpg
D:\HK7\Đồ án khóa luận\Data\raw\vn_trash\Carton\train_cardboard222.jpg,vn_trash,Carton,cardboard,DUP_GROUP_0278,exact_md5_duplicate,D:\HK7\Đồ án khóa luận\Data\raw\garbage_v2\cardboard\cardboard_223.jpg
D:\HK7\Đồ án khóa luận\Data\raw\vn_trash\Carton\train_cardboard155.jpg,vn_trash,Carton,cardboard,DUP_GROUP_0279,exact_md5_duplicate,D:\HK7\Đồ án khóa luận\Data\raw\garbage_v2\cardboard\cardboard_224.jpg
D:\HK7\Đồ án khóa luận\Data\raw\vn_trash\Carton\train_cardboard487.jpg,vn_trash,Carton,cardboard,DUP_GROUP_0280,exact_md5_duplicate,D:\HK7\Đồ án khóa luận\Data\raw\garbage_v2\cardboard\cardboard_225.jpg
D:\HK7\Đồ án khóa luận\Data\raw\vn_trash\Carton\train_cardboard85.jpg,vn_trash,Carton,cardboard,DUP_GROUP_0281,exact_md5_duplicate,D:\HK7\Đồ án khóa luận\Data\raw\garbage_v2\cardboard\cardboard_232.jpg
D:\HK7\Đồ án khóa luận\Data\raw\vn_trash\Carton\train_cardboard643.jpg,vn_trash,Carton,cardboard,DUP_GROUP_0282,exact_md5_duplicate,D:\HK7\Đồ án khóa luận\Data\raw\garbage_v2\cardboard\cardboard_233.jpg
D:\HK7\Đồ án khóa luận\Data\raw\vn_trash\Carton\train_cardboard330.jpg,vn_trash,Carton,cardboard,DUP_GROUP_0283,exact_md5_duplicate,D:\HK7\Đồ án khóa luận\Data\raw\garbage_v2\cardboard\cardboard_234.jpg
D:\HK7\Đồ án khóa luận\Data\raw\vn_trash\Carton\train_cardboard167.jpg,vn_trash,Carton,cardboard,DUP_GROUP_0284,exact_md5_duplicate,D:\HK7\Đồ án khóa luận\Data\raw\garbage_v2\cardboard\cardboard_239.jpg
D:\HK7\Đồ án khóa luận\Data\raw\vn_trash\Carton\train_cardboard738.jpg,vn_trash,Carton,cardboard,DUP_GROUP_0285,exact_md5_duplicate,D:\HK7\Đồ án khóa luận\Data\raw\garbage_v2\cardboard\cardboard_244.jpg
D:\HK7\Đồ án khóa luận\Data\raw\vn_trash\Carton\train_cardboard447.jpg,vn_trash,Carton,cardboard,DUP_GROUP_0286,exact_md5_duplicate,D:\HK7\Đồ án khóa luận\Data\raw\garbage_v2\cardboard\cardboard_245.jpg
D:\HK7\Đồ án khóa luận\Data\raw\vn_trash\Carton\train_cardboard266.jpg,vn_trash,Carton,cardboard,DUP_GROUP_0287,exact_md5_duplicate,D:\HK7\Đồ án khóa luận\Data\raw\garbage_v2\cardboard\cardboard_246.jpg
D:\HK7\Đồ án khóa luận\Data\raw\vn_trash\Carton\train_cardboard178.jpg,vn_trash,Carton,cardboard,DUP_GROUP_0288,exact_md5_duplicate,D:\HK7\Đồ án khóa luận\Data\raw\garbage_v2\cardboard\cardboard_247.jpg
D:\HK7\Đồ án khóa luận\Data\raw\vn_trash\Carton\train_cardboard520.jpg,vn_trash,Carton,cardboard,DUP_GROUP_0289,exact_md5_duplicate,D:\HK7\Đồ án khóa luận\Data\raw\garbage_v2\cardboard\cardboard_249.jpg
D:\HK7\Đồ án khóa luận\Data\raw\vn_trash\Carton\train_cardboard695.jpg,vn_trash,Carton,cardboard,DUP_GROUP_0290,exact_md5_duplicate,D:\HK7\Đồ án khóa luận\Data\raw\garbage_v2\cardboard\cardboard_25.jpg
D:\HK7\Đồ án khóa luận\Data\raw\vn_trash\Carton\train_cardboard128.jpg,vn_trash,Carton,cardboard,DUP_GROUP_0291,exact_md5_duplicate,D:\HK7\Đồ án khóa luận\Data\raw\garbage_v2\cardboard\cardboard_252.jpg
D:\HK7\Đồ án khóa luận\Data\raw\vn_trash\Carton\train_cardboard193.jpg,vn_trash,Carton,cardboard,DUP_GROUP_0292,exact_md5_duplicate,D:\HK7\Đồ án khóa luận\Data\raw\garbage_v2\cardboard\cardboard_253.jpg
D:\HK7\Đồ án khóa luận\Data\raw\vn_trash\Carton\test_cardboard 2036.jpg,vn_trash,Carton,cardboard,DUP_GROUP_0293,exact_md5_duplicate,D:\HK7\Đồ án khóa luận\Data\raw\garbage_v2\cardboard\cardboard_261.jpg
D:\HK7\Đồ án khóa luận\Data\raw\vn_trash\Carton\train_cardboard19.jpg,vn_trash,Carton,cardboard,DUP_GROUP_0293,exact_md5_duplicate,D:\HK7\Đồ án khóa luận\Data\raw\garbage_v2\cardboard\cardboard_261.jpg
D:\HK7\Đồ án khóa luận\Data\raw\vn_trash\Carton\train_cardboard808.jpg,vn_trash,Carton,cardboard,DUP_GROUP_0294,exact_md5_duplicate,D:\HK7\Đồ án khóa luận\Data\raw\garbage_v2\cardboard\cardboard_263.jpg
D:\HK7\Đồ án khóa luận\Data\raw\vn_trash\Carton\train_cardboard707.jpg,vn_trash,Carton,cardboard,DUP_GROUP_0295,exact_md5_duplicate,D:\HK7\Đồ án khóa luận\Data\raw\garbage_v2\cardboard\cardboard_264.jpg
D:\HK7\Đồ án khóa luận\Data\raw\vn_trash\Carton\train_cardboard819.jpg,vn_trash,Carton,cardboard,DUP_GROUP_0296,exact_md5_duplicate,D:\HK7\Đồ án khóa luận\Data\raw\garbage_v2\cardboard\cardboard_265.jpg
D:\HK7\Đồ án khóa luận\Data\raw\vn_trash\Carton\train_cardboard104.jpg,vn_trash,Carton,cardboard,DUP_GROUP_0297,exact_md5_duplicate,D:\HK7\Đồ án khóa luận\Data\raw\garbage_v2\cardboard\cardboard_266.jpg
D:\HK7\Đồ án khóa luận\Data\raw\vn_trash\Carton\test_cardboard 1953.jpg,vn_trash,Carton,cardboard,DUP_GROUP_0298,exact_md5_duplicate,D:\HK7\Đồ án khóa luận\Data\raw\garbage_v2\cardboard\cardboard_268.jpg
D:\HK7\Đồ án khóa luận\Data\raw\vn_trash\Carton\train_cardboard399.jpg,vn_trash,Carton,cardboard,DUP_GROUP_0298,exact_md5_duplicate,D:\HK7\Đồ án khóa luận\Data\raw\garbage_v2\cardboard\cardboard_268.jpg
D:\HK7\Đồ án khóa luận\Data\raw\vn_trash\Carton\train_cardboard632.jpg,vn_trash,Carton,cardboard,DUP_GROUP_0299,exact_md5_duplicate,D:\HK7\Đồ án khóa luận\Data\raw\garbage_v2\cardboard\cardboard_270.jpg
D:\HK7\Đồ án khóa luận\Data\raw\vn_trash\Carton\train_cardboard219.jpg,vn_trash,Carton,cardboard,DUP_GROUP_0300,exact_md5_duplicate,D:\HK7\Đồ án khóa luận\Data\raw\garbage_v2\cardboard\cardboard_274.jpg
D:\HK7\Đồ án khóa luận\Data\raw\vn_trash\Carton\train_cardboard141.jpg,vn_trash,Carton,cardboard,DUP_GROUP_0301,exact_md5_duplicate,D:\HK7\Đồ án khóa luận\Data\raw\garbage_v2\cardboard\cardboard_279.jpg
D:\HK7\Đồ án khóa luận\Data\raw\vn_trash\Carton\test_cardboard 2027.jpg,vn_trash,Carton,cardboard,DUP_GROUP_0302,exact_md5_duplicate,D:\HK7\Đồ án khóa luận\Data\raw\garbage_v2\cardboard\cardboard_28.jpg
D:\HK7\Đồ án khóa luận\Data\raw\vn_trash\Carton\train_cardboard9.jpg,vn_trash,Carton,cardboard,DUP_GROUP_0302,exact_md5_duplicate,D:\HK7\Đồ án khóa luận\Data\raw\garbage_v2\cardboard\cardboard_28.jpg
D:\HK7\Đồ án khóa luận\Data\raw\vn_trash\Carton\train_cardboard70.jpg,vn_trash,Carton,cardboard,DUP_GROUP_0303,exact_md5_duplicate,D:\HK7\Đồ án khóa luận\Data\raw\garbage_v2\cardboard\cardboard_281.jpg
D:\HK7\Đồ án khóa luận\Data\raw\vn_trash\Carton\train_cardboard 35.jpg,vn_trash,Carton,cardboard,DUP_GROUP_0304,exact_md5_duplicate,D:\HK7\Đồ án khóa luận\Data\raw\garbage_v2\cardboard\cardboard_283.jpg
D:\HK7\Đồ án khóa luận\Data\raw\vn_trash\Carton\train_cardboard246.jpg,vn_trash,Carton,cardboard,DUP_GROUP_0304,exact_md5_duplicate,D:\HK7\Đồ án khóa luận\Data\raw\garbage_v2\cardboard\cardboard_283.jpg
D:\HK7\Đồ án khóa luận\Data\raw\vn_trash\Carton\train_cardboard677.jpg,vn_trash,Carton,cardboard,DUP_GROUP_0305,exact_md5_duplicate,D:\HK7\Đồ án khóa luận\Data\raw\garbage_v2\cardboard\cardboard_284.jpg
D:\HK7\Đồ án khóa luận\Data\raw\vn_trash\Carton\train_cardboard224.jpg,vn_trash,Carton,cardboard,DUP_GROUP_0306,exact_md5_duplicate,D:\HK7\Đồ án khóa luận\Data\raw\garbage_v2\cardboard\cardboard_285.jpg
D:\HK7\Đồ án khóa luận\Data\raw\vn_trash\Carton\train_cardboard79.jpg,vn_trash,Carton,cardboard,DUP_GROUP_0307,exact_md5_duplicate,D:\HK7\Đồ án khóa luận\Data\raw\garbage_v2\cardboard\cardboard_288.jpg
D:\HK7\Đồ án khóa luận\Data\raw\vn_trash\Carton\train_cardboard137.jpg,vn_trash,Carton,cardboard,DUP_GROUP_0308,exact_md5_duplicate,D:\HK7\Đồ án khóa luận\Data\raw\garbage_v2\cardboard\cardboard_289.jpg
D:\HK7\Đồ án khóa luận\Data\raw\vn_trash\Carton\train_cardboard798.jpg,vn_trash,Carton,cardboard,DUP_GROUP_0309,exact_md5_duplicate,D:\HK7\Đồ án khóa luận\Data\raw\garbage_v2\cardboard\cardboard_29.jpg
D:\HK7\Đồ án khóa luận\Data\raw\vn_trash\Carton\train_cardboard 46.jpg,vn_trash,Carton,cardboard,DUP_GROUP_0310,exact_md5_duplicate,D:\HK7\Đồ án khóa luận\Data\raw\garbage_v2\cardboard\cardboard_294.jpg
D:\HK7\Đồ án khóa luận\Data\raw\vn_trash\Carton\train_cardboard346.jpg,vn_trash,Carton,cardboard,DUP_GROUP_0310,exact_md5_duplicate,D:\HK7\Đồ án khóa luận\Data\raw\garbage_v2\cardboard\cardboard_294.jpg
D:\HK7\Đồ án khóa luận\Data\raw\vn_trash\Carton\train_cardboard87.jpg,vn_trash,Carton,cardboard,DUP_GROUP_0311,exact_md5_duplicate,D:\HK7\Đồ án khóa luận\Data\raw\garbage_v2\cardboard\cardboard_296.jpg
D:\HK7\Đồ án khóa luận\Data\raw\vn_trash\Carton\train_cardboard241.jpg,vn_trash,Carton,cardboard,DUP_GROUP_0312,exact_md5_duplicate,D:\HK7\Đồ án khóa luận\Data\raw\garbage_v2\cardboard\cardboard_299.jpg
D:\HK7\Đồ án khóa luận\Data\raw\vn_trash\Carton\train_cardboard131.jpg,vn_trash,Carton,cardboard,DUP_GROUP_0313,exact_md5_duplicate,D:\HK7\Đồ án khóa luận\Data\raw\garbage_v2\cardboard\cardboard_3.jpg
D:\HK7\Đồ án khóa luận\Data\raw\vn_trash\Carton\train_cardboard569.jpg,vn_trash,Carton,cardboard,DUP_GROUP_0314,exact_md5_duplicate,D:\HK7\Đồ án khóa luận\Data\raw\garbage_v2\cardboard\cardboard_300.jpg
D:\HK7\Đồ án khóa luận\Data\raw\vn_trash\Carton\train_cardboard71.jpg,vn_trash,Carton,cardboard,DUP_GROUP_0315,exact_md5_duplicate,D:\HK7\Đồ án khóa luận\Data\raw\garbage_v2\cardboard\cardboard_301.jpg
D:\HK7\Đồ án khóa luận\Data\raw\vn_trash\Carton\test_cardboard 2054.jpg,vn_trash,Carton,cardboard,DUP_GROUP_0316,exact_md5_duplicate,D:\HK7\Đồ án khóa luận\Data\raw\garbage_v2\cardboard\cardboard_302.jpg
D:\HK7\Đồ án khóa luận\Data\raw\vn_trash\Carton\train_cardboard34.jpg,vn_trash,Carton,cardboard,DUP_GROUP_0316,exact_md5_duplicate,D:\HK7\Đồ án khóa luận\Data\raw\garbage_v2\cardboard\cardboard_302.jpg
D:\HK7\Đồ án khóa luận\Data\raw\vn_trash\Carton\train_cardboard433.jpg,vn_trash,Carton,cardboard,DUP_GROUP_0317,exact_md5_duplicate,D:\HK7\Đồ án khóa luận\Data\raw\garbage_v2\cardboard\cardboard_303.jpg
D:\HK7\Đồ án khóa luận\Data\raw\vn_trash\Carton\train_cardboard628.jpg,vn_trash,Carton,cardboard,DUP_GROUP_0318,exact_md5_duplicate,D:\HK7\Đồ án khóa luận\Data\raw\garbage_v2\cardboard\cardboard_304.jpg
D:\HK7\Đồ án khóa luận\Data\raw\vn_trash\Carton\train_cardboard149.jpg,vn_trash,Carton,cardboard,DUP_GROUP_0319,exact_md5_duplicate,D:\HK7\Đồ án khóa luận\Data\raw\garbage_v2\cardboard\cardboard_306.jpg
D:\HK7\Đồ án khóa luận\Data\raw\vn_trash\Carton\train_cardboard95.jpg,vn_trash,Carton,cardboard,DUP_GROUP_0320,exact_md5_duplicate,D:\HK7\Đồ án khóa luận\Data\raw\garbage_v2\cardboard\cardboard_307.jpg
D:\HK7\Đồ án khóa luận\Data\raw\vn_trash\Carton\train_cardboard603.jpg,vn_trash,Carton,cardboard,DUP_GROUP_0321,exact_md5_duplicate,D:\HK7\Đồ án khóa luận\Data\raw\garbage_v2\cardboard\cardboard_308.jpg
D:\HK7\Đồ án khóa luận\Data\raw\vn_trash\Carton\train_cardboard159.jpg,vn_trash,Carton,cardboard,DUP_GROUP_0322,exact_md5_duplicate,D:\HK7\Đồ án khóa luận\Data\raw\garbage_v2\cardboard\cardboard_309.jpg
D:\HK7\Đồ án khóa luận\Data\raw\vn_trash\Carton\train_cardboard15.jpg,vn_trash,Carton,cardboard,DUP_GROUP_0323,exact_md5_duplicate,D:\HK7\Đồ án khóa luận\Data\raw\garbage_v2\cardboard\cardboard_31.jpg
D:\HK7\Đồ án khóa luận\Data\raw\vn_trash\Carton\train_cardboard877.jpg,vn_trash,Carton,cardboard,DUP_GROUP_0324,exact_md5_duplicate,D:\HK7\Đồ án khóa luận\Data\raw\garbage_v2\cardboard\cardboard_310.jpg
D:\HK7\Đồ án khóa luận\Data\raw\vn_trash\Carton\train_cardboard122.jpg,vn_trash,Carton,cardboard,DUP_GROUP_0325,exact_md5_duplicate,D:\HK7\Đồ án khóa luận\Data\raw\garbage_v2\cardboard\cardboard_311.jpg
D:\HK7\Đồ án khóa luận\Data\raw\vn_trash\Carton\train_cardboard164.jpg,vn_trash,Carton,cardboard,DUP_GROUP_0326,exact_md5_duplicate,D:\HK7\Đồ án khóa luận\Data\raw\garbage_v2\cardboard\cardboard_314.jpg
D:\HK7\Đồ án khóa luận\Data\raw\vn_trash\Carton\train_cardboard267.jpg,vn_trash,Carton,cardboard,DUP_GROUP_0327,exact_md5_duplicate,D:\HK7\Đồ án khóa luận\Data\raw\garbage_v2\cardboard\cardboard_315.jpg
D:\HK7\Đồ án khóa luận\Data\raw\vn_trash\Carton\train_cardboard754.jpg,vn_trash,Carton,cardboard,DUP_GROUP_0328,exact_md5_duplicate,D:\HK7\Đồ án khóa luận\Data\raw\garbage_v2\cardboard\cardboard_317.jpg
D:\HK7\Đồ án khóa luận\Data\raw\vn_trash\Carton\train_cardboard615.jpg,vn_trash,Carton,cardboard,DUP_GROUP_0329,exact_md5_duplicate,D:\HK7\Đồ án khóa luận\Data\raw\garbage_v2\cardboard\cardboard_318.jpg
D:\HK7\Đồ án khóa luận\Data\raw\vn_trash\Carton\train_cardboard 42.jpg,vn_trash,Carton,cardboard,DUP_GROUP_0330,exact_md5_duplicate,D:\HK7\Đồ án khóa luận\Data\raw\garbage_v2\cardboard\cardboard_319.jpg
D:\HK7\Đồ án khóa luận\Data\raw\vn_trash\Carton\train_cardboard301.jpg,vn_trash,Carton,cardboard,DUP_GROUP_0330,exact_md5_duplicate,D:\HK7\Đồ án khóa luận\Data\raw\garbage_v2\cardboard\cardboard_319.jpg
D:\HK7\Đồ án khóa luận\Data\raw\vn_trash\Carton\train_cardboard862.jpg,vn_trash,Carton,cardboard,DUP_GROUP_0331,exact_md5_duplicate,D:\HK7\Đồ án khóa luận\Data\raw\garbage_v2\cardboard\cardboard_32.jpg
D:\HK7\Đồ án khóa luận\Data\raw\vn_trash\Carton\train_cardboard567.jpg,vn_trash,Carton,cardboard,DUP_GROUP_0332,exact_md5_duplicate,D:\HK7\Đồ án khóa luận\Data\raw\garbage_v2\cardboard\cardboard_324.jpg
D:\HK7\Đồ án khóa luận\Data\raw\vn_trash\Carton\test_cardboard 2072.jpg,vn_trash,Carton,cardboard,DUP_GROUP_0333,exact_md5_duplicate,D:\HK7\Đồ án khóa luận\Data\raw\garbage_v2\cardboard\cardboard_325.jpg
D:\HK7\Đồ án khóa luận\Data\raw\vn_trash\Carton\train_cardboard51.jpg,vn_trash,Carton,cardboard,DUP_GROUP_0333,exact_md5_duplicate,D:\HK7\Đồ án khóa luận\Data\raw\garbage_v2\cardboard\cardboard_325.jpg
D:\HK7\Đồ án khóa luận\Data\raw\vn_trash\Carton\train_cardboard696.jpg,vn_trash,Carton,cardboard,DUP_GROUP_0334,exact_md5_duplicate,D:\HK7\Đồ án khóa luận\Data\raw\garbage_v2\cardboard\cardboard_327.jpg
D:\HK7\Đồ án khóa luận\Data\raw\vn_trash\Carton\train_cardboard189.jpg,vn_trash,Carton,cardboard,DUP_GROUP_0335,exact_md5_duplicate,D:\HK7\Đồ án khóa luận\Data\raw\garbage_v2\cardboard\cardboard_328.jpg
D:\HK7\Đồ án khóa luận\Data\raw\vn_trash\Carton\train_cardboard674.jpg,vn_trash,Carton,cardboard,DUP_GROUP_0336,exact_md5_duplicate,D:\HK7\Đồ án khóa luận\Data\raw\garbage_v2\cardboard\cardboard_329.jpg
D:\HK7\Đồ án khóa luận\Data\raw\vn_trash\Carton\train_cardboard280.jpg,vn_trash,Carton,cardboard,DUP_GROUP_0337,exact_md5_duplicate,D:\HK7\Đồ án khóa luận\Data\raw\garbage_v2\cardboard\cardboard_330.jpg
D:\HK7\Đồ án khóa luận\Data\raw\vn_trash\Carton\train_cardboard698.jpg,vn_trash,Carton,cardboard,DUP_GROUP_0338,exact_md5_duplicate,D:\HK7\Đồ án khóa luận\Data\raw\garbage_v2\cardboard\cardboard_331.jpg
D:\HK7\Đồ án khóa luận\Data\raw\vn_trash\Carton\train_cardboard32.jpg,vn_trash,Carton,cardboard,DUP_GROUP_0339,exact_md5_duplicate,D:\HK7\Đồ án khóa luận\Data\raw\garbage_v2\cardboard\cardboard_332.jpg
D:\HK7\Đồ án khóa luận\Data\raw\vn_trash\Carton\train_cardboard760.jpg,vn_trash,Carton,cardboard,DUP_GROUP_0340,exact_md5_duplicate,D:\HK7\Đồ án khóa luận\Data\raw\garbage_v2\cardboard\cardboard_334.jpg
D:\HK7\Đồ án khóa luận\Data\raw\vn_trash\Carton\train_cardboard770.jpg,vn_trash,Carton,cardboard,DUP_GROUP_0341,exact_md5_duplicate,D:\HK7\Đồ án khóa luận\Data\raw\garbage_v2\cardboard\cardboard_335.jpg
D:\HK7\Đồ án khóa luận\Data\raw\vn_trash\Carton\test_cardboard 1980.jpg,vn_trash,Carton,cardboard,DUP_GROUP_0342,exact_md5_duplicate,D:\HK7\Đồ án khóa luận\Data\raw\garbage_v2\cardboard\cardboard_336.jpg
D:\HK7\Đồ án khóa luận\Data\raw\vn_trash\Carton\train_cardboard638.jpg,vn_trash,Carton,cardboard,DUP_GROUP_0342,exact_md5_duplicate,D:\HK7\Đồ án khóa luận\Data\raw\garbage_v2\cardboard\cardboard_336.jpg
D:\HK7\Đồ án khóa luận\Data\raw\vn_trash\Carton\train_cardboard471.jpg,vn_trash,Carton,cardboard,DUP_GROUP_0343,exact_md5_duplicate,D:\HK7\Đồ án khóa luận\Data\raw\garbage_v2\cardboard\cardboard_337.jpg
D:\HK7\Đồ án khóa luận\Data\raw\vn_trash\Carton\train_cardboard7.jpg,vn_trash,Carton,cardboard,DUP_GROUP_0344,exact_md5_duplicate,D:\HK7\Đồ án khóa luận\Data\raw\garbage_v2\cardboard\cardboard_339.jpg
D:\HK7\Đồ án khóa luận\Data\raw\vn_trash\Carton\train_cardboard658.jpg,vn_trash,Carton,cardboard,DUP_GROUP_0345,exact_md5_duplicate,D:\HK7\Đồ án khóa luận\Data\raw\garbage_v2\cardboard\cardboard_340.jpg
D:\HK7\Đồ án khóa luận\Data\raw\vn_trash\Carton\train_cardboard247.jpg,vn_trash,Carton,cardboard,DUP_GROUP_0346,exact_md5_duplicate,D:\HK7\Đồ án khóa luận\Data\raw\garbage_v2\cardboard\cardboard_341.jpg
D:\HK7\Đồ án khóa luận\Data\raw\vn_trash\Carton\train_cardboard733.jpg,vn_trash,Carton,cardboard,DUP_GROUP_0347,exact_md5_duplicate,D:\HK7\Đồ án khóa luận\Data\raw\garbage_v2\cardboard\cardboard_342.jpg
D:\HK7\Đồ án khóa luận\Data\raw\vn_trash\Carton\train_cardboard633.jpg,vn_trash,Carton,cardboard,DUP_GROUP_0348,exact_md5_duplicate,D:\HK7\Đồ án khóa luận\Data\raw\garbage_v2\cardboard\cardboard_343.jpg
D:\HK7\Đồ án khóa luận\Data\raw\vn_trash\Carton\train_cardboard723.jpg,vn_trash,Carton,cardboard,DUP_GROUP_0349,exact_md5_duplicate,D:\HK7\Đồ án khóa luận\Data\raw\garbage_v2\cardboard\cardboard_346.jpg
D:\HK7\Đồ án khóa luận\Data\raw\vn_trash\Carton\train_cardboard317.jpg,vn_trash,Carton,cardboard,DUP_GROUP_0350,exact_md5_duplicate,D:\HK7\Đồ án khóa luận\Data\raw\garbage_v2\cardboard\cardboard_348.jpg
D:\HK7\Đồ án khóa luận\Data\raw\vn_trash\Carton\train_cardboard702.jpg,vn_trash,Carton,cardboard,DUP_GROUP_0351,exact_md5_duplicate,D:\HK7\Đồ án khóa luận\Data\raw\garbage_v2\cardboard\cardboard_351.jpg
D:\HK7\Đồ án khóa luận\Data\raw\vn_trash\Carton\train_cardboard841.jpg,vn_trash,Carton,cardboard,DUP_GROUP_0352,exact_md5_duplicate,D:\HK7\Đồ án khóa luận\Data\raw\garbage_v2\cardboard\cardboard_356.jpg
D:\HK7\Đồ án khóa luận\Data\raw\vn_trash\Carton\train_cardboard118.jpg,vn_trash,Carton,cardboard,DUP_GROUP_0353,exact_md5_duplicate,D:\HK7\Đồ án khóa luận\Data\raw\garbage_v2\cardboard\cardboard_357.jpg
D:\HK7\Đồ án khóa luận\Data\raw\vn_trash\Carton\train_cardboard593.jpg,vn_trash,Carton,cardboard,DUP_GROUP_0354,exact_md5_duplicate,D:\HK7\Đồ án khóa luận\Data\raw\garbage_v2\cardboard\cardboard_358.jpg
D:\HK7\Đồ án khóa luận\Data\raw\vn_trash\Carton\train_cardboard169.jpg,vn_trash,Carton,cardboard,DUP_GROUP_0355,exact_md5_duplicate,D:\HK7\Đồ án khóa luận\Data\raw\garbage_v2\cardboard\cardboard_36.jpg
D:\HK7\Đồ án khóa luận\Data\raw\vn_trash\Carton\train_cardboard242.jpg,vn_trash,Carton,cardboard,DUP_GROUP_0356,exact_md5_duplicate,D:\HK7\Đồ án khóa luận\Data\raw\garbage_v2\cardboard\cardboard_361.jpg
D:\HK7\Đồ án khóa luận\Data\raw\vn_trash\Carton\train_cardboard672.jpg,vn_trash,Carton,cardboard,DUP_GROUP_0357,exact_md5_duplicate,D:\HK7\Đồ án khóa luận\Data\raw\garbage_v2\cardboard\cardboard_363.jpg
D:\HK7\Đồ án khóa luận\Data\raw\vn_trash\Carton\train_cardboard681.jpg,vn_trash,Carton,cardboard,DUP_GROUP_0358,exact_md5_duplicate,D:\HK7\Đồ án khóa luận\Data\raw\garbage_v2\cardboard\cardboard_364.jpg
D:\HK7\Đồ án khóa luận\Data\raw\vn_trash\Carton\train_cardboard509.jpg,vn_trash,Carton,cardboard,DUP_GROUP_0359,exact_md5_duplicate,D:\HK7\Đồ án khóa luận\Data\raw\garbage_v2\cardboard\cardboard_366.jpg
D:\HK7\Đồ án khóa luận\Data\raw\vn_trash\Carton\train_cardboard820.jpg,vn_trash,Carton,cardboard,DUP_GROUP_0360,exact_md5_duplicate,D:\HK7\Đồ án khóa luận\Data\raw\garbage_v2\cardboard\cardboard_368.jpg
D:\HK7\Đồ án khóa luận\Data\raw\vn_trash\Carton\train_cardboard752.jpg,vn_trash,Carton,cardboard,DUP_GROUP_0361,exact_md5_duplicate,D:\HK7\Đồ án khóa luận\Data\raw\garbage_v2\cardboard\cardboard_373.jpg
D:\HK7\Đồ án khóa luận\Data\raw\vn_trash\Carton\train_cardboard307.jpg,vn_trash,Carton,cardboard,DUP_GROUP_0362,exact_md5_duplicate,D:\HK7\Đồ án khóa luận\Data\raw\garbage_v2\cardboard\cardboard_374.jpg
D:\HK7\Đồ án khóa luận\Data\raw\vn_trash\Carton\train_cardboard208.jpg,vn_trash,Carton,cardboard,DUP_GROUP_0363,exact_md5_duplicate,D:\HK7\Đồ án khóa luận\Data\raw\garbage_v2\cardboard\cardboard_375.jpg
D:\HK7\Đồ án khóa luận\Data\raw\vn_trash\Carton\train_cardboard647.jpg,vn_trash,Carton,cardboard,DUP_GROUP_0364,exact_md5_duplicate,D:\HK7\Đồ án khóa luận\Data\raw\garbage_v2\cardboard\cardboard_376.jpg
D:\HK7\Đồ án khóa luận\Data\raw\vn_trash\Carton\train_cardboard 38.jpg,vn_trash,Carton,cardboard,DUP_GROUP_0365,exact_md5_duplicate,D:\HK7\Đồ án khóa luận\Data\raw\garbage_v2\cardboard\cardboard_378.jpg
D:\HK7\Đồ án khóa luận\Data\raw\vn_trash\Carton\train_cardboard268.jpg,vn_trash,Carton,cardboard,DUP_GROUP_0365,exact_md5_duplicate,D:\HK7\Đồ án khóa luận\Data\raw\garbage_v2\cardboard\cardboard_378.jpg
D:\HK7\Đồ án khóa luận\Data\raw\vn_trash\Carton\train_cardboard600.jpg,vn_trash,Carton,cardboard,DUP_GROUP_0366,exact_md5_duplicate,D:\HK7\Đồ án khóa luận\Data\raw\garbage_v2\cardboard\cardboard_379.jpg
D:\HK7\Đồ án khóa luận\Data\raw\vn_trash\Carton\train_cardboard278.jpg,vn_trash,Carton,cardboard,DUP_GROUP_0367,exact_md5_duplicate,D:\HK7\Đồ án khóa luận\Data\raw\garbage_v2\cardboard\cardboard_380.jpg
D:\HK7\Đồ án khóa luận\Data\raw\vn_trash\Carton\test_cardboard 1994.jpg,vn_trash,Carton,cardboard,DUP_GROUP_0368,exact_md5_duplicate,D:\HK7\Đồ án khóa luận\Data\raw\garbage_v2\cardboard\cardboard_381.jpg
D:\HK7\Đồ án khóa luận\Data\raw\vn_trash\Carton\train_cardboard759.jpg,vn_trash,Carton,cardboard,DUP_GROUP_0368,exact_md5_duplicate,D:\HK7\Đồ án khóa luận\Data\raw\garbage_v2\cardboard\cardboard_381.jpg
D:\HK7\Đồ án khóa luận\Data\raw\vn_trash\Carton\train_cardboard734.jpg,vn_trash,Carton,cardboard,DUP_GROUP_0369,exact_md5_duplicate,D:\HK7\Đồ án khóa luận\Data\raw\garbage_v2\cardboard\cardboard_383.jpg
D:\HK7\Đồ án khóa luận\Data\raw\vn_trash\Carton\train_cardboard127.jpg,vn_trash,Carton,cardboard,DUP_GROUP_0370,exact_md5_duplicate,D:\HK7\Đồ án khóa luận\Data\raw\garbage_v2\cardboard\cardboard_384.jpg
D:\HK7\Đồ án khóa luận\Data\raw\vn_trash\Carton\train_cardboard495.jpg,vn_trash,Carton,cardboard,DUP_GROUP_0371,exact_md5_duplicate,D:\HK7\Đồ án khóa luận\Data\raw\garbage_v2\cardboard\cardboard_387.jpg
D:\HK7\Đồ án khóa luận\Data\raw\vn_trash\Carton\train_cardboard86.jpg,vn_trash,Carton,cardboard,DUP_GROUP_0372,exact_md5_duplicate,D:\HK7\Đồ án khóa luận\Data\raw\garbage_v2\cardboard\cardboard_388.jpg
D:\HK7\Đồ án khóa luận\Data\raw\vn_trash\Carton\train_cardboard608.jpg,vn_trash,Carton,cardboard,DUP_GROUP_0373,exact_md5_duplicate,D:\HK7\Đồ án khóa luận\Data\raw\garbage_v2\cardboard\cardboard_391.jpg
D:\HK7\Đồ án khóa luận\Data\raw\vn_trash\Carton\train_cardboard550.jpg,vn_trash,Carton,cardboard,DUP_GROUP_0374,exact_md5_duplicate,D:\HK7\Đồ án khóa luận\Data\raw\garbage_v2\cardboard\cardboard_392.jpg
D:\HK7\Đồ án khóa luận\Data\raw\vn_trash\Carton\train_cardboard472.jpg,vn_trash,Carton,cardboard,DUP_GROUP_0375,exact_md5_duplicate,D:\HK7\Đồ án khóa luận\Data\raw\garbage_v2\cardboard\cardboard_397.jpg
D:\HK7\Đồ án khóa luận\Data\raw\vn_trash\Carton\train_cardboard68.jpg,vn_trash,Carton,cardboard,DUP_GROUP_0376,exact_md5_duplicate,D:\HK7\Đồ án khóa luận\Data\raw\garbage_v2\cardboard\cardboard_40.jpg
D:\HK7\Đồ án khóa luận\Data\raw\vn_trash\Carton\train_cardboard269.jpg,vn_trash,Carton,cardboard,DUP_GROUP_0377,exact_md5_duplicate,D:\HK7\Đồ án khóa luận\Data\raw\garbage_v2\cardboard\cardboard_402.jpg
D:\HK7\Đồ án khóa luận\Data\raw\vn_trash\Carton\train_cardboard 2371.jpg,vn_trash,Carton,cardboard,DUP_GROUP_0378,exact_md5_duplicate,D:\HK7\Đồ án khóa luận\Data\raw\garbage_v2\cardboard\cardboard_403.jpg
D:\HK7\Đồ án khóa luận\Data\raw\vn_trash\Carton\train_cardboard329.jpg,vn_trash,Carton,cardboard,DUP_GROUP_0378,exact_md5_duplicate,D:\HK7\Đồ án khóa luận\Data\raw\garbage_v2\cardboard\cardboard_403.jpg
D:\HK7\Đồ án khóa luận\Data\raw\vn_trash\Carton\train_cardboard136.jpg,vn_trash,Carton,cardboard,DUP_GROUP_0379,exact_md5_duplicate,D:\HK7\Đồ án khóa luận\Data\raw\garbage_v2\cardboard\cardboard_404.jpg
D:\HK7\Đồ án khóa luận\Data\raw\vn_trash\Carton\train_cardboard203.jpg,vn_trash,Carton,cardboard,DUP_GROUP_0380,exact_md5_duplicate,D:\HK7\Đồ án khóa luận\Data\raw\garbage_v2\cardboard\cardboard_405.jpg
D:\HK7\Đồ án khóa luận\Data\raw\vn_trash\Carton\train_cardboard839.jpg,vn_trash,Carton,cardboard,DUP_GROUP_0381,exact_md5_duplicate,D:\HK7\Đồ án khóa luận\Data\raw\garbage_v2\cardboard\cardboard_407.jpg
D:\HK7\Đồ án khóa luận\Data\raw\vn_trash\Carton\train_cardboard296.jpg,vn_trash,Carton,cardboard,DUP_GROUP_0382,exact_md5_duplicate,D:\HK7\Đồ án khóa luận\Data\raw\garbage_v2\cardboard\cardboard_41.jpg
D:\HK7\Đồ án khóa luận\Data\raw\vn_trash\Carton\train_cardboard121.jpg,vn_trash,Carton,cardboard,DUP_GROUP_0383,exact_md5_duplicate,D:\HK7\Đồ án khóa luận\Data\raw\garbage_v2\cardboard\cardboard_410.jpg
D:\HK7\Đồ án khóa luận\Data\raw\vn_trash\Carton\train_cardboard144.jpg,vn_trash,Carton,cardboard,DUP_GROUP_0384,exact_md5_duplicate,D:\HK7\Đồ án khóa luận\Data\raw\garbage_v2\cardboard\cardboard_413.jpg
D:\HK7\Đồ án khóa luận\Data\raw\vn_trash\Carton\train_cardboard303.jpg,vn_trash,Carton,cardboard,DUP_GROUP_0385,exact_md5_duplicate,D:\HK7\Đồ án khóa luận\Data\raw\garbage_v2\cardboard\cardboard_417.jpg
D:\HK7\Đồ án khóa luận\Data\raw\vn_trash\Carton\train_cardboard444.jpg,vn_trash,Carton,cardboard,DUP_GROUP_0386,exact_md5_duplicate,D:\HK7\Đồ án khóa luận\Data\raw\garbage_v2\cardboard\cardboard_418.jpg
D:\HK7\Đồ án khóa luận\Data\raw\vn_trash\Carton\train_cardboard610.jpg,vn_trash,Carton,cardboard,DUP_GROUP_0387,exact_md5_duplicate,D:\HK7\Đồ án khóa luận\Data\raw\garbage_v2\cardboard\cardboard_419.jpg
D:\HK7\Đồ án khóa luận\Data\raw\vn_trash\Carton\train_cardboard81.jpg,vn_trash,Carton,cardboard,DUP_GROUP_0388,exact_md5_duplicate,D:\HK7\Đồ án khóa luận\Data\raw\garbage_v2\cardboard\cardboard_424.jpg
D:\HK7\Đồ án khóa luận\Data\raw\vn_trash\Carton\train_cardboard685.jpg,vn_trash,Carton,cardboard,DUP_GROUP_0389,exact_md5_duplicate,D:\HK7\Đồ án khóa luận\Data\raw\garbage_v2\cardboard\cardboard_426.jpg
D:\HK7\Đồ án khóa luận\Data\raw\vn_trash\Carton\train_cardboard 48.jpg,vn_trash,Carton,cardboard,DUP_GROUP_0390,exact_md5_duplicate,D:\HK7\Đồ án khóa luận\Data\raw\garbage_v2\cardboard\cardboard_429.jpg
D:\HK7\Đồ án khóa luận\Data\raw\vn_trash\Carton\train_cardboard356.jpg,vn_trash,Carton,cardboard,DUP_GROUP_0390,exact_md5_duplicate,D:\HK7\Đồ án khóa luận\Data\raw\garbage_v2\cardboard\cardboard_429.jpg
D:\HK7\Đồ án khóa luận\Data\raw\vn_trash\Carton\train_cardboard 2380.jpg,vn_trash,Carton,cardboard,DUP_GROUP_0391,exact_md5_duplicate,D:\HK7\Đồ án khóa luận\Data\raw\garbage_v2\cardboard\cardboard_431.jpg
D:\HK7\Đồ án khóa luận\Data\raw\vn_trash\Carton\train_cardboard339.jpg,vn_trash,Carton,cardboard,DUP_GROUP_0391,exact_md5_duplicate,D:\HK7\Đồ án khóa luận\Data\raw\garbage_v2\cardboard\cardboard_431.jpg
D:\HK7\Đồ án khóa luận\Data\raw\vn_trash\Carton\train_cardboard184.jpg,vn_trash,Carton,cardboard,DUP_GROUP_0392,exact_md5_duplicate,D:\HK7\Đồ án khóa luận\Data\raw\garbage_v2\cardboard\cardboard_434.jpg
D:\HK7\Đồ án khóa luận\Data\raw\vn_trash\Carton\train_cardboard866.jpg,vn_trash,Carton,cardboard,DUP_GROUP_0393,exact_md5_duplicate,D:\HK7\Đồ án khóa luận\Data\raw\garbage_v2\cardboard\cardboard_435.jpg
D:\HK7\Đồ án khóa luận\Data\raw\vn_trash\Carton\train_cardboard234.jpg,vn_trash,Carton,cardboard,DUP_GROUP_0394,exact_md5_duplicate,D:\HK7\Đồ án khóa luận\Data\raw\garbage_v2\cardboard\cardboard_436.jpg
D:\HK7\Đồ án khóa luận\Data\raw\vn_trash\Carton\train_cardboard656.jpg,vn_trash,Carton,cardboard,DUP_GROUP_0395,exact_md5_duplicate,D:\HK7\Đồ án khóa luận\Data\raw\garbage_v2\cardboard\cardboard_439.jpg
D:\HK7\Đồ án khóa luận\Data\raw\vn_trash\Carton\train_cardboard89.jpg,vn_trash,Carton,cardboard,DUP_GROUP_0396,exact_md5_duplicate,D:\HK7\Đồ án khóa luận\Data\raw\garbage_v2\cardboard\cardboard_44.jpg
D:\HK7\Đồ án khóa luận\Data\raw\vn_trash\Carton\train_cardboard194.jpg,vn_trash,Carton,cardboard,DUP_GROUP_0397,exact_md5_duplicate,D:\HK7\Đồ án khóa luận\Data\raw\garbage_v2\cardboard\cardboard_440.jpg
D:\HK7\Đồ án khóa luận\Data\raw\vn_trash\Carton\train_cardboard493.jpg,vn_trash,Carton,cardboard,DUP_GROUP_0398,exact_md5_duplicate,D:\HK7\Đồ án khóa luận\Data\raw\garbage_v2\cardboard\cardboard_441.jpg
D:\HK7\Đồ án khóa luận\Data\raw\vn_trash\Carton\train_cardboard872.jpg,vn_trash,Carton,cardboard,DUP_GROUP_0399,exact_md5_duplicate,D:\HK7\Đồ án khóa luận\Data\raw\garbage_v2\cardboard\cardboard_442.jpg
D:\HK7\Đồ án khóa luận\Data\raw\vn_trash\Carton\train_cardboard497.jpg,vn_trash,Carton,cardboard,DUP_GROUP_0400,exact_md5_duplicate,D:\HK7\Đồ án khóa luận\Data\raw\garbage_v2\cardboard\cardboard_444.jpg
D:\HK7\Đồ án khóa luận\Data\raw\vn_trash\Carton\train_cardboard199.jpg,vn_trash,Carton,cardboard,DUP_GROUP_0401,exact_md5_duplicate,D:\HK7\Đồ án khóa luận\Data\raw\garbage_v2\cardboard\cardboard_446.jpg
D:\HK7\Đồ án khóa luận\Data\raw\vn_trash\Carton\train_cardboard713.jpg,vn_trash,Carton,cardboard,DUP_GROUP_0402,exact_md5_duplicate,D:\HK7\Đồ án khóa luận\Data\raw\garbage_v2\cardboard\cardboard_447.jpg
D:\HK7\Đồ án khóa luận\Data\raw\vn_trash\Carton\train_cardboard549.jpg,vn_trash,Carton,cardboard,DUP_GROUP_0403,exact_md5_duplicate,D:\HK7\Đồ án khóa luận\Data\raw\garbage_v2\cardboard\cardboard_448.jpg
D:\HK7\Đồ án khóa luận\Data\raw\vn_trash\Carton\train_cardboard286.jpg,vn_trash,Carton,cardboard,DUP_GROUP_0404,exact_md5_duplicate,D:\HK7\Đồ án khóa luận\Data\raw\garbage_v2\cardboard\cardboard_449.jpg
D:\HK7\Đồ án khóa luận\Data\raw\vn_trash\Carton\train_cardboard827.jpg,vn_trash,Carton,cardboard,DUP_GROUP_0405,exact_md5_duplicate,D:\HK7\Đồ án khóa luận\Data\raw\garbage_v2\cardboard\cardboard_450.jpg
D:\HK7\Đồ án khóa luận\Data\raw\vn_trash\Carton\train_cardboard191.jpg,vn_trash,Carton,cardboard,DUP_GROUP_0406,exact_md5_duplicate,D:\HK7\Đồ án khóa luận\Data\raw\garbage_v2\cardboard\cardboard_452.jpg
D:\HK7\Đồ án khóa luận\Data\raw\vn_trash\Carton\train_cardboard462.jpg,vn_trash,Carton,cardboard,DUP_GROUP_0407,exact_md5_duplicate,D:\HK7\Đồ án khóa luận\Data\raw\garbage_v2\cardboard\cardboard_453.jpg
D:\HK7\Đồ án khóa luận\Data\raw\vn_trash\Carton\train_cardboard449.jpg,vn_trash,Carton,cardboard,DUP_GROUP_0408,exact_md5_duplicate,D:\HK7\Đồ án khóa luận\Data\raw\garbage_v2\cardboard\cardboard_454.jpg
D:\HK7\Đồ án khóa luận\Data\raw\vn_trash\Carton\train_cardboard425.jpg,vn_trash,Carton,cardboard,DUP_GROUP_0409,exact_md5_duplicate,D:\HK7\Đồ án khóa luận\Data\raw\garbage_v2\cardboard\cardboard_456.jpg
D:\HK7\Đồ án khóa luận\Data\raw\vn_trash\Carton\train_cardboard631.jpg,vn_trash,Carton,cardboard,DUP_GROUP_0410,exact_md5_duplicate,D:\HK7\Đồ án khóa luận\Data\raw\garbage_v2\cardboard\cardboard_457.jpg
D:\HK7\Đồ án khóa luận\Data\raw\vn_trash\Carton\train_cardboard287.jpg,vn_trash,Carton,cardboard,DUP_GROUP_0411,exact_md5_duplicate,D:\HK7\Đồ án khóa luận\Data\raw\garbage_v2\cardboard\cardboard_458.jpg
D:\HK7\Đồ án khóa luận\Data\raw\vn_trash\Carton\train_cardboard260.jpg,vn_trash,Carton,cardboard,DUP_GROUP_0412,exact_md5_duplicate,D:\HK7\Đồ án khóa luận\Data\raw\garbage_v2\cardboard\cardboard_459.jpg
D:\HK7\Đồ án khóa luận\Data\raw\vn_trash\Carton\train_cardboard61.jpg,vn_trash,Carton,cardboard,DUP_GROUP_0413,exact_md5_duplicate,D:\HK7\Đồ án khóa luận\Data\raw\garbage_v2\cardboard\cardboard_465.jpg
D:\HK7\Đồ án khóa luận\Data\raw\vn_trash\Carton\train_cardboard693.jpg,vn_trash,Carton,cardboard,DUP_GROUP_0414,exact_md5_duplicate,D:\HK7\Đồ án khóa luận\Data\raw\garbage_v2\cardboard\cardboard_466.jpg
D:\HK7\Đồ án khóa luận\Data\raw\vn_trash\Carton\train_cardboard833.jpg,vn_trash,Carton,cardboard,DUP_GROUP_0415,exact_md5_duplicate,D:\HK7\Đồ án khóa luận\Data\raw\garbage_v2\cardboard\cardboard_467.jpg
D:\HK7\Đồ án khóa luận\Data\raw\vn_trash\Carton\train_cardboard614.jpg,vn_trash,Carton,cardboard,DUP_GROUP_0416,exact_md5_duplicate,D:\HK7\Đồ án khóa luận\Data\raw\garbage_v2\cardboard\cardboard_470.jpg
D:\HK7\Đồ án khóa luận\Data\raw\vn_trash\Carton\train_cardboard273.jpg,vn_trash,Carton,cardboard,DUP_GROUP_0417,exact_md5_duplicate,D:\HK7\Đồ án khóa luận\Data\raw\garbage_v2\cardboard\cardboard_471.jpg
D:\HK7\Đồ án khóa luận\Data\raw\vn_trash\Carton\train_cardboard577.jpg,vn_trash,Carton,cardboard,DUP_GROUP_0418,exact_md5_duplicate,D:\HK7\Đồ án khóa luận\Data\raw\garbage_v2\cardboard\cardboard_472.jpg
D:\HK7\Đồ án khóa luận\Data\raw\vn_trash\Carton\train_cardboard551.jpg,vn_trash,Carton,cardboard,DUP_GROUP_0419,exact_md5_duplicate,D:\HK7\Đồ án khóa luận\Data\raw\garbage_v2\cardboard\cardboard_475.jpg
D:\HK7\Đồ án khóa luận\Data\raw\vn_trash\Carton\train_cardboard558.jpg,vn_trash,Carton,cardboard,DUP_GROUP_0420,exact_md5_duplicate,D:\HK7\Đồ án khóa luận\Data\raw\garbage_v2\cardboard\cardboard_477.jpg
D:\HK7\Đồ án khóa luận\Data\raw\vn_trash\Carton\train_cardboard285.jpg,vn_trash,Carton,cardboard,DUP_GROUP_0421,exact_md5_duplicate,D:\HK7\Đồ án khóa luận\Data\raw\garbage_v2\cardboard\cardboard_478.jpg
D:\HK7\Đồ án khóa luận\Data\raw\vn_trash\Carton\train_cardboard413.jpg,vn_trash,Carton,cardboard,DUP_GROUP_0422,exact_md5_duplicate,D:\HK7\Đồ án khóa luận\Data\raw\garbage_v2\cardboard\cardboard_479.jpg
D:\HK7\Đồ án khóa luận\Data\raw\vn_trash\Carton\train_cardboard251.jpg,vn_trash,Carton,cardboard,DUP_GROUP_0423,exact_md5_duplicate,D:\HK7\Đồ án khóa luận\Data\raw\garbage_v2\cardboard\cardboard_48.jpg
D:\HK7\Đồ án khóa luận\Data\raw\vn_trash\Carton\train_cardboard406.jpg,vn_trash,Carton,cardboard,DUP_GROUP_0424,exact_md5_duplicate,D:\HK7\Đồ án khóa luận\Data\raw\garbage_v2\cardboard\cardboard_480.jpg
D:\HK7\Đồ án khóa luận\Data\raw\vn_trash\Carton\train_cardboard216.jpg,vn_trash,Carton,cardboard,DUP_GROUP_0425,exact_md5_duplicate,D:\HK7\Đồ án khóa luận\Data\raw\garbage_v2\cardboard\cardboard_482.jpg
D:\HK7\Đồ án khóa luận\Data\raw\vn_trash\Carton\train_cardboard470.jpg,vn_trash,Carton,cardboard,DUP_GROUP_0426,exact_md5_duplicate,D:\HK7\Đồ án khóa luận\Data\raw\garbage_v2\cardboard\cardboard_483.jpg
D:\HK7\Đồ án khóa luận\Data\raw\vn_trash\Carton\test_cardboard 2031.jpg,vn_trash,Carton,cardboard,DUP_GROUP_0427,exact_md5_duplicate,D:\HK7\Đồ án khóa luận\Data\raw\garbage_v2\cardboard\cardboard_485.jpg
D:\HK7\Đồ án khóa luận\Data\raw\vn_trash\Carton\train_cardboard14.jpg,vn_trash,Carton,cardboard,DUP_GROUP_0427,exact_md5_duplicate,D:\HK7\Đồ án khóa luận\Data\raw\garbage_v2\cardboard\cardboard_485.jpg
D:\HK7\Đồ án khóa luận\Data\raw\vn_trash\Carton\train_cardboard163.jpg,vn_trash,Carton,cardboard,DUP_GROUP_0428,exact_md5_duplicate,D:\HK7\Đồ án khóa luận\Data\raw\garbage_v2\cardboard\cardboard_486.jpg
D:\HK7\Đồ án khóa luận\Data\raw\vn_trash\Carton\train_cardboard597.jpg,vn_trash,Carton,cardboard,DUP_GROUP_0429,exact_md5_duplicate,D:\HK7\Đồ án khóa luận\Data\raw\garbage_v2\cardboard\cardboard_487.jpg
D:\HK7\Đồ án khóa luận\Data\raw\vn_trash\Carton\train_cardboard514.jpg,vn_trash,Carton,cardboard,DUP_GROUP_0430,exact_md5_duplicate,D:\HK7\Đồ án khóa luận\Data\raw\garbage_v2\cardboard\cardboard_488.jpg
D:\HK7\Đồ án khóa luận\Data\raw\vn_trash\Carton\train_cardboard448.jpg,vn_trash,Carton,cardboard,DUP_GROUP_0431,exact_md5_duplicate,D:\HK7\Đồ án khóa luận\Data\raw\garbage_v2\cardboard\cardboard_489.jpg
D:\HK7\Đồ án khóa luận\Data\raw\vn_trash\Carton\train_cardboard270.jpg,vn_trash,Carton,cardboard,DUP_GROUP_0432,exact_md5_duplicate,D:\HK7\Đồ án khóa luận\Data\raw\garbage_v2\cardboard\cardboard_493.jpg
D:\HK7\Đồ án khóa luận\Data\raw\vn_trash\Carton\train_cardboard238.jpg,vn_trash,Carton,cardboard,DUP_GROUP_0433,exact_md5_duplicate,D:\HK7\Đồ án khóa luận\Data\raw\garbage_v2\cardboard\cardboard_494.jpg
D:\HK7\Đồ án khóa luận\Data\raw\vn_trash\Carton\train_cardboard618.jpg,vn_trash,Carton,cardboard,DUP_GROUP_0434,exact_md5_duplicate,D:\HK7\Đồ án khóa luận\Data\raw\garbage_v2\cardboard\cardboard_496.jpg
D:\HK7\Đồ án khóa luận\Data\raw\vn_trash\Carton\train_cardboard105.jpg,vn_trash,Carton,cardboard,DUP_GROUP_0435,exact_md5_duplicate,D:\HK7\Đồ án khóa luận\Data\raw\garbage_v2\cardboard\cardboard_497.jpg
D:\HK7\Đồ án khóa luận\Data\raw\vn_trash\Carton\train_cardboard570.jpg,vn_trash,Carton,cardboard,DUP_GROUP_0436,exact_md5_duplicate,D:\HK7\Đồ án khóa luận\Data\raw\garbage_v2\cardboard\cardboard_498.jpg
D:\HK7\Đồ án khóa luận\Data\raw\vn_trash\Carton\train_cardboard445.jpg,vn_trash,Carton,cardboard,DUP_GROUP_0437,exact_md5_duplicate,D:\HK7\Đồ án khóa luận\Data\raw\garbage_v2\cardboard\cardboard_499.jpg
D:\HK7\Đồ án khóa luận\Data\raw\vn_trash\Carton\test_cardboard 1995.jpg,vn_trash,Carton,cardboard,DUP_GROUP_0438,exact_md5_duplicate,D:\HK7\Đồ án khóa luận\Data\raw\garbage_v2\cardboard\cardboard_5.jpg
D:\HK7\Đồ án khóa luận\Data\raw\vn_trash\Carton\train_cardboard771.jpg,vn_trash,Carton,cardboard,DUP_GROUP_0438,exact_md5_duplicate,D:\HK7\Đồ án khóa luận\Data\raw\garbage_v2\cardboard\cardboard_5.jpg
D:\HK7\Đồ án khóa luận\Data\raw\vn_trash\Carton\train_cardboard73.jpg,vn_trash,Carton,cardboard,DUP_GROUP_0439,exact_md5_duplicate,D:\HK7\Đồ án khóa luận\Data\raw\garbage_v2\cardboard\cardboard_500.jpg
D:\HK7\Đồ án khóa luận\Data\raw\vn_trash\Carton\train_cardboard281.jpg,vn_trash,Carton,cardboard,DUP_GROUP_0440,exact_md5_duplicate,D:\HK7\Đồ án khóa luận\Data\raw\garbage_v2\cardboard\cardboard_503.jpg
D:\HK7\Đồ án khóa luận\Data\raw\vn_trash\Carton\train_cardboard746.jpg,vn_trash,Carton,cardboard,DUP_GROUP_0441,exact_md5_duplicate,D:\HK7\Đồ án khóa luận\Data\raw\garbage_v2\cardboard\cardboard_504.jpg
D:\HK7\Đồ án khóa luận\Data\raw\vn_trash\Carton\train_cardboard657.jpg,vn_trash,Carton,cardboard,DUP_GROUP_0442,exact_md5_duplicate,D:\HK7\Đồ án khóa luận\Data\raw\garbage_v2\cardboard\cardboard_508.jpg
D:\HK7\Đồ án khóa luận\Data\raw\vn_trash\Carton\train_cardboard310.jpg,vn_trash,Carton,cardboard,DUP_GROUP_0443,exact_md5_duplicate,D:\HK7\Đồ án khóa luận\Data\raw\garbage_v2\cardboard\cardboard_51.jpg
D:\HK7\Đồ án khóa luận\Data\raw\vn_trash\Carton\train_cardboard249.jpg,vn_trash,Carton,cardboard,DUP_GROUP_0444,exact_md5_duplicate,D:\HK7\Đồ án khóa luận\Data\raw\garbage_v2\cardboard\cardboard_510.jpg
D:\HK7\Đồ án khóa luận\Data\raw\vn_trash\Carton\train_cardboard775.jpg,vn_trash,Carton,cardboard,DUP_GROUP_0445,exact_md5_duplicate,D:\HK7\Đồ án khóa luận\Data\raw\garbage_v2\cardboard\cardboard_512.jpg
D:\HK7\Đồ án khóa luận\Data\raw\vn_trash\Carton\train_cardboard335.jpg,vn_trash,Carton,cardboard,DUP_GROUP_0446,exact_md5_duplicate,D:\HK7\Đồ án khóa luận\Data\raw\garbage_v2\cardboard\cardboard_515.jpg
D:\HK7\Đồ án khóa luận\Data\raw\vn_trash\Carton\train_cardboard456.jpg,vn_trash,Carton,cardboard,DUP_GROUP_0447,exact_md5_duplicate,D:\HK7\Đồ án khóa luận\Data\raw\garbage_v2\cardboard\cardboard_518.jpg
D:\HK7\Đồ án khóa luận\Data\raw\vn_trash\Carton\test_cardboard 2040.jpg,vn_trash,Carton,cardboard,DUP_GROUP_0448,exact_md5_duplicate,D:\HK7\Đồ án khóa luận\Data\raw\garbage_v2\cardboard\cardboard_52.jpg
D:\HK7\Đồ án khóa luận\Data\raw\vn_trash\Carton\train_cardboard21.jpg,vn_trash,Carton,cardboard,DUP_GROUP_0448,exact_md5_duplicate,D:\HK7\Đồ án khóa luận\Data\raw\garbage_v2\cardboard\cardboard_52.jpg
D:\HK7\Đồ án khóa luận\Data\raw\vn_trash\Carton\train_cardboard 2363.jpg,vn_trash,Carton,cardboard,DUP_GROUP_0449,exact_md5_duplicate,D:\HK7\Đồ án khóa luận\Data\raw\garbage_v2\cardboard\cardboard_522.jpg
D:\HK7\Đồ án khóa luận\Data\raw\vn_trash\Carton\train_cardboard321.jpg,vn_trash,Carton,cardboard,DUP_GROUP_0449,exact_md5_duplicate,D:\HK7\Đồ án khóa luận\Data\raw\garbage_v2\cardboard\cardboard_522.jpg
D:\HK7\Đồ án khóa luận\Data\raw\vn_trash\Carton\train_cardboard662.jpg,vn_trash,Carton,cardboard,DUP_GROUP_0450,exact_md5_duplicate,D:\HK7\Đồ án khóa luận\Data\raw\garbage_v2\cardboard\cardboard_523.jpg
D:\HK7\Đồ án khóa luận\Data\raw\vn_trash\Carton\train_cardboard314.jpg,vn_trash,Carton,cardboard,DUP_GROUP_0451,exact_md5_duplicate,D:\HK7\Đồ án khóa luận\Data\raw\garbage_v2\cardboard\cardboard_525.jpg
D:\HK7\Đồ án khóa luận\Data\raw\vn_trash\Carton\train_cardboard829.jpg,vn_trash,Carton,cardboard,DUP_GROUP_0452,exact_md5_duplicate,D:\HK7\Đồ án khóa luận\Data\raw\garbage_v2\cardboard\cardboard_529.jpg
D:\HK7\Đồ án khóa luận\Data\raw\vn_trash\Carton\train_cardboard57.jpg,vn_trash,Carton,cardboard,DUP_GROUP_0453,exact_md5_duplicate,D:\HK7\Đồ án khóa luận\Data\raw\garbage_v2\cardboard\cardboard_532.jpg
D:\HK7\Đồ án khóa luận\Data\raw\vn_trash\Carton\test_cardboard 2073.jpg,vn_trash,Carton,cardboard,DUP_GROUP_0454,exact_md5_duplicate,D:\HK7\Đồ án khóa luận\Data\raw\garbage_v2\cardboard\cardboard_533.jpg
D:\HK7\Đồ án khóa luận\Data\raw\vn_trash\Carton\train_cardboard52.jpg,vn_trash,Carton,cardboard,DUP_GROUP_0454,exact_md5_duplicate,D:\HK7\Đồ án khóa luận\Data\raw\garbage_v2\cardboard\cardboard_533.jpg
D:\HK7\Đồ án khóa luận\Data\raw\vn_trash\Carton\train_cardboard576.jpg,vn_trash,Carton,cardboard,DUP_GROUP_0455,exact_md5_duplicate,D:\HK7\Đồ án khóa luận\Data\raw\garbage_v2\cardboard\cardboard_537.jpg
D:\HK7\Đồ án khóa luận\Data\raw\vn_trash\Carton\test_cardboard 2051.jpg,vn_trash,Carton,cardboard,DUP_GROUP_0456,exact_md5_duplicate,D:\HK7\Đồ án khóa luận\Data\raw\garbage_v2\cardboard\cardboard_538.jpg
D:\HK7\Đồ án khóa luận\Data\raw\vn_trash\Carton\train_cardboard31.jpg,vn_trash,Carton,cardboard,DUP_GROUP_0456,exact_md5_duplicate,D:\HK7\Đồ án khóa luận\Data\raw\garbage_v2\cardboard\cardboard_538.jpg
D:\HK7\Đồ án khóa luận\Data\raw\vn_trash\Carton\train_cardboard814.jpg,vn_trash,Carton,cardboard,DUP_GROUP_0457,exact_md5_duplicate,D:\HK7\Đồ án khóa luận\Data\raw\garbage_v2\cardboard\cardboard_540.jpg
D:\HK7\Đồ án khóa luận\Data\raw\vn_trash\Carton\train_cardboard212.jpg,vn_trash,Carton,cardboard,DUP_GROUP_0458,exact_md5_duplicate,D:\HK7\Đồ án khóa luận\Data\raw\garbage_v2\cardboard\cardboard_551.jpg
D:\HK7\Đồ án khóa luận\Data\raw\vn_trash\Carton\train_cardboard440.jpg,vn_trash,Carton,cardboard,DUP_GROUP_0459,exact_md5_duplicate,D:\HK7\Đồ án khóa luận\Data\raw\garbage_v2\cardboard\cardboard_558.jpg
D:\HK7\Đồ án khóa luận\Data\raw\vn_trash\Carton\train_cardboard756.jpg,vn_trash,Carton,cardboard,DUP_GROUP_0460,exact_md5_duplicate,D:\HK7\Đồ án khóa luận\Data\raw\garbage_v2\cardboard\cardboard_559.jpg
D:\HK7\Đồ án khóa luận\Data\raw\vn_trash\Carton\train_cardboard223.jpg,vn_trash,Carton,cardboard,DUP_GROUP_0461,exact_md5_duplicate,D:\HK7\Đồ án khóa luận\Data\raw\garbage_v2\cardboard\cardboard_56.jpg
D:\HK7\Đồ án khóa luận\Data\raw\vn_trash\Carton\train_cardboard619.jpg,vn_trash,Carton,cardboard,DUP_GROUP_0462,exact_md5_duplicate,D:\HK7\Đồ án khóa luận\Data\raw\garbage_v2\cardboard\cardboard_561.jpg
D:\HK7\Đồ án khóa luận\Data\raw\vn_trash\Carton\train_cardboard173.jpg,vn_trash,Carton,cardboard,DUP_GROUP_0463,exact_md5_duplicate,D:\HK7\Đồ án khóa luận\Data\raw\garbage_v2\cardboard\cardboard_564.jpg
D:\HK7\Đồ án khóa luận\Data\raw\vn_trash\Carton\train_cardboard 429.jpg,vn_trash,Carton,cardboard,DUP_GROUP_0464,near_phash_duplicate,D:\HK7\Đồ án khóa luận\Data\raw\garbage_v2\cardboard\cardboard_565.jpg
D:\HK7\Đồ án khóa luận\Data\raw\vn_trash\Carton\train_cardboard475.jpg,vn_trash,Carton,cardboard,DUP_GROUP_0464,exact_md5_duplicate,D:\HK7\Đồ án khóa luận\Data\raw\garbage_v2\cardboard\cardboard_565.jpg
D:\HK7\Đồ án khóa luận\Data\raw\vn_trash\Carton\train_cardboard739.jpg,vn_trash,Carton,cardboard,DUP_GROUP_0465,exact_md5_duplicate,D:\HK7\Đồ án khóa luận\Data\raw\garbage_v2\cardboard\cardboard_566.jpg
D:\HK7\Đồ án khóa luận\Data\raw\vn_trash\Carton\train_cardboard274.jpg,vn_trash,Carton,cardboard,DUP_GROUP_0466,exact_md5_duplicate,D:\HK7\Đồ án khóa luận\Data\raw\garbage_v2\cardboard\cardboard_567.jpg
D:\HK7\Đồ án khóa luận\Data\raw\vn_trash\Carton\train_cardboard828.jpg,vn_trash,Carton,cardboard,DUP_GROUP_0467,exact_md5_duplicate,D:\HK7\Đồ án khóa luận\Data\raw\garbage_v2\cardboard\cardboard_570.jpg
D:\HK7\Đồ án khóa luận\Data\raw\vn_trash\Carton\train_cardboard527.jpg,vn_trash,Carton,cardboard,DUP_GROUP_0468,exact_md5_duplicate,D:\HK7\Đồ án khóa luận\Data\raw\garbage_v2\cardboard\cardboard_571.jpg
D:\HK7\Đồ án khóa luận\Data\raw\vn_trash\Carton\train_cardboard650.jpg,vn_trash,Carton,cardboard,DUP_GROUP_0468,near_phash_duplicate,D:\HK7\Đồ án khóa luận\Data\raw\garbage_v2\cardboard\cardboard_571.jpg
D:\HK7\Đồ án khóa luận\Data\raw\vn_trash\Carton\test_cardboard 2009.jpg,vn_trash,Carton,cardboard,DUP_GROUP_0469,exact_md5_duplicate,D:\HK7\Đồ án khóa luận\Data\raw\garbage_v2\cardboard\cardboard_572.jpg
D:\HK7\Đồ án khóa luận\Data\raw\vn_trash\Carton\train_cardboard884.jpg,vn_trash,Carton,cardboard,DUP_GROUP_0469,exact_md5_duplicate,D:\HK7\Đồ án khóa luận\Data\raw\garbage_v2\cardboard\cardboard_572.jpg
D:\HK7\Đồ án khóa luận\Data\raw\vn_trash\Carton\train_cardboard407.jpg,vn_trash,Carton,cardboard,DUP_GROUP_0470,exact_md5_duplicate,D:\HK7\Đồ án khóa luận\Data\raw\garbage_v2\cardboard\cardboard_575.jpg
D:\HK7\Đồ án khóa luận\Data\raw\vn_trash\Carton\train_cardboard745.jpg,vn_trash,Carton,cardboard,DUP_GROUP_0471,exact_md5_duplicate,D:\HK7\Đồ án khóa luận\Data\raw\garbage_v2\cardboard\cardboard_578.jpg
D:\HK7\Đồ án khóa luận\Data\raw\vn_trash\Carton\train_cardboard588.jpg,vn_trash,Carton,cardboard,DUP_GROUP_0472,exact_md5_duplicate,D:\HK7\Đồ án khóa luận\Data\raw\garbage_v2\cardboard\cardboard_579.jpg
D:\HK7\Đồ án khóa luận\Data\raw\vn_trash\Carton\train_cardboard305.jpg,vn_trash,Carton,cardboard,DUP_GROUP_0473,exact_md5_duplicate,D:\HK7\Đồ án khóa luận\Data\raw\garbage_v2\cardboard\cardboard_58.jpg
D:\HK7\Đồ án khóa luận\Data\raw\vn_trash\Carton\train_cardboard504.jpg,vn_trash,Carton,cardboard,DUP_GROUP_0474,exact_md5_duplicate,D:\HK7\Đồ án khóa luận\Data\raw\garbage_v2\cardboard\cardboard_581.jpg
D:\HK7\Đồ án khóa luận\Data\raw\vn_trash\Carton\train_cardboard437.jpg,vn_trash,Carton,cardboard,DUP_GROUP_0475,exact_md5_duplicate,D:\HK7\Đồ án khóa luận\Data\raw\garbage_v2\cardboard\cardboard_583.jpg
D:\HK7\Đồ án khóa luận\Data\raw\vn_trash\Carton\test_cardboard 2024.jpg,vn_trash,Carton,cardboard,DUP_GROUP_0476,exact_md5_duplicate,D:\HK7\Đồ án khóa luận\Data\raw\garbage_v2\cardboard\cardboard_585.jpg
D:\HK7\Đồ án khóa luận\Data\raw\vn_trash\Carton\train_cardboard8.jpg,vn_trash,Carton,cardboard,DUP_GROUP_0476,exact_md5_duplicate,D:\HK7\Đồ án khóa luận\Data\raw\garbage_v2\cardboard\cardboard_585.jpg
D:\HK7\Đồ án khóa luận\Data\raw\vn_trash\Carton\train_cardboard429.jpg,vn_trash,Carton,cardboard,DUP_GROUP_0477,exact_md5_duplicate,D:\HK7\Đồ án khóa luận\Data\raw\garbage_v2\cardboard\cardboard_586.jpg
D:\HK7\Đồ án khóa luận\Data\raw\vn_trash\Carton\test_cardboard 1998.jpg,vn_trash,Carton,cardboard,DUP_GROUP_0478,exact_md5_duplicate,D:\HK7\Đồ án khóa luận\Data\raw\garbage_v2\cardboard\cardboard_587.jpg
D:\HK7\Đồ án khóa luận\Data\raw\vn_trash\Carton\train_cardboard804.jpg,vn_trash,Carton,cardboard,DUP_GROUP_0478,exact_md5_duplicate,D:\HK7\Đồ án khóa luận\Data\raw\garbage_v2\cardboard\cardboard_587.jpg
D:\HK7\Đồ án khóa luận\Data\raw\vn_trash\Carton\train_cardboard461.jpg,vn_trash,Carton,cardboard,DUP_GROUP_0479,exact_md5_duplicate,D:\HK7\Đồ án khóa luận\Data\raw\garbage_v2\cardboard\cardboard_59.jpg
D:\HK7\Đồ án khóa luận\Data\raw\vn_trash\Carton\test_cardboard 2047.jpg,vn_trash,Carton,cardboard,DUP_GROUP_0480,exact_md5_duplicate,D:\HK7\Đồ án khóa luận\Data\raw\garbage_v2\cardboard\cardboard_590.jpg
D:\HK7\Đồ án khóa luận\Data\raw\vn_trash\Carton\train_cardboard29.jpg,vn_trash,Carton,cardboard,DUP_GROUP_0480,exact_md5_duplicate,D:\HK7\Đồ án khóa luận\Data\raw\garbage_v2\cardboard\cardboard_590.jpg
D:\HK7\Đồ án khóa luận\Data\raw\vn_trash\Carton\train_cardboard244.jpg,vn_trash,Carton,cardboard,DUP_GROUP_0481,exact_md5_duplicate,D:\HK7\Đồ án khóa luận\Data\raw\garbage_v2\cardboard\cardboard_592.jpg
D:\HK7\Đồ án khóa luận\Data\raw\vn_trash\Carton\train_cardboard816.jpg,vn_trash,Carton,cardboard,DUP_GROUP_0482,exact_md5_duplicate,D:\HK7\Đồ án khóa luận\Data\raw\garbage_v2\cardboard\cardboard_594.jpg
D:\HK7\Đồ án khóa luận\Data\raw\vn_trash\Carton\train_cardboard860.jpg,vn_trash,Carton,cardboard,DUP_GROUP_0483,exact_md5_duplicate,D:\HK7\Đồ án khóa luận\Data\raw\garbage_v2\cardboard\cardboard_595.jpg
D:\HK7\Đồ án khóa luận\Data\raw\vn_trash\Carton\train_cardboard846.jpg,vn_trash,Carton,cardboard,DUP_GROUP_0484,exact_md5_duplicate,D:\HK7\Đồ án khóa luận\Data\raw\garbage_v2\cardboard\cardboard_596.jpg
D:\HK7\Đồ án khóa luận\Data\raw\vn_trash\Carton\train_cardboard611.jpg,vn_trash,Carton,cardboard,DUP_GROUP_0485,exact_md5_duplicate,D:\HK7\Đồ án khóa luận\Data\raw\garbage_v2\cardboard\cardboard_597.jpg
D:\HK7\Đồ án khóa luận\Data\raw\vn_trash\Carton\train_cardboard311.jpg,vn_trash,Carton,cardboard,DUP_GROUP_0486,exact_md5_duplicate,D:\HK7\Đồ án khóa luận\Data\raw\garbage_v2\cardboard\cardboard_602.jpg
D:\HK7\Đồ án khóa luận\Data\raw\vn_trash\Carton\train_cardboard240.jpg,vn_trash,Carton,cardboard,DUP_GROUP_0487,exact_md5_duplicate,D:\HK7\Đồ án khóa luận\Data\raw\garbage_v2\cardboard\cardboard_604.jpg
D:\HK7\Đồ án khóa luận\Data\raw\vn_trash\Carton\train_cardboard123.jpg,vn_trash,Carton,cardboard,DUP_GROUP_0488,exact_md5_duplicate,D:\HK7\Đồ án khóa luận\Data\raw\garbage_v2\cardboard\cardboard_606.jpg
D:\HK7\Đồ án khóa luận\Data\raw\vn_trash\Carton\train_cardboard46.jpg,vn_trash,Carton,cardboard,DUP_GROUP_0489,exact_md5_duplicate,D:\HK7\Đồ án khóa luận\Data\raw\garbage_v2\cardboard\cardboard_607.jpg
D:\HK7\Đồ án khóa luận\Data\raw\vn_trash\Carton\train_cardboard295.jpg,vn_trash,Carton,cardboard,DUP_GROUP_0490,exact_md5_duplicate,D:\HK7\Đồ án khóa luận\Data\raw\garbage_v2\cardboard\cardboard_608.jpg
D:\HK7\Đồ án khóa luận\Data\raw\vn_trash\Carton\train_cardboard103.jpg,vn_trash,Carton,cardboard,DUP_GROUP_0491,exact_md5_duplicate,D:\HK7\Đồ án khóa luận\Data\raw\garbage_v2\cardboard\cardboard_610.jpg
D:\HK7\Đồ án khóa luận\Data\raw\vn_trash\Carton\train_cardboard 2366.jpg,vn_trash,Carton,cardboard,DUP_GROUP_0492,exact_md5_duplicate,D:\HK7\Đồ án khóa luận\Data\raw\garbage_v2\cardboard\cardboard_618.jpg
D:\HK7\Đồ án khóa luận\Data\raw\vn_trash\Carton\train_cardboard325.jpg,vn_trash,Carton,cardboard,DUP_GROUP_0492,exact_md5_duplicate,D:\HK7\Đồ án khóa luận\Data\raw\garbage_v2\cardboard\cardboard_618.jpg
D:\HK7\Đồ án khóa luận\Data\raw\vn_trash\Carton\train_cardboard417.jpg,vn_trash,Carton,cardboard,DUP_GROUP_0493,exact_md5_duplicate,D:\HK7\Đồ án khóa luận\Data\raw\garbage_v2\cardboard\cardboard_62.jpg
D:\HK7\Đồ án khóa luận\Data\raw\vn_trash\Carton\train_cardboard206.jpg,vn_trash,Carton,cardboard,DUP_GROUP_0494,exact_md5_duplicate,D:\HK7\Đồ án khóa luận\Data\raw\garbage_v2\cardboard\cardboard_623.jpg
D:\HK7\Đồ án khóa luận\Data\raw\vn_trash\Carton\train_cardboard304.jpg,vn_trash,Carton,cardboard,DUP_GROUP_0495,exact_md5_duplicate,D:\HK7\Đồ án khóa luận\Data\raw\garbage_v2\cardboard\cardboard_624.jpg
D:\HK7\Đồ án khóa luận\Data\raw\vn_trash\Carton\train_cardboard690.jpg,vn_trash,Carton,cardboard,DUP_GROUP_0496,exact_md5_duplicate,D:\HK7\Đồ án khóa luận\Data\raw\garbage_v2\cardboard\cardboard_626.jpg
D:\HK7\Đồ án khóa luận\Data\raw\vn_trash\Carton\train_cardboard560.jpg,vn_trash,Carton,cardboard,DUP_GROUP_0497,exact_md5_duplicate,D:\HK7\Đồ án khóa luận\Data\raw\garbage_v2\cardboard\cardboard_627.jpg
D:\HK7\Đồ án khóa luận\Data\raw\vn_trash\Carton\train_cardboard170.jpg,vn_trash,Carton,cardboard,DUP_GROUP_0498,exact_md5_duplicate,D:\HK7\Đồ án khóa luận\Data\raw\garbage_v2\cardboard\cardboard_629.jpg
D:\HK7\Đồ án khóa luận\Data\raw\vn_trash\Carton\train_cardboard694.jpg,vn_trash,Carton,cardboard,DUP_GROUP_0499,exact_md5_duplicate,D:\HK7\Đồ án khóa luận\Data\raw\garbage_v2\cardboard\cardboard_63.jpg
D:\HK7\Đồ án khóa luận\Data\raw\vn_trash\Carton\train_cardboard584.jpg,vn_trash,Carton,cardboard,DUP_GROUP_0500,exact_md5_duplicate,D:\HK7\Đồ án khóa luận\Data\raw\garbage_v2\cardboard\cardboard_630.jpg
D:\HK7\Đồ án khóa luận\Data\raw\vn_trash\Carton\train_cardboard2.jpg,vn_trash,Carton,cardboard,DUP_GROUP_0501,exact_md5_duplicate,D:\HK7\Đồ án khóa luận\Data\raw\garbage_v2\cardboard\cardboard_632.jpg
D:\HK7\Đồ án khóa luận\Data\raw\vn_trash\Carton\train_cardboard868.jpg,vn_trash,Carton,cardboard,DUP_GROUP_0502,exact_md5_duplicate,D:\HK7\Đồ án khóa luận\Data\raw\garbage_v2\cardboard\cardboard_633.jpg
D:\HK7\Đồ án khóa luận\Data\raw\vn_trash\Carton\train_cardboard740.jpg,vn_trash,Carton,cardboard,DUP_GROUP_0503,exact_md5_duplicate,D:\HK7\Đồ án khóa luận\Data\raw\garbage_v2\cardboard\cardboard_634.jpg
D:\HK7\Đồ án khóa luận\Data\raw\vn_trash\Carton\test_cardboard 1983.jpg,vn_trash,Carton,cardboard,DUP_GROUP_0504,exact_md5_duplicate,D:\HK7\Đồ án khóa luận\Data\raw\garbage_v2\cardboard\cardboard_636.jpg
D:\HK7\Đồ án khóa luận\Data\raw\vn_trash\Carton\train_cardboard660.jpg,vn_trash,Carton,cardboard,DUP_GROUP_0504,exact_md5_duplicate,D:\HK7\Đồ án khóa luận\Data\raw\garbage_v2\cardboard\cardboard_636.jpg
D:\HK7\Đồ án khóa luận\Data\raw\vn_trash\Carton\train_cardboard639.jpg,vn_trash,Carton,cardboard,DUP_GROUP_0505,exact_md5_duplicate,D:\HK7\Đồ án khóa luận\Data\raw\garbage_v2\cardboard\cardboard_640.jpg
D:\HK7\Đồ án khóa luận\Data\raw\vn_trash\Carton\train_cardboard93.jpg,vn_trash,Carton,cardboard,DUP_GROUP_0506,exact_md5_duplicate,D:\HK7\Đồ án khóa luận\Data\raw\garbage_v2\cardboard\cardboard_643.jpg
D:\HK7\Đồ án khóa luận\Data\raw\vn_trash\Carton\train_cardboard262.jpg,vn_trash,Carton,cardboard,DUP_GROUP_0507,exact_md5_duplicate,D:\HK7\Đồ án khóa luận\Data\raw\garbage_v2\cardboard\cardboard_644.jpg
D:\HK7\Đồ án khóa luận\Data\raw\vn_trash\Carton\train_cardboard548.jpg,vn_trash,Carton,cardboard,DUP_GROUP_0508,exact_md5_duplicate,D:\HK7\Đồ án khóa luận\Data\raw\garbage_v2\cardboard\cardboard_646.jpg
D:\HK7\Đồ án khóa luận\Data\raw\vn_trash\Carton\train_cardboard291.jpg,vn_trash,Carton,cardboard,DUP_GROUP_0509,exact_md5_duplicate,D:\HK7\Đồ án khóa luận\Data\raw\garbage_v2\cardboard\cardboard_647.jpg
D:\HK7\Đồ án khóa luận\Data\raw\vn_trash\Carton\train_cardboard176.jpg,vn_trash,Carton,cardboard,DUP_GROUP_0510,exact_md5_duplicate,D:\HK7\Đồ án khóa luận\Data\raw\garbage_v2\cardboard\cardboard_648.jpg
D:\HK7\Đồ án khóa luận\Data\raw\vn_trash\Carton\test_cardboard 2020.jpg,vn_trash,Carton,cardboard,DUP_GROUP_0511,exact_md5_duplicate,D:\HK7\Đồ án khóa luận\Data\raw\garbage_v2\cardboard\cardboard_649.jpg
D:\HK7\Đồ án khóa luận\Data\raw\vn_trash\Carton\train_cardboard4.jpg,vn_trash,Carton,cardboard,DUP_GROUP_0511,exact_md5_duplicate,D:\HK7\Đồ án khóa luận\Data\raw\garbage_v2\cardboard\cardboard_649.jpg
D:\HK7\Đồ án khóa luận\Data\raw\vn_trash\Carton\train_cardboard659.jpg,vn_trash,Carton,cardboard,DUP_GROUP_0512,exact_md5_duplicate,D:\HK7\Đồ án khóa luận\Data\raw\garbage_v2\cardboard\cardboard_651.jpg
D:\HK7\Đồ án khóa luận\Data\raw\vn_trash\Carton\train_cardboard598.jpg,vn_trash,Carton,cardboard,DUP_GROUP_0513,exact_md5_duplicate,D:\HK7\Đồ án khóa luận\Data\raw\garbage_v2\cardboard\cardboard_653.jpg
D:\HK7\Đồ án khóa luận\Data\raw\vn_trash\Carton\train_cardboard202.jpg,vn_trash,Carton,cardboard,DUP_GROUP_0514,exact_md5_duplicate,D:\HK7\Đồ án khóa luận\Data\raw\garbage_v2\cardboard\cardboard_654.jpg
D:\HK7\Đồ án khóa luận\Data\raw\vn_trash\Carton\train_cardboard887.jpg,vn_trash,Carton,cardboard,DUP_GROUP_0515,exact_md5_duplicate,D:\HK7\Đồ án khóa luận\Data\raw\garbage_v2\cardboard\cardboard_655.jpg
D:\HK7\Đồ án khóa luận\Data\raw\vn_trash\Carton\train_cardboard844.jpg,vn_trash,Carton,cardboard,DUP_GROUP_0516,exact_md5_duplicate,D:\HK7\Đồ án khóa luận\Data\raw\garbage_v2\cardboard\cardboard_656.jpg
D:\HK7\Đồ án khóa luận\Data\raw\vn_trash\Carton\train_cardboard151.jpg,vn_trash,Carton,cardboard,DUP_GROUP_0517,exact_md5_duplicate,D:\HK7\Đồ án khóa luận\Data\raw\garbage_v2\cardboard\cardboard_659.jpg
D:\HK7\Đồ án khóa luận\Data\raw\vn_trash\Carton\train_cardboard557.jpg,vn_trash,Carton,cardboard,DUP_GROUP_0518,exact_md5_duplicate,D:\HK7\Đồ án khóa luận\Data\raw\garbage_v2\cardboard\cardboard_660.jpg
D:\HK7\Đồ án khóa luận\Data\raw\vn_trash\Carton\train_cardboard114.jpg,vn_trash,Carton,cardboard,DUP_GROUP_0519,exact_md5_duplicate,D:\HK7\Đồ án khóa luận\Data\raw\garbage_v2\cardboard\cardboard_665.jpg
D:\HK7\Đồ án khóa luận\Data\raw\vn_trash\Carton\test_cardboard 2058.jpg,vn_trash,Carton,cardboard,DUP_GROUP_0520,exact_md5_duplicate,D:\HK7\Đồ án khóa luận\Data\raw\garbage_v2\cardboard\cardboard_666.jpg
D:\HK7\Đồ án khóa luận\Data\raw\vn_trash\Carton\train_cardboard39.jpg,vn_trash,Carton,cardboard,DUP_GROUP_0520,exact_md5_duplicate,D:\HK7\Đồ án khóa luận\Data\raw\garbage_v2\cardboard\cardboard_666.jpg
D:\HK7\Đồ án khóa luận\Data\raw\vn_trash\Carton\train_cardboard294.jpg,vn_trash,Carton,cardboard,DUP_GROUP_0521,exact_md5_duplicate,D:\HK7\Đồ án khóa luận\Data\raw\garbage_v2\cardboard\cardboard_667.jpg
D:\HK7\Đồ án khóa luận\Data\raw\vn_trash\Carton\test_cardboard 2006.jpg,vn_trash,Carton,cardboard,DUP_GROUP_0522,exact_md5_duplicate,D:\HK7\Đồ án khóa luận\Data\raw\garbage_v2\cardboard\cardboard_668.jpg
D:\HK7\Đồ án khóa luận\Data\raw\vn_trash\Carton\train_cardboard869.jpg,vn_trash,Carton,cardboard,DUP_GROUP_0522,exact_md5_duplicate,D:\HK7\Đồ án khóa luận\Data\raw\garbage_v2\cardboard\cardboard_668.jpg
D:\HK7\Đồ án khóa luận\Data\raw\vn_trash\Carton\train_cardboard331.jpg,vn_trash,Carton,cardboard,DUP_GROUP_0523,exact_md5_duplicate,D:\HK7\Đồ án khóa luận\Data\raw\garbage_v2\cardboard\cardboard_669.jpg
D:\HK7\Đồ án khóa luận\Data\raw\vn_trash\Carton\test_cardboard 2022.jpg,vn_trash,Carton,cardboard,DUP_GROUP_0524,exact_md5_duplicate,D:\HK7\Đồ án khóa luận\Data\raw\garbage_v2\cardboard\cardboard_67.jpg
D:\HK7\Đồ án khóa luận\Data\raw\vn_trash\Carton\train_cardboard6.jpg,vn_trash,Carton,cardboard,DUP_GROUP_0524,exact_md5_duplicate,D:\HK7\Đồ án khóa luận\Data\raw\garbage_v2\cardboard\cardboard_67.jpg
D:\HK7\Đồ án khóa luận\Data\raw\vn_trash\Carton\test_cardboard 1969.jpg,vn_trash,Carton,cardboard,DUP_GROUP_0525,exact_md5_duplicate,D:\HK7\Đồ án khóa luận\Data\raw\garbage_v2\cardboard\cardboard_670.jpg
D:\HK7\Đồ án khóa luận\Data\raw\vn_trash\Carton\train_cardboard552.jpg,vn_trash,Carton,cardboard,DUP_GROUP_0525,exact_md5_duplicate,D:\HK7\Đồ án khóa luận\Data\raw\garbage_v2\cardboard\cardboard_670.jpg
D:\HK7\Đồ án khóa luận\Data\raw\vn_trash\Carton\test_cardboard 1987.jpg,vn_trash,Carton,cardboard,DUP_GROUP_0526,exact_md5_duplicate,D:\HK7\Đồ án khóa luận\Data\raw\garbage_v2\cardboard\cardboard_671.jpg
D:\HK7\Đồ án khóa luận\Data\raw\vn_trash\Carton\train_cardboard704.jpg,vn_trash,Carton,cardboard,DUP_GROUP_0526,exact_md5_duplicate,D:\HK7\Đồ án khóa luận\Data\raw\garbage_v2\cardboard\cardboard_671.jpg
D:\HK7\Đồ án khóa luận\Data\raw\vn_trash\Carton\train_cardboard145.jpg,vn_trash,Carton,cardboard,DUP_GROUP_0527,exact_md5_duplicate,D:\HK7\Đồ án khóa luận\Data\raw\garbage_v2\cardboard\cardboard_675.jpg
D:\HK7\Đồ án khóa luận\Data\raw\vn_trash\Carton\train_cardboard676.jpg,vn_trash,Carton,cardboard,DUP_GROUP_0528,exact_md5_duplicate,D:\HK7\Đồ án khóa luận\Data\raw\garbage_v2\cardboard\cardboard_678.jpg
D:\HK7\Đồ án khóa luận\Data\raw\vn_trash\Carton\train_cardboard 2361.jpg,vn_trash,Carton,cardboard,DUP_GROUP_0529,exact_md5_duplicate,D:\HK7\Đồ án khóa luận\Data\raw\garbage_v2\cardboard\cardboard_679.jpg
D:\HK7\Đồ án khóa luận\Data\raw\vn_trash\Carton\train_cardboard319.jpg,vn_trash,Carton,cardboard,DUP_GROUP_0529,exact_md5_duplicate,D:\HK7\Đồ án khóa luận\Data\raw\garbage_v2\cardboard\cardboard_679.jpg
D:\HK7\Đồ án khóa luận\Data\raw\vn_trash\Carton\train_cardboard486.jpg,vn_trash,Carton,cardboard,DUP_GROUP_0530,exact_md5_duplicate,D:\HK7\Đồ án khóa luận\Data\raw\garbage_v2\cardboard\cardboard_68.jpg
D:\HK7\Đồ án khóa luận\Data\raw\vn_trash\Carton\train_cardboard96.jpg,vn_trash,Carton,cardboard,DUP_GROUP_0531,exact_md5_duplicate,D:\HK7\Đồ án khóa luận\Data\raw\garbage_v2\cardboard\cardboard_682.jpg
D:\HK7\Đồ án khóa luận\Data\raw\vn_trash\Carton\train_cardboard134.jpg,vn_trash,Carton,cardboard,DUP_GROUP_0532,exact_md5_duplicate,D:\HK7\Đồ án khóa luận\Data\raw\garbage_v2\cardboard\cardboard_683.jpg
D:\HK7\Đồ án khóa luận\Data\raw\vn_trash\Carton\train_cardboard230.jpg,vn_trash,Carton,cardboard,DUP_GROUP_0533,exact_md5_duplicate,D:\HK7\Đồ án khóa luận\Data\raw\garbage_v2\cardboard\cardboard_689.jpg
D:\HK7\Đồ án khóa luận\Data\raw\vn_trash\Carton\train_cardboard813.jpg,vn_trash,Carton,cardboard,DUP_GROUP_0534,exact_md5_duplicate,D:\HK7\Đồ án khóa luận\Data\raw\garbage_v2\cardboard\cardboard_69.jpg
D:\HK7\Đồ án khóa luận\Data\raw\vn_trash\Carton\train_cardboard84.jpg,vn_trash,Carton,cardboard,DUP_GROUP_0535,exact_md5_duplicate,D:\HK7\Đồ án khóa luận\Data\raw\garbage_v2\cardboard\cardboard_691.jpg
D:\HK7\Đồ án khóa luận\Data\raw\vn_trash\Carton\train_cardboard204.jpg,vn_trash,Carton,cardboard,DUP_GROUP_0536,exact_md5_duplicate,D:\HK7\Đồ án khóa luận\Data\raw\garbage_v2\cardboard\cardboard_693.jpg
D:\HK7\Đồ án khóa luận\Data\raw\vn_trash\Carton\train_cardboard757.jpg,vn_trash,Carton,cardboard,DUP_GROUP_0537,exact_md5_duplicate,D:\HK7\Đồ án khóa luận\Data\raw\garbage_v2\cardboard\cardboard_694.jpg
D:\HK7\Đồ án khóa luận\Data\raw\vn_trash\Carton\train_cardboard686.jpg,vn_trash,Carton,cardboard,DUP_GROUP_0538,exact_md5_duplicate,D:\HK7\Đồ án khóa luận\Data\raw\garbage_v2\cardboard\cardboard_695.jpg
D:\HK7\Đồ án khóa luận\Data\raw\vn_trash\Carton\train_cardboard154.jpg,vn_trash,Carton,cardboard,DUP_GROUP_0539,exact_md5_duplicate,D:\HK7\Đồ án khóa luận\Data\raw\garbage_v2\cardboard\cardboard_699.jpg
D:\HK7\Đồ án khóa luận\Data\raw\vn_trash\Carton\train_cardboard111.jpg,vn_trash,Carton,cardboard,DUP_GROUP_0540,exact_md5_duplicate,D:\HK7\Đồ án khóa luận\Data\raw\garbage_v2\cardboard\cardboard_7.jpg
D:\HK7\Đồ án khóa luận\Data\raw\vn_trash\Carton\train_cardboard697.jpg,vn_trash,Carton,cardboard,DUP_GROUP_0541,exact_md5_duplicate,D:\HK7\Đồ án khóa luận\Data\raw\garbage_v2\cardboard\cardboard_700.jpg
D:\HK7\Đồ án khóa luận\Data\raw\vn_trash\Carton\train_cardboard432.jpg,vn_trash,Carton,cardboard,DUP_GROUP_0542,exact_md5_duplicate,D:\HK7\Đồ án khóa luận\Data\raw\garbage_v2\cardboard\cardboard_704.jpg
D:\HK7\Đồ án khóa luận\Data\raw\vn_trash\Carton\train_cardboard17.jpg,vn_trash,Carton,cardboard,DUP_GROUP_0543,exact_md5_duplicate,D:\HK7\Đồ án khóa luận\Data\raw\garbage_v2\cardboard\cardboard_705.jpg
D:\HK7\Đồ án khóa luận\Data\raw\vn_trash\Carton\train_cardboard150.jpg,vn_trash,Carton,cardboard,DUP_GROUP_0544,exact_md5_duplicate,D:\HK7\Đồ án khóa luận\Data\raw\garbage_v2\cardboard\cardboard_709.jpg
D:\HK7\Đồ án khóa luận\Data\raw\vn_trash\Carton\train_cardboard719.jpg,vn_trash,Carton,cardboard,DUP_GROUP_0545,exact_md5_duplicate,D:\HK7\Đồ án khóa luận\Data\raw\garbage_v2\cardboard\cardboard_71.jpg
D:\HK7\Đồ án khóa luận\Data\raw\vn_trash\Carton\train_cardboard613.jpg,vn_trash,Carton,cardboard,DUP_GROUP_0546,exact_md5_duplicate,D:\HK7\Đồ án khóa luận\Data\raw\garbage_v2\cardboard\cardboard_712.jpg
D:\HK7\Đồ án khóa luận\Data\raw\vn_trash\Carton\train_cardboard90.jpg,vn_trash,Carton,cardboard,DUP_GROUP_0547,exact_md5_duplicate,D:\HK7\Đồ án khóa luận\Data\raw\garbage_v2\cardboard\cardboard_717.jpg
D:\HK7\Đồ án khóa luận\Data\raw\vn_trash\Carton\test_cardboard 1973.jpg,vn_trash,Carton,cardboard,DUP_GROUP_0548,exact_md5_duplicate,D:\HK7\Đồ án khóa luận\Data\raw\garbage_v2\cardboard\cardboard_72.jpg
D:\HK7\Đồ án khóa luận\Data\raw\vn_trash\Carton\train_cardboard573.jpg,vn_trash,Carton,cardboard,DUP_GROUP_0548,exact_md5_duplicate,D:\HK7\Đồ án khóa luận\Data\raw\garbage_v2\cardboard\cardboard_72.jpg
D:\HK7\Đồ án khóa luận\Data\raw\vn_trash\Carton\test_cardboard 1955.jpg,vn_trash,Carton,cardboard,DUP_GROUP_0549,exact_md5_duplicate,D:\HK7\Đồ án khóa luận\Data\raw\garbage_v2\cardboard\cardboard_720.jpg
D:\HK7\Đồ án khóa luận\Data\raw\vn_trash\Carton\train_cardboard420.jpg,vn_trash,Carton,cardboard,DUP_GROUP_0549,exact_md5_duplicate,D:\HK7\Đồ án khóa luận\Data\raw\garbage_v2\cardboard\cardboard_720.jpg
D:\HK7\Đồ án khóa luận\Data\raw\vn_trash\Carton\train_cardboard477.jpg,vn_trash,Carton,cardboard,DUP_GROUP_0550,exact_md5_duplicate,D:\HK7\Đồ án khóa luận\Data\raw\garbage_v2\cardboard\cardboard_721.jpg
D:\HK7\Đồ án khóa luận\Data\raw\vn_trash\Carton\train_cardboard727.jpg,vn_trash,Carton,cardboard,DUP_GROUP_0551,exact_md5_duplicate,D:\HK7\Đồ án khóa luận\Data\raw\garbage_v2\cardboard\cardboard_722.jpg
D:\HK7\Đồ án khóa luận\Data\raw\vn_trash\Carton\test_cardboard 2065.jpg,vn_trash,Carton,cardboard,DUP_GROUP_0552,exact_md5_duplicate,D:\HK7\Đồ án khóa luận\Data\raw\garbage_v2\cardboard\cardboard_723.jpg
D:\HK7\Đồ án khóa luận\Data\raw\vn_trash\Carton\train_cardboard44.jpg,vn_trash,Carton,cardboard,DUP_GROUP_0552,exact_md5_duplicate,D:\HK7\Đồ án khóa luận\Data\raw\garbage_v2\cardboard\cardboard_723.jpg
D:\HK7\Đồ án khóa luận\Data\raw\vn_trash\Carton\train_cardboard559.jpg,vn_trash,Carton,cardboard,DUP_GROUP_0553,exact_md5_duplicate,D:\HK7\Đồ án khóa luận\Data\raw\garbage_v2\cardboard\cardboard_725.jpg
D:\HK7\Đồ án khóa luận\Data\raw\vn_trash\Carton\train_cardboard517.jpg,vn_trash,Carton,cardboard,DUP_GROUP_0554,exact_md5_duplicate,D:\HK7\Đồ án khóa luận\Data\raw\garbage_v2\cardboard\cardboard_728.jpg
D:\HK7\Đồ án khóa luận\Data\raw\vn_trash\Carton\train_cardboard796.jpg,vn_trash,Carton,cardboard,DUP_GROUP_0555,exact_md5_duplicate,D:\HK7\Đồ án khóa luận\Data\raw\garbage_v2\cardboard\cardboard_73.jpg
D:\HK7\Đồ án khóa luận\Data\raw\vn_trash\Carton\test_cardboard 2014.jpg,vn_trash,Carton,cardboard,DUP_GROUP_0556,exact_md5_duplicate,D:\HK7\Đồ án khóa luận\Data\raw\garbage_v2\cardboard\cardboard_737.jpg
D:\HK7\Đồ án khóa luận\Data\raw\vn_trash\Carton\train_cardboard888.jpg,vn_trash,Carton,cardboard,DUP_GROUP_0556,exact_md5_duplicate,D:\HK7\Đồ án khóa luận\Data\raw\garbage_v2\cardboard\cardboard_737.jpg
D:\HK7\Đồ án khóa luận\Data\raw\vn_trash\Carton\train_cardboard156.jpg,vn_trash,Carton,cardboard,DUP_GROUP_0557,exact_md5_duplicate,D:\HK7\Đồ án khóa luận\Data\raw\garbage_v2\cardboard\cardboard_738.jpg
D:\HK7\Đồ án khóa luận\Data\raw\vn_trash\Carton\train_cardboard434.jpg,vn_trash,Carton,cardboard,DUP_GROUP_0558,exact_md5_duplicate,D:\HK7\Đồ án khóa luận\Data\raw\garbage_v2\cardboard\cardboard_740.jpg
D:\HK7\Đồ án khóa luận\Data\raw\vn_trash\Carton\train_cardboard528.jpg,vn_trash,Carton,cardboard,DUP_GROUP_0559,exact_md5_duplicate,D:\HK7\Đồ án khóa luận\Data\raw\garbage_v2\cardboard\cardboard_741.jpg
D:\HK7\Đồ án khóa luận\Data\raw\vn_trash\Carton\train_cardboard654.jpg,vn_trash,Carton,cardboard,DUP_GROUP_0560,exact_md5_duplicate,D:\HK7\Đồ án khóa luận\Data\raw\garbage_v2\cardboard\cardboard_742.jpg
D:\HK7\Đồ án khóa luận\Data\raw\vn_trash\Carton\train_cardboard168.jpg,vn_trash,Carton,cardboard,DUP_GROUP_0561,exact_md5_duplicate,D:\HK7\Đồ án khóa luận\Data\raw\garbage_v2\cardboard\cardboard_744.jpg
D:\HK7\Đồ án khóa luận\Data\raw\vn_trash\Carton\train_cardboard623.jpg,vn_trash,Carton,cardboard,DUP_GROUP_0562,exact_md5_duplicate,D:\HK7\Đồ án khóa luận\Data\raw\garbage_v2\cardboard\cardboard_746.jpg
D:\HK7\Đồ án khóa luận\Data\raw\vn_trash\Carton\train_cardboard69.jpg,vn_trash,Carton,cardboard,DUP_GROUP_0563,exact_md5_duplicate,D:\HK7\Đồ án khóa luận\Data\raw\garbage_v2\cardboard\cardboard_749.jpg
D:\HK7\Đồ án khóa luận\Data\raw\vn_trash\Carton\train_cardboard521.jpg,vn_trash,Carton,cardboard,DUP_GROUP_0564,exact_md5_duplicate,D:\HK7\Đồ án khóa luận\Data\raw\garbage_v2\cardboard\cardboard_750.jpg
D:\HK7\Đồ án khóa luận\Data\raw\vn_trash\Carton\train_cardboard592.jpg,vn_trash,Carton,cardboard,DUP_GROUP_0565,exact_md5_duplicate,D:\HK7\Đồ án khóa luận\Data\raw\garbage_v2\cardboard\cardboard_751.jpg
D:\HK7\Đồ án khóa luận\Data\raw\vn_trash\Carton\test_cardboard 2068.jpg,vn_trash,Carton,cardboard,DUP_GROUP_0566,exact_md5_duplicate,D:\HK7\Đồ án khóa luận\Data\raw\garbage_v2\cardboard\cardboard_753.jpg
D:\HK7\Đồ án khóa luận\Data\raw\vn_trash\Carton\train_cardboard48.jpg,vn_trash,Carton,cardboard,DUP_GROUP_0566,exact_md5_duplicate,D:\HK7\Đồ án khóa luận\Data\raw\garbage_v2\cardboard\cardboard_753.jpg
D:\HK7\Đồ án khóa luận\Data\raw\vn_trash\Carton\train_cardboard67.jpg,vn_trash,Carton,cardboard,DUP_GROUP_0567,exact_md5_duplicate,D:\HK7\Đồ án khóa luận\Data\raw\garbage_v2\cardboard\cardboard_758.jpg
D:\HK7\Đồ án khóa luận\Data\raw\vn_trash\Carton\train_cardboard130.jpg,vn_trash,Carton,cardboard,DUP_GROUP_0568,exact_md5_duplicate,D:\HK7\Đồ án khóa luận\Data\raw\garbage_v2\cardboard\cardboard_759.jpg
D:\HK7\Đồ án khóa luận\Data\raw\vn_trash\Carton\train_cardboard183.jpg,vn_trash,Carton,cardboard,DUP_GROUP_0569,exact_md5_duplicate,D:\HK7\Đồ án khóa luận\Data\raw\garbage_v2\cardboard\cardboard_760.jpg
D:\HK7\Đồ án khóa luận\Data\raw\vn_trash\Carton\train_cardboard679.jpg,vn_trash,Carton,cardboard,DUP_GROUP_0570,exact_md5_duplicate,D:\HK7\Đồ án khóa luận\Data\raw\garbage_v2\cardboard\cardboard_763.jpg
D:\HK7\Đồ án khóa luận\Data\raw\vn_trash\Carton\train_cardboard129.jpg,vn_trash,Carton,cardboard,DUP_GROUP_0571,exact_md5_duplicate,D:\HK7\Đồ án khóa luận\Data\raw\garbage_v2\cardboard\cardboard_764.jpg
D:\HK7\Đồ án khóa luận\Data\raw\vn_trash\Carton\train_cardboard490.jpg,vn_trash,Carton,cardboard,DUP_GROUP_0572,exact_md5_duplicate,D:\HK7\Đồ án khóa luận\Data\raw\garbage_v2\cardboard\cardboard_767.jpg
D:\HK7\Đồ án khóa luận\Data\raw\vn_trash\Carton\train_cardboard 2413.jpg,vn_trash,Carton,cardboard,DUP_GROUP_0573,exact_md5_duplicate,D:\HK7\Đồ án khóa luận\Data\raw\garbage_v2\cardboard\cardboard_769.jpg
D:\HK7\Đồ án khóa luận\Data\raw\vn_trash\Carton\train_cardboard441.jpg,vn_trash,Carton,cardboard,DUP_GROUP_0573,exact_md5_duplicate,D:\HK7\Đồ án khóa luận\Data\raw\garbage_v2\cardboard\cardboard_769.jpg
D:\HK7\Đồ án khóa luận\Data\raw\vn_trash\Carton\test_cardboard 1978.jpg,vn_trash,Carton,cardboard,DUP_GROUP_0574,exact_md5_duplicate,D:\HK7\Đồ án khóa luận\Data\raw\garbage_v2\cardboard\cardboard_77.jpg
D:\HK7\Đồ án khóa luận\Data\raw\vn_trash\Carton\train_cardboard616.jpg,vn_trash,Carton,cardboard,DUP_GROUP_0574,exact_md5_duplicate,D:\HK7\Đồ án khóa luận\Data\raw\garbage_v2\cardboard\cardboard_77.jpg
D:\HK7\Đồ án khóa luận\Data\raw\vn_trash\Carton\train_cardboard283.jpg,vn_trash,Carton,cardboard,DUP_GROUP_0575,exact_md5_duplicate,D:\HK7\Đồ án khóa luận\Data\raw\garbage_v2\cardboard\cardboard_770.jpg
D:\HK7\Đồ án khóa luận\Data\raw\vn_trash\Carton\train_cardboard 2369.jpg,vn_trash,Carton,cardboard,DUP_GROUP_0576,exact_md5_duplicate,D:\HK7\Đồ án khóa luận\Data\raw\garbage_v2\cardboard\cardboard_775.jpg
D:\HK7\Đồ án khóa luận\Data\raw\vn_trash\Carton\train_cardboard328.jpg,vn_trash,Carton,cardboard,DUP_GROUP_0576,exact_md5_duplicate,D:\HK7\Đồ án khóa luận\Data\raw\garbage_v2\cardboard\cardboard_775.jpg
D:\HK7\Đồ án khóa luận\Data\raw\vn_trash\Carton\train_cardboard186.jpg,vn_trash,Carton,cardboard,DUP_GROUP_0577,exact_md5_duplicate,D:\HK7\Đồ án khóa luận\Data\raw\garbage_v2\cardboard\cardboard_776.jpg
D:\HK7\Đồ án khóa luận\Data\raw\vn_trash\Carton\train_cardboard524.jpg,vn_trash,Carton,cardboard,DUP_GROUP_0578,exact_md5_duplicate,D:\HK7\Đồ án khóa luận\Data\raw\garbage_v2\cardboard\cardboard_777.jpg
D:\HK7\Đồ án khóa luận\Data\raw\vn_trash\Carton\train_cardboard691.jpg,vn_trash,Carton,cardboard,DUP_GROUP_0579,exact_md5_duplicate,D:\HK7\Đồ án khóa luận\Data\raw\garbage_v2\cardboard\cardboard_778.jpg
D:\HK7\Đồ án khóa luận\Data\raw\vn_trash\Carton\test_cardboard 2080.jpg,vn_trash,Carton,cardboard,DUP_GROUP_0580,exact_md5_duplicate,D:\HK7\Đồ án khóa luận\Data\raw\garbage_v2\cardboard\cardboard_78.jpg
D:\HK7\Đồ án khóa luận\Data\raw\vn_trash\Carton\train_cardboard58.jpg,vn_trash,Carton,cardboard,DUP_GROUP_0580,exact_md5_duplicate,D:\HK7\Đồ án khóa luận\Data\raw\garbage_v2\cardboard\cardboard_78.jpg
D:\HK7\Đồ án khóa luận\Data\raw\vn_trash\Carton\train_cardboard217.jpg,vn_trash,Carton,cardboard,DUP_GROUP_0581,exact_md5_duplicate,D:\HK7\Đồ án khóa luận\Data\raw\garbage_v2\cardboard\cardboard_780.jpg
D:\HK7\Đồ án khóa luận\Data\raw\vn_trash\Carton\test_cardboard 2064.jpg,vn_trash,Carton,cardboard,DUP_GROUP_0582,exact_md5_duplicate,D:\HK7\Đồ án khóa luận\Data\raw\garbage_v2\cardboard\cardboard_783.jpg
D:\HK7\Đồ án khóa luận\Data\raw\vn_trash\Carton\train_cardboard43.jpg,vn_trash,Carton,cardboard,DUP_GROUP_0582,exact_md5_duplicate,D:\HK7\Đồ án khóa luận\Data\raw\garbage_v2\cardboard\cardboard_783.jpg
D:\HK7\Đồ án khóa luận\Data\raw\vn_trash\Carton\train_cardboard62.jpg,vn_trash,Carton,cardboard,DUP_GROUP_0583,exact_md5_duplicate,D:\HK7\Đồ án khóa luận\Data\raw\garbage_v2\cardboard\cardboard_785.jpg
D:\HK7\Đồ án khóa luận\Data\raw\vn_trash\Carton\train_cardboard38.jpg,vn_trash,Carton,cardboard,DUP_GROUP_0584,exact_md5_duplicate,D:\HK7\Đồ án khóa luận\Data\raw\garbage_v2\cardboard\cardboard_788.jpg
D:\HK7\Đồ án khóa luận\Data\raw\vn_trash\Carton\train_cardboard65.jpg,vn_trash,Carton,cardboard,DUP_GROUP_0585,exact_md5_duplicate,D:\HK7\Đồ án khóa luận\Data\raw\garbage_v2\cardboard\cardboard_789.jpg
D:\HK7\Đồ án khóa luận\Data\raw\vn_trash\Carton\train_cardboard 302.jpg,vn_trash,Carton,cardboard,DUP_GROUP_0586,near_phash_duplicate,D:\HK7\Đồ án khóa luận\Data\raw\garbage_v2\cardboard\cardboard_79.jpg
D:\HK7\Đồ án khóa luận\Data\raw\vn_trash\Carton\train_cardboard501.jpg,vn_trash,Carton,cardboard,DUP_GROUP_0586,near_phash_duplicate,D:\HK7\Đồ án khóa luận\Data\raw\garbage_v2\cardboard\cardboard_79.jpg
D:\HK7\Đồ án khóa luận\Data\raw\vn_trash\Carton\train_cardboard751.jpg,vn_trash,Carton,cardboard,DUP_GROUP_0586,exact_md5_duplicate,D:\HK7\Đồ án khóa luận\Data\raw\garbage_v2\cardboard\cardboard_79.jpg
D:\HK7\Đồ án khóa luận\Data\raw\vn_trash\Carton\train_cardboard126.jpg,vn_trash,Carton,cardboard,DUP_GROUP_0587,exact_md5_duplicate,D:\HK7\Đồ án khóa luận\Data\raw\garbage_v2\cardboard\cardboard_790.jpg
D:\HK7\Đồ án khóa luận\Data\raw\vn_trash\Carton\test_cardboard 1965.jpg,vn_trash,Carton,cardboard,DUP_GROUP_0588,exact_md5_duplicate,D:\HK7\Đồ án khóa luận\Data\raw\garbage_v2\cardboard\cardboard_792.jpg
D:\HK7\Đồ án khóa luận\Data\raw\vn_trash\Carton\train_cardboard507.jpg,vn_trash,Carton,cardboard,DUP_GROUP_0588,exact_md5_duplicate,D:\HK7\Đồ án khóa luận\Data\raw\garbage_v2\cardboard\cardboard_792.jpg
D:\HK7\Đồ án khóa luận\Data\raw\vn_trash\Carton\train_cardboard243.jpg,vn_trash,Carton,cardboard,DUP_GROUP_0589,exact_md5_duplicate,D:\HK7\Đồ án khóa luận\Data\raw\garbage_v2\cardboard\cardboard_795.jpg
D:\HK7\Đồ án khóa luận\Data\raw\vn_trash\Carton\train_cardboard607.jpg,vn_trash,Carton,cardboard,DUP_GROUP_0590,exact_md5_duplicate,D:\HK7\Đồ án khóa luận\Data\raw\garbage_v2\cardboard\cardboard_796.jpg
D:\HK7\Đồ án khóa luận\Data\raw\vn_trash\Carton\train_cardboard23.jpg,vn_trash,Carton,cardboard,DUP_GROUP_0591,exact_md5_duplicate,D:\HK7\Đồ án khóa luận\Data\raw\garbage_v2\cardboard\cardboard_797.jpg
D:\HK7\Đồ án khóa luận\Data\raw\vn_trash\Carton\train_cardboard878.jpg,vn_trash,Carton,cardboard,DUP_GROUP_0592,exact_md5_duplicate,D:\HK7\Đồ án khóa luận\Data\raw\garbage_v2\cardboard\cardboard_798.jpg
D:\HK7\Đồ án khóa luận\Data\raw\vn_trash\Carton\train_cardboard648.jpg,vn_trash,Carton,cardboard,DUP_GROUP_0593,exact_md5_duplicate,D:\HK7\Đồ án khóa luận\Data\raw\garbage_v2\cardboard\cardboard_799.jpg
D:\HK7\Đồ án khóa luận\Data\raw\vn_trash\Carton\train_cardboard292.jpg,vn_trash,Carton,cardboard,DUP_GROUP_0594,exact_md5_duplicate,D:\HK7\Đồ án khóa luận\Data\raw\garbage_v2\cardboard\cardboard_8.jpg
D:\HK7\Đồ án khóa luận\Data\raw\vn_trash\Carton\train_cardboard116.jpg,vn_trash,Carton,cardboard,DUP_GROUP_0595,exact_md5_duplicate,D:\HK7\Đồ án khóa luận\Data\raw\garbage_v2\cardboard\cardboard_802.jpg
D:\HK7\Đồ án khóa luận\Data\raw\vn_trash\Carton\train_cardboard546.jpg,vn_trash,Carton,cardboard,DUP_GROUP_0596,exact_md5_duplicate,D:\HK7\Đồ án khóa luận\Data\raw\garbage_v2\cardboard\cardboard_803.jpg
D:\HK7\Đồ án khóa luận\Data\raw\vn_trash\Carton\test_cardboard 1968.jpg,vn_trash,Carton,cardboard,DUP_GROUP_0597,exact_md5_duplicate,D:\HK7\Đồ án khóa luận\Data\raw\garbage_v2\cardboard\cardboard_806.jpg
D:\HK7\Đồ án khóa luận\Data\raw\vn_trash\Carton\train_cardboard540.jpg,vn_trash,Carton,cardboard,DUP_GROUP_0597,exact_md5_duplicate,D:\HK7\Đồ án khóa luận\Data\raw\garbage_v2\cardboard\cardboard_806.jpg
D:\HK7\Đồ án khóa luận\Data\raw\vn_trash\Carton\train_cardboard494.jpg,vn_trash,Carton,cardboard,DUP_GROUP_0598,exact_md5_duplicate,D:\HK7\Đồ án khóa luận\Data\raw\garbage_v2\cardboard\cardboard_81.jpg
D:\HK7\Đồ án khóa luận\Data\raw\vn_trash\Carton\train_cardboard 2376.jpg,vn_trash,Carton,cardboard,DUP_GROUP_0599,exact_md5_duplicate,D:\HK7\Đồ án khóa luận\Data\raw\garbage_v2\cardboard\cardboard_812.jpg
D:\HK7\Đồ án khóa luận\Data\raw\vn_trash\Carton\train_cardboard333.jpg,vn_trash,Carton,cardboard,DUP_GROUP_0599,exact_md5_duplicate,D:\HK7\Đồ án khóa luận\Data\raw\garbage_v2\cardboard\cardboard_812.jpg
D:\HK7\Đồ án khóa luận\Data\raw\vn_trash\Carton\train_cardboard435.jpg,vn_trash,Carton,cardboard,DUP_GROUP_0600,exact_md5_duplicate,D:\HK7\Đồ án khóa luận\Data\raw\garbage_v2\cardboard\cardboard_817.jpg
D:\HK7\Đồ án khóa luận\Data\raw\vn_trash\Carton\train_cardboard675.jpg,vn_trash,Carton,cardboard,DUP_GROUP_0601,exact_md5_duplicate,D:\HK7\Đồ án khóa luận\Data\raw\garbage_v2\cardboard\cardboard_818.jpg
D:\HK7\Đồ án khóa luận\Data\raw\vn_trash\Carton\train_cardboard581.jpg,vn_trash,Carton,cardboard,DUP_GROUP_0602,exact_md5_duplicate,D:\HK7\Đồ án khóa luận\Data\raw\garbage_v2\cardboard\cardboard_819.jpg
D:\HK7\Đồ án khóa luận\Data\raw\vn_trash\Carton\train_cardboard689.jpg,vn_trash,Carton,cardboard,DUP_GROUP_0603,exact_md5_duplicate,D:\HK7\Đồ án khóa luận\Data\raw\garbage_v2\cardboard\cardboard_821.jpg
D:\HK7\Đồ án khóa luận\Data\raw\vn_trash\Carton\train_cardboard75.jpg,vn_trash,Carton,cardboard,DUP_GROUP_0604,exact_md5_duplicate,D:\HK7\Đồ án khóa luận\Data\raw\garbage_v2\cardboard\cardboard_822.jpg
D:\HK7\Đồ án khóa luận\Data\raw\vn_trash\Carton\train_cardboard871.jpg,vn_trash,Carton,cardboard,DUP_GROUP_0605,exact_md5_duplicate,D:\HK7\Đồ án khóa luận\Data\raw\garbage_v2\cardboard\cardboard_823.jpg
D:\HK7\Đồ án khóa luận\Data\raw\vn_trash\Carton\train_cardboard586.jpg,vn_trash,Carton,cardboard,DUP_GROUP_0606,exact_md5_duplicate,D:\HK7\Đồ án khóa luận\Data\raw\garbage_v2\cardboard\cardboard_825.jpg
D:\HK7\Đồ án khóa luận\Data\raw\vn_trash\Carton\train_cardboard709.jpg,vn_trash,Carton,cardboard,DUP_GROUP_0607,exact_md5_duplicate,D:\HK7\Đồ án khóa luận\Data\raw\garbage_v2\cardboard\cardboard_826.jpg
D:\HK7\Đồ án khóa luận\Data\raw\vn_trash\Carton\train_cardboard259.jpg,vn_trash,Carton,cardboard,DUP_GROUP_0608,exact_md5_duplicate,D:\HK7\Đồ án khóa luận\Data\raw\garbage_v2\cardboard\cardboard_827.jpg
D:\HK7\Đồ án khóa luận\Data\raw\vn_trash\Carton\train_cardboard492.jpg,vn_trash,Carton,cardboard,DUP_GROUP_0609,exact_md5_duplicate,D:\HK7\Đồ án khóa luận\Data\raw\garbage_v2\cardboard\cardboard_828.jpg
D:\HK7\Đồ án khóa luận\Data\raw\vn_trash\Carton\train_cardboard446.jpg,vn_trash,Carton,cardboard,DUP_GROUP_0610,exact_md5_duplicate,D:\HK7\Đồ án khóa luận\Data\raw\garbage_v2\cardboard\cardboard_829.jpg
D:\HK7\Đồ án khóa luận\Data\raw\vn_trash\Carton\train_cardboard277.jpg,vn_trash,Carton,cardboard,DUP_GROUP_0611,exact_md5_duplicate,D:\HK7\Đồ án khóa luận\Data\raw\garbage_v2\cardboard\cardboard_83.jpg
D:\HK7\Đồ án khóa luận\Data\raw\vn_trash\Carton\train_cardboard284.jpg,vn_trash,Carton,cardboard,DUP_GROUP_0612,exact_md5_duplicate,D:\HK7\Đồ án khóa luận\Data\raw\garbage_v2\cardboard\cardboard_830.jpg
D:\HK7\Đồ án khóa luận\Data\raw\vn_trash\Carton\train_cardboard703.jpg,vn_trash,Carton,cardboard,DUP_GROUP_0613,exact_md5_duplicate,D:\HK7\Đồ án khóa luận\Data\raw\garbage_v2\cardboard\cardboard_836.jpg
D:\HK7\Đồ án khóa luận\Data\raw\vn_trash\Carton\train_cardboard229.jpg,vn_trash,Carton,cardboard,DUP_GROUP_0614,exact_md5_duplicate,D:\HK7\Đồ án khóa luận\Data\raw\garbage_v2\cardboard\cardboard_837.jpg
D:\HK7\Đồ án khóa luận\Data\raw\vn_trash\Carton\train_cardboard209.jpg,vn_trash,Carton,cardboard,DUP_GROUP_0615,exact_md5_duplicate,D:\HK7\Đồ án khóa luận\Data\raw\garbage_v2\cardboard\cardboard_839.jpg
D:\HK7\Đồ án khóa luận\Data\raw\vn_trash\Carton\test_cardboard 1981.jpg,vn_trash,Carton,cardboard,DUP_GROUP_0616,exact_md5_duplicate,D:\HK7\Đồ án khóa luận\Data\raw\garbage_v2\cardboard\cardboard_84.jpg
D:\HK7\Đồ án khóa luận\Data\raw\vn_trash\Carton\train_cardboard649.jpg,vn_trash,Carton,cardboard,DUP_GROUP_0616,exact_md5_duplicate,D:\HK7\Đồ án khóa luận\Data\raw\garbage_v2\cardboard\cardboard_84.jpg
D:\HK7\Đồ án khóa luận\Data\raw\vn_trash\Carton\train_cardboard848.jpg,vn_trash,Carton,cardboard,DUP_GROUP_0617,exact_md5_duplicate,D:\HK7\Đồ án khóa luận\Data\raw\garbage_v2\cardboard\cardboard_841.jpg
D:\HK7\Đồ án khóa luận\Data\raw\vn_trash\Carton\train_cardboard479.jpg,vn_trash,Carton,cardboard,DUP_GROUP_0618,exact_md5_duplicate,D:\HK7\Đồ án khóa luận\Data\raw\garbage_v2\cardboard\cardboard_842.jpg
D:\HK7\Đồ án khóa luận\Data\raw\vn_trash\Carton\train_cardboard843.jpg,vn_trash,Carton,cardboard,DUP_GROUP_0619,exact_md5_duplicate,D:\HK7\Đồ án khóa luận\Data\raw\garbage_v2\cardboard\cardboard_843.jpg
D:\HK7\Đồ án khóa luận\Data\raw\vn_trash\Carton\train_cardboard464.jpg,vn_trash,Carton,cardboard,DUP_GROUP_0620,exact_md5_duplicate,D:\HK7\Đồ án khóa luận\Data\raw\garbage_v2\cardboard\cardboard_844.jpg
D:\HK7\Đồ án khóa luận\Data\raw\vn_trash\Carton\train_cardboard468.jpg,vn_trash,Carton,cardboard,DUP_GROUP_0621,exact_md5_duplicate,D:\HK7\Đồ án khóa luận\Data\raw\garbage_v2\cardboard\cardboard_845.jpg
D:\HK7\Đồ án khóa luận\Data\raw\vn_trash\Carton\train_cardboard142.jpg,vn_trash,Carton,cardboard,DUP_GROUP_0622,exact_md5_duplicate,D:\HK7\Đồ án khóa luận\Data\raw\garbage_v2\cardboard\cardboard_846.jpg
D:\HK7\Đồ án khóa luận\Data\raw\vn_trash\Carton\train_cardboard298.jpg,vn_trash,Carton,cardboard,DUP_GROUP_0623,exact_md5_duplicate,D:\HK7\Đồ án khóa luận\Data\raw\garbage_v2\cardboard\cardboard_848.jpg
D:\HK7\Đồ án khóa luận\Data\raw\vn_trash\Carton\train_cardboard288.jpg,vn_trash,Carton,cardboard,DUP_GROUP_0624,exact_md5_duplicate,D:\HK7\Đồ án khóa luận\Data\raw\garbage_v2\cardboard\cardboard_850.jpg
D:\HK7\Đồ án khóa luận\Data\raw\vn_trash\Carton\train_cardboard684.jpg,vn_trash,Carton,cardboard,DUP_GROUP_0625,exact_md5_duplicate,D:\HK7\Đồ án khóa luận\Data\raw\garbage_v2\cardboard\cardboard_851.jpg
D:\HK7\Đồ án khóa luận\Data\raw\vn_trash\Carton\train_cardboard544.jpg,vn_trash,Carton,cardboard,DUP_GROUP_0626,exact_md5_duplicate,D:\HK7\Đồ án khóa luận\Data\raw\garbage_v2\cardboard\cardboard_853.jpg
D:\HK7\Đồ án khóa luận\Data\raw\vn_trash\Carton\train_cardboard802.jpg,vn_trash,Carton,cardboard,DUP_GROUP_0627,exact_md5_duplicate,D:\HK7\Đồ án khóa luận\Data\raw\garbage_v2\cardboard\cardboard_859.jpg
D:\HK7\Đồ án khóa luận\Data\raw\vn_trash\Carton\train_cardboard625.jpg,vn_trash,Carton,cardboard,DUP_GROUP_0628,exact_md5_duplicate,D:\HK7\Đồ án khóa luận\Data\raw\garbage_v2\cardboard\cardboard_860.jpg
D:\HK7\Đồ án khóa luận\Data\raw\vn_trash\Carton\test_cardboard 2033.jpg,vn_trash,Carton,cardboard,DUP_GROUP_0629,exact_md5_duplicate,D:\HK7\Đồ án khóa luận\Data\raw\garbage_v2\cardboard\cardboard_862.jpg
D:\HK7\Đồ án khóa luận\Data\raw\vn_trash\Carton\train_cardboard16.jpg,vn_trash,Carton,cardboard,DUP_GROUP_0629,exact_md5_duplicate,D:\HK7\Đồ án khóa luận\Data\raw\garbage_v2\cardboard\cardboard_862.jpg
D:\HK7\Đồ án khóa luận\Data\raw\vn_trash\Carton\train_cardboard110.jpg,vn_trash,Carton,cardboard,DUP_GROUP_0630,exact_md5_duplicate,D:\HK7\Đồ án khóa luận\Data\raw\garbage_v2\cardboard\cardboard_864.jpg
D:\HK7\Đồ án khóa luận\Data\raw\vn_trash\Carton\train_cardboard94.jpg,vn_trash,Carton,cardboard,DUP_GROUP_0631,exact_md5_duplicate,D:\HK7\Đồ án khóa luận\Data\raw\garbage_v2\cardboard\cardboard_865.jpg
D:\HK7\Đồ án khóa luận\Data\raw\vn_trash\Carton\train_cardboard589.jpg,vn_trash,Carton,cardboard,DUP_GROUP_0632,exact_md5_duplicate,D:\HK7\Đồ án khóa luận\Data\raw\garbage_v2\cardboard\cardboard_868.jpg
D:\HK7\Đồ án khóa luận\Data\raw\vn_trash\Carton\train_cardboard483.jpg,vn_trash,Carton,cardboard,DUP_GROUP_0633,exact_md5_duplicate,D:\HK7\Đồ án khóa luận\Data\raw\garbage_v2\cardboard\cardboard_87.jpg
D:\HK7\Đồ án khóa luận\Data\raw\vn_trash\Carton\train_cardboard596.jpg,vn_trash,Carton,cardboard,DUP_GROUP_0634,exact_md5_duplicate,D:\HK7\Đồ án khóa luận\Data\raw\garbage_v2\cardboard\cardboard_871.jpg
D:\HK7\Đồ án khóa luận\Data\raw\vn_trash\Carton\train_cardboard195.jpg,vn_trash,Carton,cardboard,DUP_GROUP_0635,exact_md5_duplicate,D:\HK7\Đồ án khóa luận\Data\raw\garbage_v2\cardboard\cardboard_872.jpg
D:\HK7\Đồ án khóa luận\Data\raw\vn_trash\Carton\train_cardboard458.jpg,vn_trash,Carton,cardboard,DUP_GROUP_0636,exact_md5_duplicate,D:\HK7\Đồ án khóa luận\Data\raw\garbage_v2\cardboard\cardboard_873.jpg
D:\HK7\Đồ án khóa luận\Data\raw\vn_trash\Carton\train_cardboard174.jpg,vn_trash,Carton,cardboard,DUP_GROUP_0637,exact_md5_duplicate,D:\HK7\Đồ án khóa luận\Data\raw\garbage_v2\cardboard\cardboard_876.jpg
D:\HK7\Đồ án khóa luận\Data\raw\vn_trash\Carton\train_cardboard792.jpg,vn_trash,Carton,cardboard,DUP_GROUP_0638,exact_md5_duplicate,D:\HK7\Đồ án khóa luận\Data\raw\garbage_v2\cardboard\cardboard_877.jpg
D:\HK7\Đồ án khóa luận\Data\raw\vn_trash\Carton\train_cardboard795.jpg,vn_trash,Carton,cardboard,DUP_GROUP_0639,exact_md5_duplicate,D:\HK7\Đồ án khóa luận\Data\raw\garbage_v2\cardboard\cardboard_88.jpg
D:\HK7\Đồ án khóa luận\Data\raw\vn_trash\Carton\train_cardboard187.jpg,vn_trash,Carton,cardboard,DUP_GROUP_0640,exact_md5_duplicate,D:\HK7\Đồ án khóa luận\Data\raw\garbage_v2\cardboard\cardboard_881.jpg
D:\HK7\Đồ án khóa luận\Data\raw\vn_trash\Carton\train_cardboard182.jpg,vn_trash,Carton,cardboard,DUP_GROUP_0641,exact_md5_duplicate,D:\HK7\Đồ án khóa luận\Data\raw\garbage_v2\cardboard\cardboard_884.jpg
D:\HK7\Đồ án khóa luận\Data\raw\vn_trash\Carton\test_cardboard 2016.jpg,vn_trash,Carton,cardboard,DUP_GROUP_0642,exact_md5_duplicate,D:\HK7\Đồ án khóa luận\Data\raw\garbage_v2\cardboard\cardboard_889.jpg
D:\HK7\Đồ án khóa luận\Data\raw\vn_trash\Carton\train_cardboard889.jpg,vn_trash,Carton,cardboard,DUP_GROUP_0642,exact_md5_duplicate,D:\HK7\Đồ án khóa luận\Data\raw\garbage_v2\cardboard\cardboard_889.jpg
D:\HK7\Đồ án khóa luận\Data\raw\vn_trash\Carton\test_cardboard 2079.jpg,vn_trash,Carton,cardboard,DUP_GROUP_0643,exact_md5_duplicate,D:\HK7\Đồ án khóa luận\Data\raw\garbage_v2\cardboard\cardboard_89.jpg
D:\HK7\Đồ án khóa luận\Data\raw\vn_trash\Carton\train_cardboard56.jpg,vn_trash,Carton,cardboard,DUP_GROUP_0643,exact_md5_duplicate,D:\HK7\Đồ án khóa luận\Data\raw\garbage_v2\cardboard\cardboard_89.jpg
D:\HK7\Đồ án khóa luận\Data\raw\vn_trash\Carton\train_cardboard18.jpg,vn_trash,Carton,cardboard,DUP_GROUP_0644,exact_md5_duplicate,D:\HK7\Đồ án khóa luận\Data\raw\garbage_v2\cardboard\cardboard_893.jpg
D:\HK7\Đồ án khóa luận\Data\raw\vn_trash\Carton\train_cardboard571.jpg,vn_trash,Carton,cardboard,DUP_GROUP_0645,exact_md5_duplicate,D:\HK7\Đồ án khóa luận\Data\raw\garbage_v2\cardboard\cardboard_895.jpg
D:\HK7\Đồ án khóa luận\Data\raw\vn_trash\Carton\train_cardboard80.jpg,vn_trash,Carton,cardboard,DUP_GROUP_0646,exact_md5_duplicate,D:\HK7\Đồ án khóa luận\Data\raw\garbage_v2\cardboard\cardboard_897.jpg
D:\HK7\Đồ án khóa luận\Data\raw\vn_trash\Carton\train_cardboard637.jpg,vn_trash,Carton,cardboard,DUP_GROUP_0647,exact_md5_duplicate,D:\HK7\Đồ án khóa luận\Data\raw\garbage_v2\cardboard\cardboard_9.jpg
D:\HK7\Đồ án khóa luận\Data\raw\vn_trash\Carton\train_cardboard526.jpg,vn_trash,Carton,cardboard,DUP_GROUP_0648,exact_md5_duplicate,D:\HK7\Đồ án khóa luận\Data\raw\garbage_v2\cardboard\cardboard_900.jpg
D:\HK7\Đồ án khóa luận\Data\raw\vn_trash\Carton\train_cardboard708.jpg,vn_trash,Carton,cardboard,DUP_GROUP_0649,exact_md5_duplicate,D:\HK7\Đồ án khóa luận\Data\raw\garbage_v2\cardboard\cardboard_902.jpg
D:\HK7\Đồ án khóa luận\Data\raw\vn_trash\Carton\train_cardboard225.jpg,vn_trash,Carton,cardboard,DUP_GROUP_0650,exact_md5_duplicate,D:\HK7\Đồ án khóa luận\Data\raw\garbage_v2\cardboard\cardboard_904.jpg
D:\HK7\Đồ án khóa luận\Data\raw\vn_trash\Carton\train_cardboard227.jpg,vn_trash,Carton,cardboard,DUP_GROUP_0651,exact_md5_duplicate,D:\HK7\Đồ án khóa luận\Data\raw\garbage_v2\cardboard\cardboard_906.jpg
D:\HK7\Đồ án khóa luận\Data\raw\vn_trash\Carton\train_cardboard119.jpg,vn_trash,Carton,cardboard,DUP_GROUP_0652,exact_md5_duplicate,D:\HK7\Đồ án khóa luận\Data\raw\garbage_v2\cardboard\cardboard_908.jpg
D:\HK7\Đồ án khóa luận\Data\raw\vn_trash\Carton\train_cardboard258.jpg,vn_trash,Carton,cardboard,DUP_GROUP_0653,exact_md5_duplicate,D:\HK7\Đồ án khóa luận\Data\raw\garbage_v2\cardboard\cardboard_909.jpg
D:\HK7\Đồ án khóa luận\Data\raw\vn_trash\Carton\train_cardboard535.jpg,vn_trash,Carton,cardboard,DUP_GROUP_0654,exact_md5_duplicate,D:\HK7\Đồ án khóa luận\Data\raw\garbage_v2\cardboard\cardboard_91.jpg
D:\HK7\Đồ án khóa luận\Data\raw\vn_trash\Carton\train_cardboard36.jpg,vn_trash,Carton,cardboard,DUP_GROUP_0655,exact_md5_duplicate,D:\HK7\Đồ án khóa luận\Data\raw\garbage_v2\cardboard\cardboard_912.jpg
D:\HK7\Đồ án khóa luận\Data\raw\vn_trash\Carton\train_cardboard147.jpg,vn_trash,Carton,cardboard,DUP_GROUP_0656,exact_md5_duplicate,D:\HK7\Đồ án khóa luận\Data\raw\garbage_v2\cardboard\cardboard_914.jpg
D:\HK7\Đồ án khóa luận\Data\raw\vn_trash\Carton\train_cardboard82.jpg,vn_trash,Carton,cardboard,DUP_GROUP_0657,exact_md5_duplicate,D:\HK7\Đồ án khóa luận\Data\raw\garbage_v2\cardboard\cardboard_916.jpg
D:\HK7\Đồ án khóa luận\Data\raw\vn_trash\Carton\train_cardboard836.jpg,vn_trash,Carton,cardboard,DUP_GROUP_0658,exact_md5_duplicate,D:\HK7\Đồ án khóa luận\Data\raw\garbage_v2\cardboard\cardboard_917.jpg
D:\HK7\Đồ án khóa luận\Data\raw\vn_trash\Carton\train_cardboard179.jpg,vn_trash,Carton,cardboard,DUP_GROUP_0659,exact_md5_duplicate,D:\HK7\Đồ án khóa luận\Data\raw\garbage_v2\cardboard\cardboard_918.jpg
D:\HK7\Đồ án khóa luận\Data\raw\vn_trash\Carton\train_cardboard 44.jpg,vn_trash,Carton,cardboard,DUP_GROUP_0660,exact_md5_duplicate,D:\HK7\Đồ án khóa luận\Data\raw\garbage_v2\cardboard\cardboard_920.jpg
D:\HK7\Đồ án khóa luận\Data\raw\vn_trash\Carton\train_cardboard323.jpg,vn_trash,Carton,cardboard,DUP_GROUP_0660,exact_md5_duplicate,D:\HK7\Đồ án khóa luận\Data\raw\garbage_v2\cardboard\cardboard_920.jpg
D:\HK7\Đồ án khóa luận\Data\raw\vn_trash\Carton\train_cardboard135.jpg,vn_trash,Carton,cardboard,DUP_GROUP_0661,exact_md5_duplicate,D:\HK7\Đồ án khóa luận\Data\raw\garbage_v2\cardboard\cardboard_921.jpg
D:\HK7\Đồ án khóa luận\Data\raw\vn_trash\Carton\test_cardboard 2007.jpg,vn_trash,Carton,cardboard,DUP_GROUP_0662,exact_md5_duplicate,D:\HK7\Đồ án khóa luận\Data\raw\garbage_v2\cardboard\cardboard_922.jpg
D:\HK7\Đồ án khóa luận\Data\raw\vn_trash\Carton\train_cardboard880.jpg,vn_trash,Carton,cardboard,DUP_GROUP_0662,exact_md5_duplicate,D:\HK7\Đồ án khóa luận\Data\raw\garbage_v2\cardboard\cardboard_922.jpg
D:\HK7\Đồ án khóa luận\Data\raw\vn_trash\Carton\train_cardboard162.jpg,vn_trash,Carton,cardboard,DUP_GROUP_0663,exact_md5_duplicate,D:\HK7\Đồ án khóa luận\Data\raw\garbage_v2\cardboard\cardboard_926.jpg
D:\HK7\Đồ án khóa luận\Data\raw\vn_trash\Carton\train_cardboard282.jpg,vn_trash,Carton,cardboard,DUP_GROUP_0664,exact_md5_duplicate,D:\HK7\Đồ án khóa luận\Data\raw\garbage_v2\cardboard\cardboard_927.jpg
D:\HK7\Đồ án khóa luận\Data\raw\vn_trash\Carton\train_cardboard316.jpg,vn_trash,Carton,cardboard,DUP_GROUP_0665,exact_md5_duplicate,D:\HK7\Đồ án khóa luận\Data\raw\garbage_v2\cardboard\cardboard_93.jpg
D:\HK7\Đồ án khóa luận\Data\raw\vn_trash\Carton\train_cardboard700.jpg,vn_trash,Carton,cardboard,DUP_GROUP_0666,exact_md5_duplicate,D:\HK7\Đồ án khóa luận\Data\raw\garbage_v2\cardboard\cardboard_931.jpg
D:\HK7\Đồ án khóa luận\Data\raw\vn_trash\Carton\train_cardboard300.jpg,vn_trash,Carton,cardboard,DUP_GROUP_0667,exact_md5_duplicate,D:\HK7\Đồ án khóa luận\Data\raw\garbage_v2\cardboard\cardboard_932.jpg
D:\HK7\Đồ án khóa luận\Data\raw\vn_trash\Carton\train_cardboard478.jpg,vn_trash,Carton,cardboard,DUP_GROUP_0668,exact_md5_duplicate,D:\HK7\Đồ án khóa luận\Data\raw\garbage_v2\cardboard\cardboard_933.jpg
D:\HK7\Đồ án khóa luận\Data\raw\vn_trash\Carton\train_cardboard530.jpg,vn_trash,Carton,cardboard,DUP_GROUP_0669,exact_md5_duplicate,D:\HK7\Đồ án khóa luận\Data\raw\garbage_v2\cardboard\cardboard_934.jpg
D:\HK7\Đồ án khóa luận\Data\raw\vn_trash\Carton\train_cardboard220.jpg,vn_trash,Carton,cardboard,DUP_GROUP_0670,exact_md5_duplicate,D:\HK7\Đồ án khóa luận\Data\raw\garbage_v2\cardboard\cardboard_935.jpg
D:\HK7\Đồ án khóa luận\Data\raw\vn_trash\Carton\train_cardboard664.jpg,vn_trash,Carton,cardboard,DUP_GROUP_0671,exact_md5_duplicate,D:\HK7\Đồ án khóa luận\Data\raw\garbage_v2\cardboard\cardboard_936.jpg
D:\HK7\Đồ án khóa luận\Data\raw\vn_trash\Carton\train_cardboard661.jpg,vn_trash,Carton,cardboard,DUP_GROUP_0672,exact_md5_duplicate,D:\HK7\Đồ án khóa luận\Data\raw\garbage_v2\cardboard\cardboard_939.jpg
D:\HK7\Đồ án khóa luận\Data\raw\vn_trash\Carton\test_cardboard 1972.jpg,vn_trash,Carton,cardboard,DUP_GROUP_0673,exact_md5_duplicate,D:\HK7\Đồ án khóa luận\Data\raw\garbage_v2\cardboard\cardboard_94.jpg
D:\HK7\Đồ án khóa luận\Data\raw\vn_trash\Carton\train_cardboard563.jpg,vn_trash,Carton,cardboard,DUP_GROUP_0673,exact_md5_duplicate,D:\HK7\Đồ án khóa luận\Data\raw\garbage_v2\cardboard\cardboard_94.jpg
D:\HK7\Đồ án khóa luận\Data\raw\vn_trash\Carton\train_cardboard564.jpg,vn_trash,Carton,cardboard,DUP_GROUP_0674,exact_md5_duplicate,D:\HK7\Đồ án khóa luận\Data\raw\garbage_v2\cardboard\cardboard_941.jpg
D:\HK7\Đồ án khóa luận\Data\raw\vn_trash\Carton\test_cardboard 1979.jpg,vn_trash,Carton,cardboard,DUP_GROUP_0675,exact_md5_duplicate,D:\HK7\Đồ án khóa luận\Data\raw\garbage_v2\cardboard\cardboard_942.jpg
D:\HK7\Đồ án khóa luận\Data\raw\vn_trash\Carton\train_cardboard627.jpg,vn_trash,Carton,cardboard,DUP_GROUP_0675,exact_md5_duplicate,D:\HK7\Đồ án khóa luận\Data\raw\garbage_v2\cardboard\cardboard_942.jpg
D:\HK7\Đồ án khóa luận\Data\raw\vn_trash\Carton\train_cardboard264.jpg,vn_trash,Carton,cardboard,DUP_GROUP_0676,exact_md5_duplicate,D:\HK7\Đồ án khóa luận\Data\raw\garbage_v2\cardboard\cardboard_945.jpg
D:\HK7\Đồ án khóa luận\Data\raw\vn_trash\Carton\train_cardboard857.jpg,vn_trash,Carton,cardboard,DUP_GROUP_0677,exact_md5_duplicate,D:\HK7\Đồ án khóa luận\Data\raw\garbage_v2\cardboard\cardboard_946.jpg
D:\HK7\Đồ án khóa luận\Data\raw\vn_trash\Carton\train_cardboard205.jpg,vn_trash,Carton,cardboard,DUP_GROUP_0678,exact_md5_duplicate,D:\HK7\Đồ án khóa luận\Data\raw\garbage_v2\cardboard\cardboard_947.jpg
D:\HK7\Đồ án khóa luận\Data\raw\vn_trash\Carton\train_cardboard 2412.jpg,vn_trash,Carton,cardboard,DUP_GROUP_0679,exact_md5_duplicate,D:\HK7\Đồ án khóa luận\Data\raw\garbage_v2\cardboard\cardboard_948.jpg
D:\HK7\Đồ án khóa luận\Data\raw\vn_trash\Carton\train_cardboard334.jpg,vn_trash,Carton,cardboard,DUP_GROUP_0679,exact_md5_duplicate,D:\HK7\Đồ án khóa luận\Data\raw\garbage_v2\cardboard\cardboard_948.jpg
D:\HK7\Đồ án khóa luận\Data\raw\vn_trash\Carton\train_cardboard665.jpg,vn_trash,Carton,cardboard,DUP_GROUP_0680,exact_md5_duplicate,D:\HK7\Đồ án khóa luận\Data\raw\garbage_v2\cardboard\cardboard_951.jpg
D:\HK7\Đồ án khóa luận\Data\raw\vn_trash\Carton\test_cardboard 2063.jpg,vn_trash,Carton,cardboard,DUP_GROUP_0681,exact_md5_duplicate,D:\HK7\Đồ án khóa luận\Data\raw\garbage_v2\cardboard\cardboard_952.jpg
D:\HK7\Đồ án khóa luận\Data\raw\vn_trash\Carton\train_cardboard42.jpg,vn_trash,Carton,cardboard,DUP_GROUP_0681,exact_md5_duplicate,D:\HK7\Đồ án khóa luận\Data\raw\garbage_v2\cardboard\cardboard_952.jpg
D:\HK7\Đồ án khóa luận\Data\raw\vn_trash\Carton\train_cardboard845.jpg,vn_trash,Carton,cardboard,DUP_GROUP_0682,exact_md5_duplicate,D:\HK7\Đồ án khóa luận\Data\raw\garbage_v2\cardboard\cardboard_953.jpg
D:\HK7\Đồ án khóa luận\Data\raw\vn_trash\Carton\train_cardboard272.jpg,vn_trash,Carton,cardboard,DUP_GROUP_0683,exact_md5_duplicate,D:\HK7\Đồ án khóa luận\Data\raw\garbage_v2\cardboard\cardboard_954.jpg
D:\HK7\Đồ án khóa luận\Data\raw\vn_trash\Carton\train_cardboard701.jpg,vn_trash,Carton,cardboard,DUP_GROUP_0684,exact_md5_duplicate,D:\HK7\Đồ án khóa luận\Data\raw\garbage_v2\cardboard\cardboard_956.jpg
D:\HK7\Đồ án khóa luận\Data\raw\vn_trash\Carton\train_cardboard580.jpg,vn_trash,Carton,cardboard,DUP_GROUP_0685,exact_md5_duplicate,D:\HK7\Đồ án khóa luận\Data\raw\garbage_v2\cardboard\cardboard_96.jpg
D:\HK7\Đồ án khóa luận\Data\raw\vn_trash\Carton\train_cardboard107.jpg,vn_trash,Carton,cardboard,DUP_GROUP_0686,exact_md5_duplicate,D:\HK7\Đồ án khóa luận\Data\raw\garbage_v2\cardboard\cardboard_960.jpg
D:\HK7\Đồ án khóa luận\Data\raw\vn_trash\Carton\train_cardboard473.jpg,vn_trash,Carton,cardboard,DUP_GROUP_0687,exact_md5_duplicate,D:\HK7\Đồ án khóa luận\Data\raw\garbage_v2\cardboard\cardboard_961.jpg
D:\HK7\Đồ án khóa luận\Data\raw\vn_trash\Carton\train_cardboard772.jpg,vn_trash,Carton,cardboard,DUP_GROUP_0688,exact_md5_duplicate,D:\HK7\Đồ án khóa luận\Data\raw\garbage_v2\cardboard\cardboard_962.jpg
D:\HK7\Đồ án khóa luận\Data\raw\vn_trash\Carton\train_cardboard125.jpg,vn_trash,Carton,cardboard,DUP_GROUP_0689,exact_md5_duplicate,D:\HK7\Đồ án khóa luận\Data\raw\garbage_v2\cardboard\cardboard_965.jpg
D:\HK7\Đồ án khóa luận\Data\raw\vn_trash\Carton\train_cardboard591.jpg,vn_trash,Carton,cardboard,DUP_GROUP_0690,exact_md5_duplicate,D:\HK7\Đồ án khóa luận\Data\raw\garbage_v2\cardboard\cardboard_967.jpg
D:\HK7\Đồ án khóa luận\Data\raw\vn_trash\Carton\train_cardboard451.jpg,vn_trash,Carton,cardboard,DUP_GROUP_0691,exact_md5_duplicate,D:\HK7\Đồ án khóa luận\Data\raw\garbage_v2\cardboard\cardboard_968.jpg
D:\HK7\Đồ án khóa luận\Data\raw\vn_trash\Carton\train_cardboard466.jpg,vn_trash,Carton,cardboard,DUP_GROUP_0692,exact_md5_duplicate,D:\HK7\Đồ án khóa luận\Data\raw\garbage_v2\cardboard\cardboard_970.jpg
D:\HK7\Đồ án khóa luận\Data\raw\vn_trash\Carton\test_cardboard 2021.jpg,vn_trash,Carton,cardboard,DUP_GROUP_0693,exact_md5_duplicate,D:\HK7\Đồ án khóa luận\Data\raw\garbage_v2\cardboard\cardboard_975.jpg
D:\HK7\Đồ án khóa luận\Data\raw\vn_trash\Carton\train_cardboard5.jpg,vn_trash,Carton,cardboard,DUP_GROUP_0693,exact_md5_duplicate,D:\HK7\Đồ án khóa luận\Data\raw\garbage_v2\cardboard\cardboard_975.jpg
D:\HK7\Đồ án khóa luận\Data\raw\vn_trash\Carton\train_cardboard460.jpg,vn_trash,Carton,cardboard,DUP_GROUP_0694,exact_md5_duplicate,D:\HK7\Đồ án khóa luận\Data\raw\garbage_v2\cardboard\cardboard_977.jpg
D:\HK7\Đồ án khóa luận\Data\raw\vn_trash\Carton\train_cardboard250.jpg,vn_trash,Carton,cardboard,DUP_GROUP_0695,exact_md5_duplicate,D:\HK7\Đồ án khóa luận\Data\raw\garbage_v2\cardboard\cardboard_978.jpg
D:\HK7\Đồ án khóa luận\Data\raw\vn_trash\Carton\train_cardboard838.jpg,vn_trash,Carton,cardboard,DUP_GROUP_0696,exact_md5_duplicate,D:\HK7\Đồ án khóa luận\Data\raw\garbage_v2\cardboard\cardboard_98.jpg
D:\HK7\Đồ án khóa luận\Data\raw\vn_trash\Carton\train_cardboard78.jpg,vn_trash,Carton,cardboard,DUP_GROUP_0697,exact_md5_duplicate,D:\HK7\Đồ án khóa luận\Data\raw\garbage_v2\cardboard\cardboard_980.jpg
D:\HK7\Đồ án khóa luận\Data\raw\vn_trash\Carton\train_cardboard102.jpg,vn_trash,Carton,cardboard,DUP_GROUP_0698,exact_md5_duplicate,D:\HK7\Đồ án khóa luận\Data\raw\garbage_v2\cardboard\cardboard_981.jpg
D:\HK7\Đồ án khóa luận\Data\raw\vn_trash\Carton\test_cardboard 2053.jpg,vn_trash,Carton,cardboard,DUP_GROUP_0699,exact_md5_duplicate,D:\HK7\Đồ án khóa luận\Data\raw\garbage_v2\cardboard\cardboard_982.jpg
D:\HK7\Đồ án khóa luận\Data\raw\vn_trash\Carton\train_cardboard33.jpg,vn_trash,Carton,cardboard,DUP_GROUP_0699,exact_md5_duplicate,D:\HK7\Đồ án khóa luận\Data\raw\garbage_v2\cardboard\cardboard_982.jpg
D:\HK7\Đồ án khóa luận\Data\raw\vn_trash\Carton\train_cardboard482.jpg,vn_trash,Carton,cardboard,DUP_GROUP_0700,exact_md5_duplicate,D:\HK7\Đồ án khóa luận\Data\raw\garbage_v2\cardboard\cardboard_984.jpg
D:\HK7\Đồ án khóa luận\Data\raw\vn_trash\Carton\train_cardboard590.jpg,vn_trash,Carton,cardboard,DUP_GROUP_0701,exact_md5_duplicate,D:\HK7\Đồ án khóa luận\Data\raw\garbage_v2\cardboard\cardboard_986.jpg
D:\HK7\Đồ án khóa luận\Data\raw\vn_trash\Carton\train_cardboard436.jpg,vn_trash,Carton,cardboard,DUP_GROUP_0702,exact_md5_duplicate,D:\HK7\Đồ án khóa luận\Data\raw\garbage_v2\cardboard\cardboard_989.jpg
D:\HK7\Đồ án khóa luận\Data\raw\vn_trash\Carton\test_cardboard 2077.jpg,vn_trash,Carton,cardboard,DUP_GROUP_0703,exact_md5_duplicate,D:\HK7\Đồ án khóa luận\Data\raw\garbage_v2\cardboard\cardboard_990.jpg
D:\HK7\Đồ án khóa luận\Data\raw\vn_trash\Carton\train_cardboard54.jpg,vn_trash,Carton,cardboard,DUP_GROUP_0703,exact_md5_duplicate,D:\HK7\Đồ án khóa luận\Data\raw\garbage_v2\cardboard\cardboard_990.jpg
D:\HK7\Đồ án khóa luận\Data\raw\vn_trash\Carton\train_cardboard842.jpg,vn_trash,Carton,cardboard,DUP_GROUP_0704,exact_md5_duplicate,D:\HK7\Đồ án khóa luận\Data\raw\garbage_v2\cardboard\cardboard_991.jpg
D:\HK7\Đồ án khóa luận\Data\raw\vn_trash\Carton\train_cardboard890.jpg,vn_trash,Carton,cardboard,DUP_GROUP_0705,exact_md5_duplicate,D:\HK7\Đồ án khóa luận\Data\raw\garbage_v2\cardboard\cardboard_993.jpg
D:\HK7\Đồ án khóa luận\Data\raw\vn_trash\Carton\train_cardboard864.jpg,vn_trash,Carton,cardboard,DUP_GROUP_0706,exact_md5_duplicate,D:\HK7\Đồ án khóa luận\Data\raw\garbage_v2\cardboard\cardboard_994.jpg
D:\HK7\Đồ án khóa luận\Data\raw\vn_trash\Carton\train_cardboard198.jpg,vn_trash,Carton,cardboard,DUP_GROUP_0707,exact_md5_duplicate,D:\HK7\Đồ án khóa luận\Data\raw\garbage_v2\cardboard\cardboard_996.jpg
D:\HK7\Đồ án khóa luận\Data\raw\vn_trash\Carton\train_cardboard200.jpg,vn_trash,Carton,cardboard,DUP_GROUP_0708,exact_md5_duplicate,D:\HK7\Đồ án khóa luận\Data\raw\garbage_v2\cardboard\cardboard_998.jpg
D:\HK7\Đồ án khóa luận\Data\raw\vn_trash\Carton\test_cardboard 2030.jpg,vn_trash,Carton,cardboard,DUP_GROUP_0709,exact_md5_duplicate,D:\HK7\Đồ án khóa luận\Data\raw\garbage_v2\cardboard\cardboard_999.jpg
D:\HK7\Đồ án khóa luận\Data\raw\vn_trash\Carton\train_cardboard12.jpg,vn_trash,Carton,cardboard,DUP_GROUP_0709,exact_md5_duplicate,D:\HK7\Đồ án khóa luận\Data\raw\garbage_v2\cardboard\cardboard_999.jpg
D:\HK7\Đồ án khóa luận\Data\raw\vn_trash\Alu\train_AluCan87.jpg,vn_trash,Alu,metal,DUP_GROUP_0710,near_phash_duplicate,D:\HK7\Đồ án khóa luận\Data\raw\garbage_v2\metal\metal_204.jpg
D:\HK7\Đồ án khóa luận\Data\raw\vn_trash\Alu\test_beverage_cans 340.jpg,vn_trash,Alu,metal,DUP_GROUP_0711,near_phash_duplicate,D:\HK7\Đồ án khóa luận\Data\raw\garbage_v2\metal\metal_465.jpg
D:\HK7\Đồ án khóa luận\Data\raw\vn_trash\Alu\train_AluCan48.jpg,vn_trash,Alu,metal,DUP_GROUP_0712,near_phash_duplicate,D:\HK7\Đồ án khóa luận\Data\raw\garbage_v2\metal\metal_647.jpg
D:\HK7\Đồ án khóa luận\Data\raw\vn_trash\Paper\test_paper 607.jpg,vn_trash,Paper,paper,DUP_GROUP_0713,exact_md5_duplicate,D:\HK7\Đồ án khóa luận\Data\raw\garbage_v2\paper\paper_1020.jpg
D:\HK7\Đồ án khóa luận\Data\raw\vn_trash\Paper\test_paper 746.jpg,vn_trash,Paper,paper,DUP_GROUP_0714,exact_md5_duplicate,D:\HK7\Đồ án khóa luận\Data\raw\garbage_v2\paper\paper_1030.jpg
D:\HK7\Đồ án khóa luận\Data\raw\vn_trash\Paper\test_paper 590.jpg,vn_trash,Paper,paper,DUP_GROUP_0715,exact_md5_duplicate,D:\HK7\Đồ án khóa luận\Data\raw\garbage_v2\paper\paper_1059.jpg
D:\HK7\Đồ án khóa luận\Data\raw\vn_trash\Paper\test_paper 900.jpg,vn_trash,Paper,paper,DUP_GROUP_0716,exact_md5_duplicate,D:\HK7\Đồ án khóa luận\Data\raw\garbage_v2\paper\paper_1092.jpg
D:\HK7\Đồ án khóa luận\Data\raw\vn_trash\Paper\test_paper 762.jpg,vn_trash,Paper,paper,DUP_GROUP_0717,exact_md5_duplicate,D:\HK7\Đồ án khóa luận\Data\raw\garbage_v2\paper\paper_1100.jpg
D:\HK7\Đồ án khóa luận\Data\raw\vn_trash\Paper\test_paper 439.jpg,vn_trash,Paper,paper,DUP_GROUP_0718,exact_md5_duplicate,D:\HK7\Đồ án khóa luận\Data\raw\garbage_v2\paper\paper_1103.jpg
D:\HK7\Đồ án khóa luận\Data\raw\vn_trash\Paper\test_paper 704.jpg,vn_trash,Paper,paper,DUP_GROUP_0719,exact_md5_duplicate,D:\HK7\Đồ án khóa luận\Data\raw\garbage_v2\paper\paper_1113.jpg
D:\HK7\Đồ án khóa luận\Data\raw\vn_trash\Paper\test_paper 810.jpg,vn_trash,Paper,paper,DUP_GROUP_0720,exact_md5_duplicate,D:\HK7\Đồ án khóa luận\Data\raw\garbage_v2\paper\paper_113.jpg
D:\HK7\Đồ án khóa luận\Data\raw\vn_trash\Paper\test_paper 858.jpg,vn_trash,Paper,paper,DUP_GROUP_0721,exact_md5_duplicate,D:\HK7\Đồ án khóa luận\Data\raw\garbage_v2\paper\paper_1149.jpg
D:\HK7\Đồ án khóa luận\Data\raw\vn_trash\Paper\test_paper 597.jpg,vn_trash,Paper,paper,DUP_GROUP_0722,exact_md5_duplicate,D:\HK7\Đồ án khóa luận\Data\raw\garbage_v2\paper\paper_1176.jpg
D:\HK7\Đồ án khóa luận\Data\raw\vn_trash\Paper\test_paper 851.jpg,vn_trash,Paper,paper,DUP_GROUP_0723,exact_md5_duplicate,D:\HK7\Đồ án khóa luận\Data\raw\garbage_v2\paper\paper_1202.jpg
D:\HK7\Đồ án khóa luận\Data\raw\vn_trash\Paper\test_paper 901.jpg,vn_trash,Paper,paper,DUP_GROUP_0724,exact_md5_duplicate,D:\HK7\Đồ án khóa luận\Data\raw\garbage_v2\paper\paper_1217.jpg
D:\HK7\Đồ án khóa luận\Data\raw\vn_trash\Paper\test_paper 393.jpg,vn_trash,Paper,paper,DUP_GROUP_0725,exact_md5_duplicate,D:\HK7\Đồ án khóa luận\Data\raw\garbage_v2\paper\paper_1231.jpg
D:\HK7\Đồ án khóa luận\Data\raw\vn_trash\Paper\test_paper 618.jpg,vn_trash,Paper,paper,DUP_GROUP_0726,exact_md5_duplicate,D:\HK7\Đồ án khóa luận\Data\raw\garbage_v2\paper\paper_1259.jpg
D:\HK7\Đồ án khóa luận\Data\raw\vn_trash\Paper\test_paper 596.jpg,vn_trash,Paper,paper,DUP_GROUP_0727,exact_md5_duplicate,D:\HK7\Đồ án khóa luận\Data\raw\garbage_v2\paper\paper_1267.jpg
D:\HK7\Đồ án khóa luận\Data\raw\vn_trash\Paper\test_paper 667.jpg,vn_trash,Paper,paper,DUP_GROUP_0728,exact_md5_duplicate,D:\HK7\Đồ án khóa luận\Data\raw\garbage_v2\paper\paper_1284.jpg
D:\HK7\Đồ án khóa luận\Data\raw\vn_trash\Paper\test_paper 819.jpg,vn_trash,Paper,paper,DUP_GROUP_0729,exact_md5_duplicate,D:\HK7\Đồ án khóa luận\Data\raw\garbage_v2\paper\paper_1286.jpg
D:\HK7\Đồ án khóa luận\Data\raw\vn_trash\Paper\test_paper 622.jpg,vn_trash,Paper,paper,DUP_GROUP_0730,exact_md5_duplicate,D:\HK7\Đồ án khóa luận\Data\raw\garbage_v2\paper\paper_1287.jpg
D:\HK7\Đồ án khóa luận\Data\raw\vn_trash\Paper\test_paper 627.jpg,vn_trash,Paper,paper,DUP_GROUP_0731,exact_md5_duplicate,D:\HK7\Đồ án khóa luận\Data\raw\garbage_v2\paper\paper_1290.jpg
D:\HK7\Đồ án khóa luận\Data\raw\vn_trash\Paper\test_paper 682.jpg,vn_trash,Paper,paper,DUP_GROUP_0732,exact_md5_duplicate,D:\HK7\Đồ án khóa luận\Data\raw\garbage_v2\paper\paper_130.jpg
D:\HK7\Đồ án khóa luận\Data\raw\vn_trash\Paper\test_paper 699.jpg,vn_trash,Paper,paper,DUP_GROUP_0733,exact_md5_duplicate,D:\HK7\Đồ án khóa luận\Data\raw\garbage_v2\paper\paper_131.jpg
D:\HK7\Đồ án khóa luận\Data\raw\vn_trash\Paper\test_paper 870.jpg,vn_trash,Paper,paper,DUP_GROUP_0734,exact_md5_duplicate,D:\HK7\Đồ án khóa luận\Data\raw\garbage_v2\paper\paper_1317.jpg
D:\HK7\Đồ án khóa luận\Data\raw\vn_trash\Paper\test_paper 725.jpg,vn_trash,Paper,paper,DUP_GROUP_0735,exact_md5_duplicate,D:\HK7\Đồ án khóa luận\Data\raw\garbage_v2\paper\paper_1330.jpg
D:\HK7\Đồ án khóa luận\Data\raw\vn_trash\Paper\test_paper 782.jpg,vn_trash,Paper,paper,DUP_GROUP_0736,exact_md5_duplicate,D:\HK7\Đồ án khóa luận\Data\raw\garbage_v2\paper\paper_155.jpg
D:\HK7\Đồ án khóa luận\Data\raw\vn_trash\Paper\test_paper 445.jpg,vn_trash,Paper,paper,DUP_GROUP_0737,exact_md5_duplicate,D:\HK7\Đồ án khóa luận\Data\raw\garbage_v2\paper\paper_198.jpg
D:\HK7\Đồ án khóa luận\Data\raw\vn_trash\Paper\test_paper 496.jpg,vn_trash,Paper,paper,DUP_GROUP_0738,exact_md5_duplicate,D:\HK7\Đồ án khóa luận\Data\raw\garbage_v2\paper\paper_25.jpg
D:\HK7\Đồ án khóa luận\Data\raw\vn_trash\Paper\test_paper 792.jpg,vn_trash,Paper,paper,DUP_GROUP_0739,exact_md5_duplicate,D:\HK7\Đồ án khóa luận\Data\raw\garbage_v2\paper\paper_261.jpg
D:\HK7\Đồ án khóa luận\Data\raw\vn_trash\Paper\test_paper 600.jpg,vn_trash,Paper,paper,DUP_GROUP_0740,exact_md5_duplicate,D:\HK7\Đồ án khóa luận\Data\raw\garbage_v2\paper\paper_280.jpg
D:\HK7\Đồ án khóa luận\Data\raw\vn_trash\Carton\train_cardboard 211.jpg,vn_trash,Carton,cardboard,DUP_GROUP_0741,near_phash_duplicate,D:\HK7\Đồ án khóa luận\Data\raw\garbage_v2\paper\paper_305.jpg
D:\HK7\Đồ án khóa luận\Data\raw\vn_trash\Paper\test_paper 617.jpg,vn_trash,Paper,paper,DUP_GROUP_0742,exact_md5_duplicate,D:\HK7\Đồ án khóa luận\Data\raw\garbage_v2\paper\paper_307.jpg
D:\HK7\Đồ án khóa luận\Data\raw\vn_trash\Paper\test_paper 362.jpg,vn_trash,Paper,paper,DUP_GROUP_0743,exact_md5_duplicate,D:\HK7\Đồ án khóa luận\Data\raw\garbage_v2\paper\paper_316.jpg
D:\HK7\Đồ án khóa luận\Data\raw\vn_trash\Paper\test_paper 373.jpg,vn_trash,Paper,paper,DUP_GROUP_0744,exact_md5_duplicate,D:\HK7\Đồ án khóa luận\Data\raw\garbage_v2\paper\paper_355.jpg
D:\HK7\Đồ án khóa luận\Data\raw\vn_trash\Paper\test_paper 489.jpg,vn_trash,Paper,paper,DUP_GROUP_0745,exact_md5_duplicate,D:\HK7\Đồ án khóa luận\Data\raw\garbage_v2\paper\paper_361.jpg
D:\HK7\Đồ án khóa luận\Data\raw\vn_trash\Paper\test_paper 413.jpg,vn_trash,Paper,paper,DUP_GROUP_0746,exact_md5_duplicate,D:\HK7\Đồ án khóa luận\Data\raw\garbage_v2\paper\paper_420.jpg
D:\HK7\Đồ án khóa luận\Data\raw\vn_trash\Paper\test_paper 909.jpg,vn_trash,Paper,paper,DUP_GROUP_0747,exact_md5_duplicate,D:\HK7\Đồ án khóa luận\Data\raw\garbage_v2\paper\paper_426.jpg
D:\HK7\Đồ án khóa luận\Data\raw\vn_trash\Paper\test_paper 553.jpg,vn_trash,Paper,paper,DUP_GROUP_0748,exact_md5_duplicate,D:\HK7\Đồ án khóa luận\Data\raw\garbage_v2\paper\paper_438.jpg
D:\HK7\Đồ án khóa luận\Data\raw\vn_trash\Paper\test_paper 880.jpg,vn_trash,Paper,paper,DUP_GROUP_0749,exact_md5_duplicate,D:\HK7\Đồ án khóa luận\Data\raw\garbage_v2\paper\paper_454.jpg
D:\HK7\Đồ án khóa luận\Data\raw\vn_trash\Paper\test_paper 686.jpg,vn_trash,Paper,paper,DUP_GROUP_0750,exact_md5_duplicate,D:\HK7\Đồ án khóa luận\Data\raw\garbage_v2\paper\paper_468.jpg
D:\HK7\Đồ án khóa luận\Data\raw\vn_trash\Paper\test_paper 392.jpg,vn_trash,Paper,paper,DUP_GROUP_0751,exact_md5_duplicate,D:\HK7\Đồ án khóa luận\Data\raw\garbage_v2\paper\paper_509.jpg
D:\HK7\Đồ án khóa luận\Data\raw\vn_trash\Paper\test_paper 703.jpg,vn_trash,Paper,paper,DUP_GROUP_0752,exact_md5_duplicate,D:\HK7\Đồ án khóa luận\Data\raw\garbage_v2\paper\paper_514.jpg
D:\HK7\Đồ án khóa luận\Data\raw\vn_trash\Paper\test_paper 745.jpg,vn_trash,Paper,paper,DUP_GROUP_0753,exact_md5_duplicate,D:\HK7\Đồ án khóa luận\Data\raw\garbage_v2\paper\paper_53.jpg
D:\HK7\Đồ án khóa luận\Data\raw\vn_trash\Paper\test_paper 367.jpg,vn_trash,Paper,paper,DUP_GROUP_0754,exact_md5_duplicate,D:\HK7\Đồ án khóa luận\Data\raw\garbage_v2\paper\paper_543.jpg
D:\HK7\Đồ án khóa luận\Data\raw\vn_trash\Paper\test_paper 436.jpg,vn_trash,Paper,paper,DUP_GROUP_0755,exact_md5_duplicate,D:\HK7\Đồ án khóa luận\Data\raw\garbage_v2\paper\paper_566.jpg
D:\HK7\Đồ án khóa luận\Data\raw\vn_trash\Paper\test_paper 648.jpg,vn_trash,Paper,paper,DUP_GROUP_0756,exact_md5_duplicate,D:\HK7\Đồ án khóa luận\Data\raw\garbage_v2\paper\paper_650.jpg
D:\HK7\Đồ án khóa luận\Data\raw\vn_trash\Paper\test_paper 636.jpg,vn_trash,Paper,paper,DUP_GROUP_0757,exact_md5_duplicate,D:\HK7\Đồ án khóa luận\Data\raw\garbage_v2\paper\paper_680.jpg
D:\HK7\Đồ án khóa luận\Data\raw\vn_trash\Paper\test_paper 552.jpg,vn_trash,Paper,paper,DUP_GROUP_0758,exact_md5_duplicate,D:\HK7\Đồ án khóa luận\Data\raw\garbage_v2\paper\paper_694.jpg
D:\HK7\Đồ án khóa luận\Data\raw\vn_trash\Paper\test_paper 903.jpg,vn_trash,Paper,paper,DUP_GROUP_0759,exact_md5_duplicate,D:\HK7\Đồ án khóa luận\Data\raw\garbage_v2\paper\paper_714.jpg
D:\HK7\Đồ án khóa luận\Data\raw\vn_trash\Paper\test_paper 467.jpg,vn_trash,Paper,paper,DUP_GROUP_0760,exact_md5_duplicate,D:\HK7\Đồ án khóa luận\Data\raw\garbage_v2\paper\paper_728.jpg
D:\HK7\Đồ án khóa luận\Data\raw\vn_trash\Paper\test_paper 855.jpg,vn_trash,Paper,paper,DUP_GROUP_0761,exact_md5_duplicate,D:\HK7\Đồ án khóa luận\Data\raw\garbage_v2\paper\paper_743.jpg
D:\HK7\Đồ án khóa luận\Data\raw\vn_trash\Paper\test_paper 475.jpg,vn_trash,Paper,paper,DUP_GROUP_0762,exact_md5_duplicate,D:\HK7\Đồ án khóa luận\Data\raw\garbage_v2\paper\paper_75.jpg
D:\HK7\Đồ án khóa luận\Data\raw\vn_trash\Paper\test_paper 403.jpg,vn_trash,Paper,paper,DUP_GROUP_0763,exact_md5_duplicate,D:\HK7\Đồ án khóa luận\Data\raw\garbage_v2\paper\paper_756.jpg
D:\HK7\Đồ án khóa luận\Data\raw\vn_trash\Paper\test_paper 448.jpg,vn_trash,Paper,paper,DUP_GROUP_0764,exact_md5_duplicate,D:\HK7\Đồ án khóa luận\Data\raw\garbage_v2\paper\paper_795.jpg
D:\HK7\Đồ án khóa luận\Data\raw\vn_trash\Paper\test_paper 578.jpg,vn_trash,Paper,paper,DUP_GROUP_0765,exact_md5_duplicate,D:\HK7\Đồ án khóa luận\Data\raw\garbage_v2\paper\paper_798.jpg
D:\HK7\Đồ án khóa luận\Data\raw\vn_trash\Paper\test_paper 364.jpg,vn_trash,Paper,paper,DUP_GROUP_0766,exact_md5_duplicate,D:\HK7\Đồ án khóa luận\Data\raw\garbage_v2\paper\paper_799.jpg
D:\HK7\Đồ án khóa luận\Data\raw\vn_trash\Paper\test_paper 633.jpg,vn_trash,Paper,paper,DUP_GROUP_0767,exact_md5_duplicate,D:\HK7\Đồ án khóa luận\Data\raw\garbage_v2\paper\paper_827.jpg
D:\HK7\Đồ án khóa luận\Data\raw\vn_trash\Paper\test_paper 438.jpg,vn_trash,Paper,paper,DUP_GROUP_0768,exact_md5_duplicate,D:\HK7\Đồ án khóa luận\Data\raw\garbage_v2\paper\paper_834.jpg
D:\HK7\Đồ án khóa luận\Data\raw\vn_trash\Paper\test_paper 400.jpg,vn_trash,Paper,paper,DUP_GROUP_0769,exact_md5_duplicate,D:\HK7\Đồ án khóa luận\Data\raw\garbage_v2\paper\paper_847.jpg
D:\HK7\Đồ án khóa luận\Data\raw\vn_trash\Paper\test_paper 629.jpg,vn_trash,Paper,paper,DUP_GROUP_0770,exact_md5_duplicate,D:\HK7\Đồ án khóa luận\Data\raw\garbage_v2\paper\paper_853.jpg
D:\HK7\Đồ án khóa luận\Data\raw\vn_trash\Paper\test_paper 818.jpg,vn_trash,Paper,paper,DUP_GROUP_0771,exact_md5_duplicate,D:\HK7\Đồ án khóa luận\Data\raw\garbage_v2\paper\paper_878.jpg
D:\HK7\Đồ án khóa luận\Data\raw\vn_trash\Paper\test_paper 398.jpg,vn_trash,Paper,paper,DUP_GROUP_0772,exact_md5_duplicate,D:\HK7\Đồ án khóa luận\Data\raw\garbage_v2\paper\paper_903.jpg
D:\HK7\Đồ án khóa luận\Data\raw\vn_trash\Paper\test_paper 427.jpg,vn_trash,Paper,paper,DUP_GROUP_0773,exact_md5_duplicate,D:\HK7\Đồ án khóa luận\Data\raw\garbage_v2\paper\paper_932.jpg
D:\HK7\Đồ án khóa luận\Data\raw\vn_trash\Paper\test_paper 339.jpg,vn_trash,Paper,paper,DUP_GROUP_0774,exact_md5_duplicate,D:\HK7\Đồ án khóa luận\Data\raw\garbage_v2\paper\paper_951.jpg
D:\HK7\Đồ án khóa luận\Data\raw\vn_trash\Paper\test_paper 468.jpg,vn_trash,Paper,paper,DUP_GROUP_0775,exact_md5_duplicate,D:\HK7\Đồ án khóa luận\Data\raw\garbage_v2\paper\paper_980.jpg
D:\HK7\Đồ án khóa luận\Data\raw\vn_trash\Paper\test_paper 890.jpg,vn_trash,Paper,paper,DUP_GROUP_0776,exact_md5_duplicate,D:\HK7\Đồ án khóa luận\Data\raw\garbage_v2\paper\paper_990.jpg
D:\HK7\Đồ án khóa luận\Data\raw\vn_trash\PET\test_plastic_bottle 160.jpg,vn_trash,PET,plastic,DUP_GROUP_0777,near_phash_duplicate,D:\HK7\Đồ án khóa luận\Data\raw\garbage_v2\plastic\plastic_972.jpg
D:\HK7\Đồ án khóa luận\Data\raw\vn_trash\Alu\train_beverage_cans225.jpg,vn_trash,Alu,metal,DUP_GROUP_0778,near_phash_duplicate,D:\HK7\Đồ án khóa luận\Data\raw\vn_trash\Alu\test_beverage_cans 245.jpg
D:\HK7\Đồ án khóa luận\Data\raw\vn_trash\Alu\train_beverage_cans49.jpg,vn_trash,Alu,metal,DUP_GROUP_0779,near_phash_duplicate,D:\HK7\Đồ án khóa luận\Data\raw\vn_trash\Alu\test_beverage_cans 554.jpg
D:\HK7\Đồ án khóa luận\Data\raw\vn_trash\Alu\test_beverage_cans 636.jpg,vn_trash,Alu,metal,DUP_GROUP_0780,near_phash_duplicate,D:\HK7\Đồ án khóa luận\Data\raw\vn_trash\Alu\test_beverage_cans 584.jpg
D:\HK7\Đồ án khóa luận\Data\raw\vn_trash\Alu\train_beverage_cans618.jpg,vn_trash,Alu,metal,DUP_GROUP_0781,near_phash_duplicate,D:\HK7\Đồ án khóa luận\Data\raw\vn_trash\Alu\test_beverage_cans 586.jpg
D:\HK7\Đồ án khóa luận\Data\raw\vn_trash\Alu\train_beverage_cans721.jpg,vn_trash,Alu,metal,DUP_GROUP_0782,exact_md5_duplicate,D:\HK7\Đồ án khóa luận\Data\raw\vn_trash\Alu\test_beverage_cans 683.jpg
D:\HK7\Đồ án khóa luận\Data\raw\vn_trash\Alu\train_beverage_cans737.jpg,vn_trash,Alu,metal,DUP_GROUP_0783,near_phash_duplicate,D:\HK7\Đồ án khóa luận\Data\raw\vn_trash\Alu\train_beverage_cans276.jpg
D:\HK7\Đồ án khóa luận\Data\raw\vn_trash\Alu\train_beverage_cans293.jpg,vn_trash,Alu,metal,DUP_GROUP_0784,near_phash_duplicate,D:\HK7\Đồ án khóa luận\Data\raw\vn_trash\Alu\train_beverage_cans292.jpg
D:\HK7\Đồ án khóa luận\Data\raw\vn_trash\Alu\train_beverage_cans352.jpg,vn_trash,Alu,metal,DUP_GROUP_0785,near_phash_duplicate,D:\HK7\Đồ án khóa luận\Data\raw\vn_trash\Alu\train_beverage_cans313.jpg
D:\HK7\Đồ án khóa luận\Data\raw\vn_trash\Alu\train_beverage_cans63.jpg,vn_trash,Alu,metal,DUP_GROUP_0786,exact_md5_duplicate,D:\HK7\Đồ án khóa luận\Data\raw\vn_trash\Alu\train_beverage_cans528.jpg
D:\HK7\Đồ án khóa luận\Data\raw\vn_trash\Alu\train_beverage_cans593.jpg,vn_trash,Alu,metal,DUP_GROUP_0787,near_phash_duplicate,D:\HK7\Đồ án khóa luận\Data\raw\vn_trash\Alu\train_beverage_cans592.jpg
D:\HK7\Đồ án khóa luận\Data\raw\vn_trash\Alu\train_beverage_cans677.jpg,vn_trash,Alu,metal,DUP_GROUP_0788,near_phash_duplicate,D:\HK7\Đồ án khóa luận\Data\raw\vn_trash\Alu\train_beverage_cans665.jpg
D:\HK7\Đồ án khóa luận\Data\raw\vn_trash\Alu\train_beverage_cans691.jpg,vn_trash,Alu,metal,DUP_GROUP_0789,near_phash_duplicate,D:\HK7\Đồ án khóa luận\Data\raw\vn_trash\Alu\train_beverage_cans690.jpg
D:\HK7\Đồ án khóa luận\Data\raw\vn_trash\Alu\train_beverage_cans795.jpg,vn_trash,Alu,metal,DUP_GROUP_0790,near_phash_duplicate,D:\HK7\Đồ án khóa luận\Data\raw\vn_trash\Alu\train_beverage_cans794.jpg
D:\HK7\Đồ án khóa luận\Data\raw\vn_trash\Alu\train_beverage_cans91.jpg,vn_trash,Alu,metal,DUP_GROUP_0791,near_phash_duplicate,D:\HK7\Đồ án khóa luận\Data\raw\vn_trash\Alu\train_beverage_cans90.jpg
D:\HK7\Đồ án khóa luận\Data\raw\vn_trash\Carton\train_cardboard485.jpg,vn_trash,Carton,cardboard,DUP_GROUP_0792,exact_md5_duplicate,D:\HK7\Đồ án khóa luận\Data\raw\vn_trash\Carton\test_cardboard 1962.jpg
D:\HK7\Đồ án khóa luận\Data\raw\vn_trash\Carton\train_cardboard837.jpg,vn_trash,Carton,cardboard,DUP_GROUP_0793,exact_md5_duplicate,D:\HK7\Đồ án khóa luận\Data\raw\vn_trash\Carton\test_cardboard 2002.jpg
D:\HK7\Đồ án khóa luận\Data\raw\vn_trash\Carton\train_cardboard3.jpg,vn_trash,Carton,cardboard,DUP_GROUP_0794,exact_md5_duplicate,D:\HK7\Đồ án khóa luận\Data\raw\vn_trash\Carton\test_cardboard 2019.jpg
D:\HK7\Đồ án khóa luận\Data\raw\vn_trash\Carton\train_cardboard320.jpg,vn_trash,Carton,cardboard,DUP_GROUP_0795,exact_md5_duplicate,D:\HK7\Đồ án khóa luận\Data\raw\vn_trash\Carton\train_cardboard 2362.jpg
D:\HK7\Đồ án khóa luận\Data\raw\vn_trash\Carton\train_cardboard324.jpg,vn_trash,Carton,cardboard,DUP_GROUP_0796,exact_md5_duplicate,D:\HK7\Đồ án khóa luận\Data\raw\vn_trash\Carton\train_cardboard 2365.jpg
D:\HK7\Đồ án khóa luận\Data\raw\vn_trash\Carton\train_cardboard337.jpg,vn_trash,Carton,cardboard,DUP_GROUP_0797,exact_md5_duplicate,D:\HK7\Đồ án khóa luận\Data\raw\vn_trash\Carton\train_cardboard 2378.jpg
D:\HK7\Đồ án khóa luận\Data\raw\vn_trash\Carton\train_cardboard 2400.jpg,vn_trash,Carton,cardboard,DUP_GROUP_0798,exact_md5_duplicate,D:\HK7\Đồ án khóa luận\Data\raw\vn_trash\Carton\train_cardboard 2388.jpg
D:\HK7\Đồ án khóa luận\Data\raw\vn_trash\Carton\train_cardboard 2401.jpg,vn_trash,Carton,cardboard,DUP_GROUP_0799,exact_md5_duplicate,D:\HK7\Đồ án khóa luận\Data\raw\vn_trash\Carton\train_cardboard 2389.jpg
D:\HK7\Đồ án khóa luận\Data\raw\vn_trash\Carton\train_cardboard 2402.jpg,vn_trash,Carton,cardboard,DUP_GROUP_0800,exact_md5_duplicate,D:\HK7\Đồ án khóa luận\Data\raw\vn_trash\Carton\train_cardboard 2390.jpg
D:\HK7\Đồ án khóa luận\Data\raw\vn_trash\Carton\train_cardboard 2404.jpg,vn_trash,Carton,cardboard,DUP_GROUP_0801,exact_md5_duplicate,D:\HK7\Đồ án khóa luận\Data\raw\vn_trash\Carton\train_cardboard 2391.jpg
D:\HK7\Đồ án khóa luận\Data\raw\vn_trash\Carton\train_cardboard 2408.jpg,vn_trash,Carton,cardboard,DUP_GROUP_0802,exact_md5_duplicate,D:\HK7\Đồ án khóa luận\Data\raw\vn_trash\Carton\train_cardboard 2396.jpg
D:\HK7\Đồ án khóa luận\Data\raw\vn_trash\Carton\train_cardboard 2409.jpg,vn_trash,Carton,cardboard,DUP_GROUP_0803,exact_md5_duplicate,D:\HK7\Đồ án khóa luận\Data\raw\vn_trash\Carton\train_cardboard 2397.jpg
D:\HK7\Đồ án khóa luận\Data\raw\vn_trash\Carton\train_cardboard112.jpg,vn_trash,Carton,cardboard,DUP_GROUP_0804,exact_md5_duplicate,D:\HK7\Đồ án khóa luận\Data\raw\vn_trash\Carton\train_cardboard 2410.jpg
D:\HK7\Đồ án khóa luận\Data\raw\vn_trash\Carton\train_cardboard312.jpg,vn_trash,Carton,cardboard,DUP_GROUP_0805,exact_md5_duplicate,D:\HK7\Đồ án khóa luận\Data\raw\vn_trash\Carton\train_cardboard 43.jpg
D:\HK7\Đồ án khóa luận\Data\raw\vn_trash\Carton\train_cardboard832.jpg,vn_trash,Carton,cardboard,DUP_GROUP_0806,near_phash_duplicate,D:\HK7\Đồ án khóa luận\Data\raw\vn_trash\Carton\train_cardboard729.jpg
D:\HK7\Đồ án khóa luận\Data\raw\vn_trash\Foam_box\train_00000018.jpg,vn_trash,Foam_box,plastic,DUP_GROUP_0807,near_phash_duplicate,D:\HK7\Đồ án khóa luận\Data\raw\vn_trash\Foam_box\train_00000000.jpg
D:\HK7\Đồ án khóa luận\Data\raw\vn_trash\Foam_box\train_00000100.jpg,vn_trash,Foam_box,plastic,DUP_GROUP_0808,exact_md5_duplicate,D:\HK7\Đồ án khóa luận\Data\raw\vn_trash\Foam_box\train_00000081.jpg
D:\HK7\Đồ án khóa luận\Data\raw\vn_trash\Foam_box\train_00000089.jpg,vn_trash,Foam_box,plastic,DUP_GROUP_0809,near_phash_duplicate,D:\HK7\Đồ án khóa luận\Data\raw\vn_trash\Foam_box\train_00000087.jpg
D:\HK7\Đồ án khóa luận\Data\raw\vn_trash\Foam_box\train_00000099.jpg,vn_trash,Foam_box,plastic,DUP_GROUP_0810,exact_md5_duplicate,D:\HK7\Đồ án khóa luận\Data\raw\vn_trash\Foam_box\train_00000097.jpg
